"","Year","Peel","SSB","SSB_sd","Totbio","Totbio_sd","Rec","Rec_sd"
"1",1954,0,983.206,125.389,2536.85,152.344,2.03068,0.289828
"2",1955,0,992.755,118.511,2488.14,136.84,1.67722,0.221808
"3",1956,0,983.94,109.889,2431.96,121.263,1.33481,0.314197
"4",1957,0,959.738,100.444,2370.51,105.574,3.85765,0.634543
"5",1958,0,923.502,90.7716,2326.45,89.13,2.60008,0.218711
"6",1959,0,848.184,79.339,2282.62,72.3115,1.96107,0.143452
"7",1960,0,664.81,62.6661,2110.56,56.3758,1.83877,0.132277
"8",1961,0,373.562,46.5419,1679.02,40.2544,1.07611,0.10075
"9",1962,0,110.942,20.8366,1187.29,24.9586,2.05133,0.138804
"10",1963,0,113.844,9.60124,872.416,17.1625,1.05325,0.100887
"11",1964,0,130.479,8.94379,900.207,17.3975,0.960409,0.0947863
"12",1965,0,146.361,10.6532,869.719,17.4356,1.28726,0.1133
"13",1966,0,164.297,12.234,914.888,18.3562,1.37226,0.128042
"14",1967,0,164.899,11.5477,901.885,19.1049,2.90606,0.210229
"15",1968,0,163.127,10.36,831.799,19.5961,4.5303,0.279503
"16",1969,0,156.138,10.5832,875.454,22.1184,4.68803,0.289793
"17",1970,0,118.771,8.18797,863.922,25.082,6.19672,0.341476
"18",1971,0,92.9065,7.18483,953.394,30.0548,6.89334,0.360654
"19",1972,0,65.2368,7.2687,1054.76,36.1781,5.42198,0.307709
"20",1973,0,70.9703,7.61924,1350.92,44.4198,3.75451,0.242117
"21",1974,0,85.628,8.18518,1646.8,53.2557,5.04124,0.279176
"22",1975,0,138.707,11.1777,2045.47,64.3255,5.90777,0.300181
"23",1976,0,207.854,13.8093,2403.61,74.429,3.87535,0.230617
"24",1977,0,314.518,17.732,2762.35,84.0554,4.87078,0.263857
"25",1978,0,452.384,22.3897,3101.95,93.0709,3.18866,0.203592
"26",1979,0,598.613,27.569,3297.12,100.541,2.04125,0.15761
"27",1980,0,762.828,33.122,3509.47,107.164,3.96595,0.229087
"28",1981,0,917.815,38.4634,3699.59,112.708,2.97863,0.19418
"29",1982,0,1007.73,41.2295,3832.53,115.86,8.66761,0.384688
"30",1983,0,1136.27,45.2648,3806.4,116.474,1.60563,0.137524
"31",1984,0,1240.1,48.4835,4072.61,124.485,7.18288,0.335657
"32",1985,0,1307.56,51.7518,4096.1,128.345,2.48808,0.172341
"33",1986,0,1303.73,53.2881,3790.19,124.435,1.91265,0.146866
"34",1987,0,1307.43,55.3225,3771.37,128.08,2.6168,0.173111
"35",1988,0,1246.45,54.7981,3666.8,127.536,3.59439,0.208937
"36",1989,0,1222.42,55.7807,3753.52,133.886,3.60039,0.208488
"37",1990,0,1238.4,56.6648,3602.11,131.216,1.79928,0.13801
"38",1991,0,1334.21,59.4869,3730.13,134.89,2.02328,0.148716
"39",1992,0,1436.67,62.6695,3965.21,142.18,4.49198,0.246079
"40",1993,0,1492.12,64.9697,4039.59,145.578,2.67733,0.178643
"41",1994,0,1498.45,65.259,4087.32,147.069,2.25412,0.161552
"42",1995,0,1499.64,65.9456,3825.07,141.189,2.26038,0.161934
"43",1996,0,1418.78,63.5043,3719.15,138.595,5.55765,0.286572
"44",1997,0,1377.52,62.6793,3754.1,140.521,2.39729,0.166795
"45",1998,0,1294.9,60.5797,3429.78,133.039,1.98693,0.147716
"46",1999,0,1278.46,60.2193,3198.05,126.871,2.42631,0.163821
"47",2000,0,1257.9,59.5916,3241.81,127.012,3.39985,0.201224
"48",2001,0,1247.97,59.0179,3140.27,123.928,2.20477,0.154785
"49",2002,0,1242.11,58.5843,3175.14,123.96,2.97305,0.18898
"50",2003,0,1249.84,58.3282,3407.81,130.668,2.86234,0.187716
"51",2004,0,1286.43,59.1107,3644.53,137.854,4.41467,0.255297
"52",2005,0,1307.65,59.4476,3755.04,141.061,2.00088,0.157123
"53",2006,0,1339.03,60.5034,3736.18,141.065,2.26894,0.17764
"54",2007,0,1352.07,61.1611,3737.97,142.412,2.74312,0.21115
"55",2008,0,1325.44,60.8888,3575.6,139.144,2.5028,0.207941
"56",2009,0,1279.93,60.0118,3356.4,134.888,3.05334,0.250851
"57",2010,0,1251.07,59.3454,3388.92,137.852,4.29968,0.349227
"58",2011,0,1221.01,58.6369,3389.19,140.398,1.52145,0.189145
"59",2012,0,1196.72,58.6319,3330.66,142.384,0.74206,0.135725
"60",2013,0,1180.86,59.2682,3233.73,143.154,1.98602,0.283518
"61",2014,0,1128.57,59.0027,2970.77,137.443,2.09439,0.351939
"62",2015,0,1116.14,60.3692,2955.85,142.779,3.60501,0.68284
"63",2016,0,1112.98,61.9699,3084.58,154.626,5.40044,1.35901
"64",2017,0,1084.3,62.5832,3004.44,158.807,7.50169,2.81882
"65",2018,0,1082.04,64.5243,3106.79,175.634,2.52027,1.66706
"66",2019,0,1095.75,67.6063,3222.49,202.594,2.74602,1.93871
"67",2020,0,1082.02,69.7454,3270.11,231.527,2.77726,1.98075
"68",1954,1,983.784,125.371,2538.25,151.795,2.02736,0.289325
"69",1955,1,993.349,118.479,2489.64,136.257,1.67493,0.221447
"70",1956,1,984.544,109.841,2433.48,120.654,1.32915,0.313589
"71",1957,1,960.348,100.381,2371.93,104.973,3.82861,0.626317
"72",1958,1,924.116,90.6945,2327.54,88.6007,2.57483,0.216209
"73",1959,1,848.846,79.2434,2283.08,71.9193,1.94208,0.142041
"74",1960,1,665.735,62.5292,2110.07,56.1548,1.82004,0.131224
"75",1961,1,375.128,46.1559,1677.27,40.1679,1.06757,0.099987
"76",1962,1,111.061,20.8011,1183.95,24.9272,2.04195,0.1375
"77",1963,1,113.647,9.58035,867.978,17.1307,1.0776,0.103465
"78",1964,1,130.167,8.90707,895.128,17.4277,0.997563,0.0977888
"79",1965,1,145.693,10.5879,864.53,17.5168,1.30794,0.115684
"80",1966,1,163.174,12.1233,910.048,18.4529,1.35986,0.127309
"81",1967,1,163.099,11.4161,897.729,19.1812,2.90063,0.210058
"82",1968,1,160.456,10.2298,828.394,19.6191,4.5206,0.279109
"83",1969,1,153.044,10.4703,872.649,22.0607,4.68013,0.289459
"84",1970,1,117.19,7.94461,863.159,24.917,6.18648,0.340971
"85",1971,1,101.812,6.9005,953.169,29.8337,6.88173,0.360138
"86",1972,1,85.2516,7.1702,1057.03,36.0591,5.41386,0.307323
"87",1973,1,89.1226,8.06736,1351.68,44.3074,3.74959,0.241838
"88",1974,1,100.383,8.90171,1644.96,53.2332,5.03503,0.278881
"89",1975,1,154.637,12.0964,2046.24,64.4387,5.90028,0.299853
"90",1976,1,221.796,14.7561,2403.85,74.5231,3.87021,0.230337
"91",1977,1,326.364,18.623,2762.23,84.1324,4.86439,0.263546
"92",1978,1,462.256,23.1249,3101.44,93.1291,3.18533,0.203376
"93",1979,1,606.561,28.1459,3296.38,100.583,2.03909,0.157441
"94",1980,1,769.504,33.584,3508.71,107.197,3.9614,0.228841
"95",1981,1,923.135,38.8243,3698.54,112.725,2.97531,0.193976
"96",1982,1,1012.02,41.5096,3831.22,115.864,8.65799,0.384336
"97",1983,1,1139.82,45.4951,3805.3,116.484,1.60385,0.137376
"98",1984,1,1242.61,48.6569,4071.18,124.482,7.17466,0.335327
"99",1985,1,1309.19,51.8807,4094.55,128.333,2.48534,0.172159
"100",1986,1,1304.71,53.3811,3788.73,124.42,1.9106,0.14671
"101",1987,1,1307.89,55.3859,3769.76,128.055,2.61382,0.172919
"102",1988,1,1246.56,54.8419,3665.27,127.51,3.58997,0.208695
"103",1989,1,1222.21,55.8061,3751.87,133.852,3.59582,0.208237
"104",1990,1,1237.93,56.6767,3600.53,131.181,1.79692,0.137831
"105",1991,1,1333.45,59.4863,3728.51,134.851,2.02055,0.148523
"106",1992,1,1435.64,62.6579,3963.39,142.133,4.48604,0.245783
"107",1993,1,1490.92,64.9483,4037.71,145.527,2.6739,0.178426
"108",1994,1,1497.14,65.2308,4085.38,147.015,2.25122,0.161362
"109",1995,1,1498.24,65.9103,3823.31,141.136,2.2575,0.161737
"110",1996,1,1417.41,63.466,3717.41,138.542,5.55022,0.28623
"111",1997,1,1376.15,62.6375,3752.18,140.465,2.39423,0.166588
"112",1998,1,1293.54,60.5357,3428,132.986,1.98445,0.147533
"113",1999,1,1277.04,60.1723,3196.39,126.82,2.42326,0.163613
"114",2000,1,1256.45,59.5427,3240.05,126.96,3.39519,0.200945
"115",2001,1,1246.47,58.9671,3138.59,123.877,2.20175,0.154566
"116",2002,1,1240.58,58.532,3173.41,123.907,2.9689,0.188715
"117",2003,1,1248.26,58.2748,3405.89,130.609,2.85834,0.187451
"118",2004,1,1284.76,59.0556,3642.34,137.786,4.40794,0.25492
"119",2005,1,1305.93,59.3911,3752.75,140.988,1.99763,0.156863
"120",2006,1,1337.23,60.4444,3733.82,140.988,2.26479,0.177315
"121",2007,1,1350.23,61.1,3735.56,142.331,2.73773,0.210776
"122",2008,1,1323.62,60.826,3573.25,139.065,2.4976,0.207561
"123",2009,1,1278.15,59.9474,3354.15,134.811,3.04592,0.250323
"124",2010,1,1249.3,59.2795,3386.42,137.771,4.28658,0.348324
"125",2011,1,1219.24,58.5692,3386.5,140.314,1.51626,0.188542
"126",2012,1,1194.95,58.5614,3327.77,142.298,0.739693,0.135279
"127",2013,1,1179.05,59.1947,3230.63,143.067,1.97832,0.282602
"128",2014,1,1126.76,58.9274,2967.64,137.369,2.04082,0.358776
"129",2015,1,1114.26,60.2901,2952.29,142.707,3.58703,0.679951
"130",2016,1,1111.01,61.8877,3079.15,154.578,5.3757,1.35325
"131",2017,1,1082.26,62.5,2998.13,158.783,7.47783,2.80961
"132",2018,1,1079.85,64.4397,3099,175.625,2.51574,1.6639
"133",2019,1,1093.32,67.5186,3213.74,202.521,2.74164,1.93562
"134",1954,2,828.28,99.7955,2163.77,105.005,2.7885,0.421726
"135",1955,2,835.823,93.8167,2144.61,92.7222,2.11173,0.278847
"136",1956,2,827.626,86.3995,2129.61,82.3718,1.51985,0.278373
"137",1957,2,806.201,78.3045,2117.73,74.2815,4.37225,0.734319
"138",1958,2,774.724,70.0351,2128.06,66.6768,2.79444,0.336805
"139",1959,2,706.451,59.8546,2139.55,58.0173,2.02142,0.179096
"140",1960,2,528.438,42.9195,2019.78,48.3163,1.85999,0.14114
"141",1961,2,150.801,41.0522,1635.99,36.5696,1.07957,0.101796
"142",1962,2,85.6628,21.6465,1201.76,26.6788,2.0536,0.139358
"143",1963,2,70.5411,13.356,853.972,18.0721,1.05261,0.100813
"144",1964,2,83.4115,12.424,888.403,17.9145,0.95963,0.094694
"145",1965,2,98.104,12.7606,862.005,17.6229,1.28603,0.113165
"146",1966,2,120.913,14.234,909.378,18.5007,1.36987,0.127764
"147",1967,2,133.772,14.0406,898.593,19.1665,2.89891,0.209677
"148",1968,2,142.972,12.837,830.034,19.6057,4.51607,0.278693
"149",1969,2,143.373,12.8483,873.978,22.1015,4.6707,0.288939
"150",1970,2,112.203,8.98492,862.465,25.0428,6.17134,0.340489
"151",1971,2,89.7971,7.35067,951.375,30.0009,6.86271,0.359603
"152",1972,2,63.6363,7.21162,1051.81,36.1141,5.39625,0.306694
"153",1973,2,69.7943,7.5308,1346.62,44.352,3.73593,0.241204
"154",1974,2,84.6863,8.09466,1640.92,53.1871,5.01611,0.278231
"155",1975,2,137.618,11.0815,2037.49,64.2542,5.88046,0.299343
"156",1976,2,206.582,13.7198,2393.71,74.3679,3.85897,0.229959
"157",1977,2,312.857,17.6477,2750.51,84.0072,4.85014,0.263213
"158",1978,2,450.111,22.3135,3088.19,93.0375,3.17503,0.202978
"159",1979,2,595.542,27.5032,3281.64,100.52,2.03225,0.157049
"160",1980,2,758.805,33.0694,3492.45,107.159,3.94753,0.228392
"161",1981,2,912.798,38.4258,3681.24,112.719,2.9643,0.193511
"162",1982,2,1002.04,41.2047,3813.27,115.906,8.624,0.384047
"163",1983,2,1129.71,45.2531,3786.87,116.527,1.59774,0.136943
"164",1984,2,1232.75,48.4858,4051.31,124.573,7.1448,0.334927
"165",1985,2,1299.49,51.7637,4073.97,128.447,2.47487,0.171655
"166",1986,2,1295.22,53.3049,3768.49,124.536,1.90222,0.146228
"167",1987,2,1298.45,55.3434,3748.81,128.194,2.60139,0.1724
"168",1988,2,1237.44,54.8216,3644.06,127.655,3.57168,0.208163
"169",1989,2,1213.13,55.8072,3729.24,134.026,3.57602,0.207705
"170",1990,2,1228.86,56.7001,3578.11,131.357,1.78648,0.137273
"171",1991,2,1324.1,59.5371,3705.15,135.051,2.00777,0.147926
"172",1992,2,1425.9,62.735,3938.45,142.381,4.45432,0.245365
"173",1993,2,1480.88,65.0449,4011.52,145.82,2.65374,0.177833
"174",1994,2,1487.05,65.3415,4058.05,147.369,2.23293,0.160734
"175",1995,2,1488.01,66.033,3796.77,141.477,2.23831,0.16113
"176",1996,2,1407.44,63.5918,3690.37,138.941,5.49969,0.286617
"177",1997,2,1366.12,62.7722,3723.74,140.963,2.37123,0.166069
"178",1998,2,1283.62,60.6745,3400.31,133.498,1.96422,0.146978
"179",1999,2,1266.98,60.326,3169.53,127.335,2.39728,0.163259
"180",2000,2,1246.3,59.7113,3211.85,127.613,3.35703,0.201174
"181",2001,2,1236.12,59.1589,3110.31,124.576,2.17853,0.155835
"182",2002,2,1230,58.7491,3143.96,124.752,2.9565,0.19184
"183",2003,2,1237.29,58.5304,3373.24,131.72,2.85359,0.191441
"184",2004,2,1273.13,59.3657,3607.12,139.207,4.45332,0.263772
"185",2005,2,1293.71,59.7584,3716.79,142.664,1.97772,0.16069
"186",2006,2,1324.21,60.8811,3698.27,142.832,2.26724,0.184509
"187",2007,2,1336.45,61.6103,3701.35,144.352,2.82371,0.225375
"188",2008,2,1309.23,61.4102,3542.41,141.134,2.62089,0.227159
"189",2009,2,1263.37,60.6008,3324.67,136.904,3.06575,0.271216
"190",2010,2,1234.38,60.0016,3363.09,139.896,4.38533,0.388407
"191",2011,2,1204.57,59.3773,3367.46,142.529,1.49638,0.210306
"192",2012,2,1181.04,59.4731,3315.27,144.643,0.800061,0.164633
"193",2013,2,1166.52,60.2232,3224.51,145.473,2.06289,0.365478
"194",2014,2,1115.73,60.0335,2971.64,139.987,3.20961,0.637979
"195",2015,2,1105.11,61.4795,2971.74,145.98,4.82471,1.28842
"196",2016,2,1105.1,63.1376,3128.91,159.952,3.64571,1.81263
"197",2017,2,1079.89,63.7756,3044.96,164.709,2.52744,1.68023
"198",2018,2,1081.5,65.7541,3143.73,184.644,2.75968,1.95172
"199",1954,3,826.812,99.7043,2159.87,104.995,2.78693,0.420058
"200",1955,3,834.335,93.7421,2141.2,92.7064,2.11134,0.277167
"201",1956,3,826.145,86.3428,2126.68,82.3156,1.51627,0.27824
"202",1957,3,804.75,78.2653,2115.23,74.1638,4.34861,0.728648
"203",1958,3,773.325,70.0114,2125.83,66.515,2.76788,0.330869
"204",1959,3,705.178,59.8402,2137.34,57.8632,1.99889,0.17497
"205",1960,3,527.535,42.885,2017.27,48.223,1.83807,0.138881
"206",1961,3,150.617,40.9227,1632.89,36.5376,1.06966,0.100761
"207",1962,3,85.6569,21.6462,1197.78,26.6003,2.04022,0.137637
"208",1963,3,70.326,13.3509,848.928,18.0321,1.07485,0.103153
"209",1964,3,82.9578,12.4022,882.688,17.9224,0.994734,0.0974613
"210",1965,3,97.2817,12.702,856.138,17.6747,1.3026,0.115081
"211",1966,3,119.647,14.1277,903.827,18.5578,1.35127,0.126343
"212",1967,3,131.888,13.8764,893.626,19.1904,2.87629,0.208203
"213",1968,3,140.269,12.6203,825.567,19.5582,4.47713,0.276639
"214",1969,3,140.312,12.6032,869.604,21.9525,4.63107,0.286917
"215",1970,3,110.758,8.62678,859.263,24.7596,6.11715,0.338192
"216",1971,3,98.5017,7.03002,947.395,29.6398,6.80081,0.357314
"217",1972,3,83.1085,7.09434,1048.47,35.8393,5.34741,0.304656
"218",1973,3,87.3938,7.92302,1339.58,44.085,3.70182,0.23945
"219",1974,3,98.7767,8.73996,1628.85,53.0222,4.97148,0.276456
"220",1975,3,152.477,11.9149,2025.03,64.2418,5.83061,0.29767
"221",1976,3,218.892,14.5726,2377.93,74.3645,3.82815,0.228613
"222",1977,3,322.184,18.4339,2731.67,84.0227,4.81084,0.261798
"223",1978,3,456.251,22.9379,3066.37,93.0765,3.14969,0.20173
"224",1979,3,598.295,27.972,3257.44,100.584,2.01606,0.155982
"225",1980,3,758.649,33.4363,3466.32,107.259,3.91262,0.226957
"226",1981,3,909.665,38.7114,3653.24,112.849,2.93607,0.192089
"227",1982,3,996.879,41.4309,3783.87,116.092,8.53611,0.382291
"228",1983,3,1122.5,45.4492,3757.49,116.738,1.58221,0.135754
"229",1984,3,1223.39,48.6485,4019.04,124.842,7.06941,0.333229
"230",1985,3,1288.23,51.8982,4040.48,128.741,2.44879,0.170253
"231",1986,3,1282.81,53.4147,3735.79,124.835,1.88266,0.145016
"232",1987,3,1284.93,55.4346,3714.49,128.512,2.5732,0.1711
"233",1988,3,1223.62,54.9021,3609.56,127.999,3.53057,0.206797
"234",1989,3,1198.63,55.8797,3692.16,134.428,3.53303,0.206407
"235",1990,3,1213.69,56.7747,3541.53,131.77,1.76425,0.13604
"236",1991,3,1307.62,59.6212,3667.1,135.517,1.98121,0.146647
"237",1992,3,1407.97,62.8306,3897.34,142.936,4.39238,0.244541
"238",1993,3,1461.88,65.1474,3968.57,146.484,2.61791,0.176928
"239",1994,3,1467.59,65.4525,4013.65,148.184,2.2034,0.159961
"240",1995,3,1468.01,66.1518,3754.12,142.282,2.2091,0.16058
"241",1996,3,1387.96,63.7166,3647.55,139.898,5.42652,0.28879
"242",1997,3,1346.53,62.914,3679.1,142.149,2.34034,0.166095
"243",1998,3,1264.34,60.8315,3357.49,134.743,1.93861,0.14698
"244",1999,3,1247.44,60.5134,3128.45,128.597,2.36692,0.164007
"245",2000,3,1226.65,59.9301,3170.16,129.196,3.35258,0.20676
"246",2001,3,1216.23,59.4298,3069.27,126.285,2.14321,0.158448
"247",2002,3,1209.88,59.0771,3103,126.809,2.96082,0.199001
"248",2003,3,1216.83,58.9504,3330.33,134.419,2.88517,0.200756
"249",2004,3,1251.99,59.914,3563.99,142.668,4.59996,0.283973
"250",2005,3,1272.15,60.4446,3677.29,146.813,2.01672,0.17196
"251",2006,3,1302.06,61.7321,3663.46,147.474,2.44877,0.208088
"252",2007,3,1313.98,62.6377,3674.81,149.579,3.14025,0.262533
"253",2008,3,1287.02,62.6205,3525.35,146.615,2.84576,0.266393
"254",2009,3,1241.93,61.9858,3313.54,142.616,3.32898,0.32778
"255",2010,3,1214.13,61.5701,3374.22,146.359,4.51673,0.453936
"256",2011,3,1186.4,61.1917,3393.18,149.737,1.49001,0.252297
"257",2012,3,1166.3,61.5962,3361.95,152.751,0.744891,0.217222
"258",2013,3,1157.14,62.7203,3294.15,154.575,2.83306,0.635754
"259",2014,3,1111.9,62.8176,3060.69,149.91,5.25362,1.44422
"260",2015,3,1110.09,64.6839,3084.11,157.668,4.58718,2.18859
"261",2016,3,1121.71,66.7803,3318.38,180.892,2.89488,1.97373
"262",2017,3,1107.54,67.7871,3254.05,192.071,2.78958,1.97401
"263",1954,4,990.047,126.19,2554.2,153.509,2.02966,0.28893
"264",1955,4,999.704,119.256,2504.02,137.838,1.66762,0.224409
"265",1956,4,990.884,110.567,2446.17,122.053,1.30517,0.320992
"266",1957,4,966.583,101.052,2382.7,106.111,3.79954,0.613772
"267",1958,4,930.162,91.3132,2336.14,89.4243,2.57899,0.214525
"268",1959,4,854.52,79.8201,2289.38,72.4326,1.9467,0.142324
"269",1960,4,670.588,63.0954,2114.11,56.4047,1.82377,0.131526
"270",1961,4,378.563,46.6648,1679.32,40.2383,1.06837,0.100065
"271",1962,4,112.07,21.0364,1184.49,24.9184,2.04033,0.137146
"272",1963,4,113.746,9.63479,868.044,17.0971,1.07373,0.102999
"273",1964,4,129.887,8.96349,895.171,17.3739,0.991714,0.0972355
"274",1965,4,145.276,10.6718,864.194,17.4337,1.29501,0.114146
"275",1966,4,162.72,12.1837,909.1,18.3317,1.33828,0.124797
"276",1967,4,162.787,11.4336,895.845,18.9954,2.84307,0.20482
"277",1968,4,160.339,10.2263,825.026,19.3231,4.4202,0.271424
"278",1969,4,152.978,10.4307,866.824,21.6197,4.56556,0.281066
"279",1970,4,116.886,7.88814,853.458,24.2422,6.02438,0.330613
"280",1971,4,101.104,6.79744,937.845,28.8691,6.69221,0.348672
"281",1972,4,84.0444,7.04149,1033.99,34.7143,5.25599,0.297221
"282",1973,4,87.3783,7.88736,1319.05,42.5582,3.63436,0.233718
"283",1974,4,97.8604,8.65838,1601.17,51.0323,4.87641,0.26901
"284",1975,4,150.361,11.7394,1988.63,61.69,5.71389,0.288983
"285",1976,4,215.292,14.289,2332.52,71.2406,3.74794,0.222325
"286",1977,4,316.495,18.0008,2676.95,80.3248,4.706,0.253933
"287",1978,4,447.785,22.2986,3002.16,88.8064,3.07902,0.195992
"288",1979,4,586.383,27.0831,3184.29,95.7887,1.96873,0.151697
"289",1980,4,742.881,32.2723,3384.57,101.977,3.81827,0.219699
"290",1981,4,890,37.2762,3563.49,107.132,2.86232,0.18601
"291",1982,4,974.556,39.8153,3686.98,110.004,8.31619,0.366744
"292",1983,4,1096.54,43.5837,3657.93,110.535,1.54029,0.131643
"293",1984,4,1193.85,46.5436,3908.47,118.011,6.88019,0.319718
"294",1985,4,1254.77,49.5369,3923.82,121.573,2.37945,0.164363
"295",1986,4,1246.4,50.8702,3620.39,117.739,1.82595,0.13994
"296",1987,4,1245.39,52.7008,3593.6,121.064,2.49235,0.164585
"297",1988,4,1182.82,52.1077,3485.8,120.413,3.41298,0.198151
"298",1989,4,1155.51,52.9532,3558.51,126.243,3.40538,0.197271
"299",1990,4,1168.66,53.7416,3408.19,123.645,1.69492,0.130104
"300",1991,4,1259.26,56.3781,3526.81,127.066,1.89653,0.139757
"301",1992,4,1355.78,59.3407,3746.09,133.925,4.18493,0.23155
"302",1993,4,1406.69,61.4764,3808.36,137.117,2.48284,0.167287
"303",1994,4,1411.07,61.7097,3844.93,138.596,2.08144,0.15087
"304",1995,4,1409.66,62.3112,3589.98,132.997,2.07743,0.151004
"305",1996,4,1330.5,59.9659,3479.2,130.671,5.081,0.270983
"306",1997,4,1288.12,59.1429,3500.62,132.722,2.18202,0.155274
"307",1998,4,1206.04,57.1147,3183.4,125.709,1.80002,0.137001
"308",1999,4,1187.75,56.7857,2959.6,119.947,2.22884,0.155918
"309",2000,4,1165.87,56.2198,2991.49,120.529,3.1128,0.195284
"310",2001,4,1153.63,55.7271,2889.61,117.813,1.98588,0.149762
"311",2002,4,1145.33,55.38,2914.03,118.349,2.75069,0.189236
"312",2003,4,1149.11,55.2415,3118.26,125.539,2.66433,0.190867
"313",2004,4,1179.32,56.1366,3328.58,133.377,4.30846,0.275101
"314",2005,4,1194.97,56.6313,3426.75,137.358,1.95065,0.172537
"315",2006,4,1219.19,57.8414,3406.36,138.075,2.39063,0.214547
"316",2007,4,1225.83,58.7029,3410.28,140.134,3.0159,0.272592
"317",2008,4,1194.61,58.702,3264.02,137.442,2.74745,0.280605
"318",2009,4,1146.7,58.1332,3055.22,133.803,2.97705,0.329244
"319",2010,4,1116.29,57.7771,3106.38,137.635,3.46482,0.416103
"320",2011,4,1085.6,57.4701,3113.24,141.119,1.12008,0.258082
"321",2012,4,1061.97,57.9053,3078.58,144.627,0.681455,0.254731
"322",2013,4,1049.49,59.0417,3003.8,146.976,1.96725,0.752302
"323",2014,4,1003.84,59.2548,2765.23,142.384,2.51839,1.35109
"324",2015,4,1001.1,61.2575,2754.38,149.477,2.34897,1.55588
"325",2016,4,1011.58,63.624,2873.85,168.499,2.55387,1.79899
"326",1954,5,994.331,126.591,2565.23,154.037,2.02543,0.289287
"327",1955,5,1004.04,119.617,2513.6,138.244,1.66356,0.225239
"328",1956,5,995.197,110.882,2454.2,122.359,1.29703,0.321216
"329",1957,5,970.806,101.322,2389.12,106.335,3.8005,0.609781
"330",1958,5,934.24,91.539,2340.94,89.5883,2.58551,0.215443
"331",1959,5,858.296,80.0097,2292.61,72.5534,1.94837,0.142505
"332",1960,5,673.55,63.2574,2115.87,56.4849,1.8219,0.131329
"333",1961,5,379.815,46.8203,1679.82,40.27,1.06409,0.09957
"334",1962,5,111.861,21.1566,1184.12,24.8688,2.0287,0.135783
"335",1963,5,113.547,9.65473,867.196,16.9947,1.07808,0.103386
"336",1964,5,129.527,8.98006,893.82,17.2473,1.00418,0.0974757
"337",1965,5,144.797,10.6994,862.355,17.2753,1.32491,0.114875
"338",1966,5,162.168,12.1738,906.988,18.1417,1.34174,0.125465
"339",1967,5,162.195,11.379,893.652,18.758,2.8417,0.201465
"340",1968,5,159.739,10.1514,822.796,18.998,4.35832,0.265315
"341",1969,5,152.264,10.3534,864.257,21.1797,4.50419,0.275425
"342",1970,5,115.629,7.75024,849.698,23.6063,5.93211,0.323039
"343",1971,5,100.225,6.6293,931.674,27.9943,6.57941,0.3399
"344",1972,5,84.0571,6.65264,1024.73,33.48,5.16086,0.289758
"345",1973,5,85.1529,7.60405,1304.15,40.9775,3.56511,0.227988
"346",1974,5,88.0976,8.85927,1573.04,48.9386,4.77947,0.261669
"347",1975,5,134.11,11.6725,1947.66,58.9332,5.59629,0.280511
"348",1976,5,193.849,13.6844,2282.99,67.958,3.66763,0.216166
"349",1977,5,289.976,16.9199,2618.4,76.5255,4.60028,0.246253
"350",1978,5,417.471,20.8918,2934.35,84.4992,3.00788,0.190355
"351",1979,5,553.842,25.4419,3108.03,91.0154,1.92264,0.147539
"352",1980,5,708.035,30.4518,3300.17,96.7765,3.7276,0.212749
"353",1981,5,852.902,35.2781,3471.48,101.55,2.79067,0.180155
"354",1982,5,936.632,37.7294,3588.91,104.11,8.0942,0.351812
"355",1983,5,1056.03,41.3068,3556.93,104.542,1.49709,0.127478
"356",1984,5,1150.68,44.0792,3796.55,111.442,6.67781,0.30647
"357",1985,5,1209.31,46.8768,3806.36,114.704,2.30611,0.158403
"358",1986,5,1200.19,48.0903,3504.56,110.948,1.76592,0.13476
"359",1987,5,1197.85,49.7853,3473.16,113.955,2.4064,0.158007
"360",1988,5,1135.48,49.1707,3363.06,113.208,3.28947,0.189609
"361",1989,5,1107.03,49.924,3426.02,118.528,3.27352,0.188365
"362",1990,5,1119.06,50.6425,3276.22,116.018,1.62532,0.124308
"363",1991,5,1206.86,53.1107,3388.15,119.178,1.81283,0.133136
"364",1992,5,1299.96,55.8704,3596.34,125.564,3.98183,0.219463
"365",1993,5,1348.16,57.8622,3649.88,128.484,2.35375,0.158352
"366",1994,5,1351.34,58.0539,3678.56,129.827,1.96659,0.142524
"367",1995,5,1348.22,58.5879,3428.24,124.532,1.95495,0.142334
"368",1996,5,1270.18,56.3485,3314,122.323,4.75392,0.255331
"369",1997,5,1226.97,55.5291,3326.14,124.26,2.02942,0.145381
"370",1998,5,1145.18,53.5734,3013.89,117.638,1.68906,0.130535
"371",1999,5,1125.61,53.2544,2795.23,112.233,2.04613,0.146915
"372",2000,5,1102.87,52.7228,2818.52,112.871,2.88296,0.185994
"373",2001,5,1089.13,52.2598,2716.25,110.359,1.86405,0.144183
"374",2002,5,1079.25,51.9418,2733.13,110.987,2.60354,0.184514
"375",2003,5,1080.41,51.8268,2916.51,117.915,2.50929,0.186929
"376",2004,5,1106.26,52.7012,3106.74,125.5,4.18567,0.281181
"377",2005,5,1117.96,53.2069,3195.24,129.458,1.9615,0.183765
"378",2006,5,1137,54.3938,3172.41,130.361,2.38137,0.228896
"379",2007,5,1138.67,55.2575,3174.48,132.596,2.98995,0.290302
"380",2008,5,1103.54,55.3226,3034.15,130.35,2.56171,0.29345
"381",2009,5,1053.03,54.859,2830.72,127.118,2.60427,0.33963
"382",2010,5,1020.95,54.6078,2882.38,131.537,3.0174,0.461901
"383",2011,5,989.365,54.4416,2891.69,135.792,1.38268,0.389016
"384",2012,5,965.49,55.0043,2865.84,140.509,1.13075,0.510463
"385",2013,5,954.185,56.2951,2799.92,144.17,2.42074,1.31631
"386",2014,5,911.512,56.7812,2571.96,140.435,2.34131,1.56072
"387",2015,5,911.714,59.199,2560.48,148.873,2.52815,1.78529
"388",1954,6,992.621,126.481,2560.82,154.035,2.02871,0.289118
"389",1955,6,1002.32,119.527,2509.89,138.29,1.66669,0.22474
"390",1956,6,993.494,110.813,2451.24,122.438,1.30286,0.323269
"391",1957,6,969.153,101.274,2386.94,106.423,3.79499,0.613609
"392",1958,6,932.66,91.5105,2339.52,89.6587,2.57946,0.214019
"393",1959,6,856.884,79.9963,2291.88,72.5893,1.94824,0.142321
"394",1960,6,672.649,63.2577,2115.76,56.4916,1.82445,0.13154
"395",1961,6,380.06,46.7917,1680.19,40.2697,1.06722,0.099922
"396",1962,6,112.303,21.1091,1184.71,24.9144,2.03556,0.136547
"397",1963,6,113.762,9.65611,868,17.0706,1.06983,0.102465
"398",1964,6,129.871,8.97226,894.945,17.3276,0.98574,0.0964556
"399",1965,6,145.257,10.6814,863.621,17.3578,1.2816,0.112504
"400",1966,6,162.701,12.1856,907.994,18.2145,1.315,0.121954
"401",1967,6,162.766,11.4168,893.899,18.8106,2.77975,0.198746
"402",1968,6,160.277,10.1963,821.622,19.0204,4.30361,0.262102
"403",1969,6,152.814,10.4098,860.884,21.1521,4.4298,0.270908
"404",1970,6,116.487,7.83568,843.365,23.5012,5.83049,0.317656
"405",1971,6,100.39,6.69852,921.559,27.7767,6.46353,0.334129
"406",1972,6,82.9899,6.89367,1009.06,33.1551,5.06743,0.284621
"407",1973,6,85.8337,7.69597,1283.33,40.4875,3.50027,0.223898
"408",1974,6,95.495,8.40438,1552.89,48.3817,4.69482,0.25711
"409",1975,6,146.153,11.3537,1925.05,58.3408,5.50061,0.27582
"410",1976,6,208.577,13.7703,2253.7,67.2032,3.60541,0.212566
"411",1977,6,305.921,17.2858,2582.72,75.6068,4.52094,0.242098
"412",1978,6,431.858,21.317,2892.55,83.4187,2.95619,0.187115
"413",1979,6,563.797,25.7832,3060.83,89.7892,1.88876,0.144956
"414",1980,6,712.716,30.6297,3248.21,95.4258,3.65902,0.208888
"415",1981,6,852.167,35.2997,3415.55,100.095,2.73704,0.176773
"416",1982,6,931.629,37.6231,3529.3,102.593,7.93323,0.345343
"417",1983,6,1046.92,41.0877,3497.13,103.01,1.46704,0.124966
"418",1984,6,1138.02,43.7667,3731.24,109.801,6.54115,0.300792
"419",1985,6,1192.68,46.4482,3738.24,112.991,2.25817,0.155257
"420",1986,6,1180.22,47.5537,3437.85,109.252,1.72829,0.132022
"421",1987,6,1174.8,49.1441,3403.14,112.16,2.35285,0.154778
"422",1988,6,1111.15,48.4815,3292.44,111.398,3.21224,0.18574
"423",1989,6,1080.86,49.169,3350.34,116.608,3.19166,0.184449
"424",1990,6,1091.3,49.8471,3201.48,114.129,1.58217,0.121382
"425",1991,6,1176.46,52.2568,3310.25,117.261,1.76143,0.129947
"426",1992,6,1266.69,54.9539,3512.48,123.598,3.86116,0.215192
"427",1993,6,1312.78,56.8981,3562.06,126.546,2.27852,0.154735
"428",1994,6,1315.07,57.0789,3587.33,127.999,1.90063,0.139113
"429",1995,6,1310.9,57.5911,3340.39,122.782,1.88649,0.13898
"430",1996,6,1233.74,55.3824,3225.25,120.755,4.58164,0.252428
"431",1997,6,1190.31,54.5755,3233.05,122.873,1.96175,0.144326
"432",1998,6,1109.09,52.6522,2924.39,116.418,1.64862,0.13069
"433",1999,6,1088.94,52.3659,2709.15,111.135,1.98463,0.147293
"434",2000,6,1065.84,51.8761,2729.51,112.062,2.78361,0.187855
"435",2001,6,1051.43,51.4754,2628.17,109.724,1.81621,0.147025
"436",2002,6,1040.83,51.2223,2643.06,110.661,2.54545,0.19143
"437",2003,6,1040.8,51.2023,2819.25,118.049,2.5149,0.200338
"438",2004,6,1064.64,52.1862,3004.64,126.217,4.35075,0.31908
"439",2005,6,1074.81,52.8127,3096.31,130.893,2.14643,0.215275
"440",2006,6,1091.97,54.1294,3077.56,132.407,2.42697,0.258318
"441",2007,6,1092.24,55.1382,3087.66,135.568,3.11672,0.339479
"442",2008,6,1056.65,55.3753,2957.36,134.094,2.6029,0.348377
"443",2009,6,1006.58,55.0904,2762.79,131.529,2.86426,0.460443
"444",2010,6,975.357,55.0344,2835.14,138.388,3.14995,0.65998
"445",2011,6,945.899,55.1693,2858.39,144.746,1.2253,0.558631
"446",2012,6,926.078,56.1897,2855.04,152.345,1.71904,0.99238
"447",2013,6,921.358,58.1725,2807.45,158.722,2.34852,1.57597
"448",2014,6,885.585,59.3868,2584.26,155.593,2.52739,1.78974
"449",1954,7,994.047,126.652,2564.5,154.371,2.02779,0.289329
"450",1955,7,1003.77,119.688,2513.17,138.593,1.66655,0.224819
"451",1956,7,994.942,110.962,2454.09,122.71,1.30247,0.325412
"452",1957,7,970.581,101.409,2389.35,106.659,3.7906,0.614944
"453",1958,7,934.052,91.6333,2341.46,89.8454,2.578,0.213524
"454",1959,7,858.212,80.1086,2293.33,72.7178,1.94846,0.142217
"455",1960,7,673.832,63.3659,2116.71,56.562,1.82425,0.131489
"456",1961,7,380.967,46.8903,1680.66,40.2925,1.06597,0.0997827
"457",1962,7,112.433,21.1479,1184.76,24.9127,2.03175,0.136095
"458",1963,7,113.779,9.67297,867.875,17.0553,1.06704,0.102086
"459",1964,7,129.878,8.97774,894.69,17.2964,0.98163,0.095887
"460",1965,7,145.261,10.6873,863.145,17.3048,1.27243,0.111381
"461",1966,7,162.695,12.1899,907.169,18.1333,1.29885,0.119964
"462",1967,7,162.746,11.4079,892.527,18.6834,2.73617,0.194455
"463",1968,7,160.207,10.176,819.276,18.8117,4.22273,0.255415
"464",1969,7,152.664,10.4004,856.815,20.8262,4.33516,0.263604
"465",1970,7,116.194,7.80038,836.464,22.9759,5.69526,0.308235
"466",1971,7,99.9003,6.63129,910.408,26.9884,6.30412,0.323523
"467",1972,7,82.298,6.788,991.977,32.0108,4.93614,0.275498
"468",1973,7,84.8164,7.56188,1258.82,38.9482,3.40773,0.216883
"469",1974,7,93.9157,8.22796,1519.73,46.3912,4.57005,0.248568
"470",1975,7,143.312,11.0824,1881.41,55.8056,5.35589,0.266414
"471",1976,7,204.004,13.3995,2199.67,64.1307,3.50935,0.205718
"472",1977,7,298.671,16.7655,2518.21,72.0013,4.39661,0.233743
"473",1978,7,420.896,20.5897,2817.62,79.2887,2.87275,0.180891
"474",1979,7,548.22,24.8048,2976.56,85.1806,1.83344,0.140222
"475",1980,7,691.881,29.3782,3155.3,90.3864,3.54853,0.201155
"476",1981,7,826.018,33.7799,3314.93,94.6785,2.65108,0.170227
"477",1982,7,901.973,35.9281,3422.29,96.8796,7.67469,0.329625
"478",1983,7,1012.68,39.1499,3388.14,97.2089,1.41881,0.120428
"479",1984,7,1099.59,41.6047,3611.31,103.462,6.31973,0.28712
"480",1985,7,1150.04,44.0435,3612.79,106.368,2.17921,0.149003
"481",1986,7,1134.84,44.9784,3314.54,102.708,1.66455,0.126617
"482",1987,7,1126.46,46.3899,3274.48,105.3,2.26153,0.14797
"483",1988,7,1062.19,45.6772,3162.19,104.445,3.07983,0.176936
"484",1989,7,1030,46.242,3210.81,109.141,3.04972,0.175276
"485",1990,7,1038.67,46.8317,3063.25,106.741,1.50675,0.115289
"486",1991,7,1120.21,49.0596,3165.78,109.627,1.6701,0.123002
"487",1992,7,1206.34,51.5416,3357.05,115.514,3.64025,0.20298
"488",1993,7,1249.37,53.3293,3398.5,118.221,2.13687,0.145516
"489",1994,7,1250.49,53.459,3416.28,119.585,1.77453,0.130489
"490",1995,7,1244.74,53.8916,3174.97,114.66,1.75397,0.130122
"491",1996,7,1169.11,51.7803,3057.1,112.782,4.2776,0.240396
"492",1997,7,1125.15,50.9727,3056.14,114.836,1.83162,0.137534
"493",1998,7,1044.62,49.1219,2753.09,108.776,1.52696,0.124125
"494",1999,7,1023.22,48.8556,2543.49,103.866,1.85313,0.141315
"495",2000,7,999.222,48.4123,2556.35,104.893,2.52853,0.178267
"496",2001,7,983.207,48.0629,2455.06,102.803,1.65586,0.140991
"497",2002,7,970.944,47.8577,2463.04,103.864,2.39545,0.190853
"498",2003,7,968.244,47.8886,2620.55,111.115,2.35126,0.203026
"499",2004,7,987.857,48.8803,2788.47,119.285,4.33479,0.345144
"500",2005,7,994.629,49.5431,2871.09,124.328,2.07381,0.227453
"501",2006,7,1007.37,50.866,2850.07,126.367,2.39544,0.281605
"502",2007,7,1003.7,51.9129,2859.47,130.36,3.10294,0.384946
"503",2008,7,965.2,52.2504,2740.61,130.06,2.99257,0.470266
"504",2009,7,913.048,52.0951,2555.8,128.458,3.51597,0.703724
"505",2010,7,880.091,52.1807,2645.5,138.233,2.70939,0.95581
"506",2011,7,849.552,52.5819,2679.24,146.945,1.89503,1.09693
"507",2012,7,829.6,54.0454,2705.32,158.531,2.3288,1.56722
"508",2013,7,826.477,56.736,2688.1,169.295,2.50065,1.77366
"509",1954,8,993.761,126.583,2563.84,154.158,2.02619,0.289647
"510",1955,8,1003.48,119.618,2512.51,138.37,1.66859,0.223797
"511",1956,8,994.66,110.892,2453.46,122.5,1.30951,0.324766
"512",1957,8,970.307,101.34,2388.79,106.487,3.79702,0.619545
"513",1958,8,933.794,91.5644,2341.03,89.7255,2.57674,0.213691
"514",1959,8,857.994,80.0381,2293.08,72.6495,1.94822,0.14214
"515",1960,8,673.711,63.2872,2116.62,56.5356,1.82392,0.131452
"516",1961,8,381.003,46.7903,1680.68,40.2902,1.06531,0.099716
"517",1962,8,112.285,21.1161,1184.81,24.9189,2.03048,0.135977
"518",1963,8,113.761,9.67023,867.916,17.0591,1.06668,0.10202
"519",1964,8,129.989,8.96375,894.659,17.2969,0.980759,0.0957003
"520",1965,8,145.427,10.6635,863.067,17.3005,1.27012,0.111105
"521",1966,8,162.88,12.1712,907.011,18.1211,1.2943,0.119427
"522",1967,8,162.885,11.3933,892.238,18.6594,2.72373,0.193365
"523",1968,8,160.249,10.1607,818.723,18.7679,4.19734,0.253708
"524",1969,8,152.624,10.4098,855.767,20.7547,4.30432,0.261777
"525",1970,8,116.112,7.79569,834.574,22.8624,5.65041,0.305973
"526",1971,8,99.7881,6.61722,907.214,26.8292,6.25024,0.321035
"527",1972,8,82.18,6.75871,986.905,31.7997,4.89147,0.273259
"528",1973,8,84.6274,7.53002,1251.36,38.6907,3.3762,0.215044
"529",1974,8,93.5601,8.18785,1509.45,46.0852,4.52701,0.246506
"530",1975,8,142.598,11.0191,1867.73,55.4502,5.30573,0.264299
"531",1976,8,202.752,13.3178,2182.57,63.7294,3.47674,0.204033
"532",1977,8,296.575,16.6603,2497.65,71.5602,4.35483,0.231873
"533",1978,8,417.604,20.4571,2793.61,78.8136,2.84497,0.17937
"534",1979,8,543.424,24.6441,2949.43,84.6768,1.81504,0.138962
"535",1980,8,685.344,29.1939,3125.3,89.8648,3.51154,0.199465
"536",1981,8,817.695,33.5768,3282.34,94.1485,2.62236,0.168723
"537",1982,8,892.433,35.7163,3387.6,96.3779,7.58979,0.32761
"538",1983,8,1001.56,38.9235,3352.8,96.7149,1.4028,0.119244
"539",1984,8,1087.03,41.3686,3572.38,102.994,6.2478,0.285359
"540",1985,8,1136.06,43.792,3572.09,105.911,2.15367,0.147651
"541",1986,8,1119.94,44.7153,3274.59,102.278,1.64416,0.125381
"542",1987,8,1110.56,46.1148,3232.79,104.894,2.23247,0.14665
"543",1988,8,1046.08,45.404,3120.07,104.08,3.03796,0.175626
"544",1989,8,1013.26,45.9667,3165.79,108.83,3.00516,0.174065
"545",1990,8,1021.34,46.5707,3018.73,106.474,1.48312,0.114086
"546",1991,8,1101.68,48.8178,3119.35,109.438,1.64166,0.121806
"547",1992,8,1186.5,51.3242,3307.27,115.45,3.57249,0.202487
"548",1993,8,1228.58,53.1341,3346.35,118.313,2.09437,0.144488
"549",1994,8,1229.38,53.2936,3362.06,119.888,1.73686,0.129376
"550",1995,8,1223.2,53.7532,3122.49,114.975,1.69286,0.128705
"551",1996,8,1148.14,51.6715,3003.89,113.29,4.17532,0.242188
"552",1997,8,1104.1,50.9063,2999.95,115.579,1.76719,0.136869
"553",1998,8,1023.9,49.1002,2698.28,109.579,1.43852,0.121833
"554",1999,8,1002.18,48.895,2490.26,104.706,1.78116,0.141182
"555",2000,8,977.976,48.5113,2499.53,105.93,2.44706,0.180386
"556",2001,8,961.547,48.244,2397.3,103.909,1.5404,0.139963
"557",2002,8,948.795,48.1139,2400.24,105.062,2.21113,0.192073
"558",2003,8,945.175,48.2402,2548.32,112.545,2.24764,0.214406
"559",2004,8,963.112,49.3299,2705.81,120.941,4.47141,0.390859
"560",2005,8,968.265,50.0704,2781.84,126.252,2.06562,0.253746
"561",2006,8,978.627,51.4671,2758.26,128.57,2.69475,0.349899
"562",2007,8,972.4,52.5747,2768.49,133.283,3.18963,0.486289
"563",2008,8,931.517,52.9615,2661.24,134.134,3.65734,0.722502
"564",2009,8,877.069,52.8271,2485.41,133.425,4.63486,1.30392
"565",2010,8,841.768,52.9217,2611.36,148.452,3.54296,1.81052
"566",2011,8,808.439,53.3808,2668.38,161.505,2.47865,1.68418
"567",2012,8,787.282,55.1154,2732.72,179.786,2.52011,1.78593
"568",1954,9,998.835,127.052,2576.95,154.779,2.02049,0.290512
"569",1955,9,1008.62,120.039,2523.87,138.851,1.66584,0.22421
"570",1956,9,999.776,111.259,2462.96,122.879,1.30474,0.326154
"571",1957,9,975.323,101.652,2396.4,106.793,3.80124,0.619403
"572",1958,9,938.643,91.8251,2346.78,89.974,2.58421,0.21485
"573",1959,9,862.508,80.2561,2297.06,72.843,1.95183,0.142379
"574",1960,9,677.31,63.4749,2118.96,56.665,1.82428,0.131434
"575",1961,9,382.652,46.9852,1681.62,40.3453,1.06259,0.0994103
"576",1962,9,112.013,21.2556,1184.82,24.88,2.02406,0.135095
"577",1963,9,113.575,9.70703,867.532,16.9767,1.07532,0.102907
"578",1964,9,129.7,8.98372,893.891,17.1962,0.99872,0.0966838
"579",1965,9,145.07,10.6945,861.98,17.18,1.31088,0.113083
"580",1966,9,162.49,12.1686,905.901,17.9886,1.314,0.121953
"581",1967,9,162.484,11.341,891.479,18.5153,2.76046,0.193677
"582",1968,9,159.841,10.0861,818.715,18.6041,4.20131,0.253252
"583",1969,9,152.145,10.3655,856.806,20.5764,4.31493,0.262192
"584",1970,9,115.133,7.68721,836.64,22.6597,5.65719,0.306154
"585",1971,9,99.307,6.49048,910.117,26.6187,6.25058,0.320956
"586",1972,9,82.748,6.4587,991.069,31.547,4.88782,0.273107
"587",1973,9,83.1976,7.34122,1255.19,38.457,3.37252,0.214863
"588",1974,9,85.1929,8.5041,1506.21,45.7547,4.52347,0.246381
"589",1975,9,129.01,11.1392,1859.23,54.9698,5.30469,0.264397
"590",1976,9,185.587,12.9811,2172.76,63.2361,3.4762,0.204128
"591",1977,9,276.594,15.9788,2486.1,71.0653,4.35185,0.231944
"592",1978,9,396.727,19.6492,2780.04,78.328,2.84065,0.179244
"593",1979,9,523.724,23.851,2933.92,84.2029,1.81149,0.138787
"594",1980,9,667.079,28.4923,3107.81,89.4097,3.50378,0.199301
"595",1981,9,800.9,32.965,3262.84,93.7195,2.61494,0.1685
"596",1982,9,877.181,35.195,3367.2,96.0198,7.56537,0.327843
"597",1983,9,987.016,38.4559,3331.01,96.3738,1.39784,0.11897
"598",1984,9,1072.96,40.9478,3547.92,102.711,6.22395,0.285566
"599",1985,9,1122.85,43.4278,3546.2,105.665,2.14394,0.147352
"600",1986,9,1107.91,44.4177,3248.57,102.066,1.6355,0.125023
"601",1987,9,1099.25,45.8776,3205.86,104.751,2.21863,0.146311
"602",1988,9,1035.34,45.214,3091.98,103.99,3.01576,0.175452
"603",1989,9,1002.7,45.8217,3135.21,108.83,2.97905,0.173964
"604",1990,9,1010.9,46.4731,2987.76,106.522,1.46761,0.113601
"605",1991,9,1091.15,48.7753,3086.35,109.581,1.6217,0.121359
"606",1992,9,1175.72,51.3401,3271.61,115.755,3.52285,0.203358
"607",1993,9,1217.51,53.2018,3307.8,118.796,2.06164,0.144396
"608",1994,9,1218.21,53.4066,3320.5,120.592,1.70383,0.130009
"609",1995,9,1211.7,53.9135,3081.6,115.681,1.67257,0.130276
"610",1996,9,1136.65,51.8632,2961.29,114.198,4.13068,0.248323
"611",1997,9,1092.13,51.1501,2954.62,116.759,1.72524,0.138545
"612",1998,9,1011.49,49.3931,2653.73,110.832,1.43579,0.125442
"613",1999,9,989.13,49.2573,2446.69,105.99,1.76122,0.145582
"614",2000,9,964.386,48.9382,2454.4,107.497,2.43014,0.188943
"615",2001,9,947.221,48.7595,2352.01,105.593,1.5743,0.151492
"616",2002,9,933.815,48.7113,2354.84,107.036,2.24622,0.213374
"617",2003,9,929.301,48.9455,2500.7,115.091,2.32555,0.247048
"618",2004,9,946.198,50.1669,2659.36,124.343,4.73133,0.463253
"619",2005,9,950.656,51.0325,2741.21,130.79,2.10913,0.303256
"620",2006,9,960.215,52.5773,2725.65,134.233,3.08917,0.488815
"621",2007,9,953.43,53.8429,2749.72,141.031,3.94452,0.776515
"622",2008,9,912.461,54.41,2655.79,144.03,3.80053,1.193
"623",2009,9,858.521,54.4513,2471.77,143.239,1.94346,1.12935
"624",2010,9,824.899,54.7938,2594.45,161.785,2.33902,1.58362
"625",2011,9,794.685,55.7202,2658.38,178.208,2.48731,1.76551
"626",1954,10,996.529,126.958,2570.99,154.986,2.02396,0.29015
"627",1955,10,1006.29,119.977,2518.98,139.149,1.66739,0.224544
"628",1956,10,997.472,111.231,2459.18,123.224,1.30552,0.330546
"629",1957,10,973.08,101.656,2393.68,107.123,3.78467,0.621384
"630",1958,10,936.497,91.8588,2345.01,90.2298,2.5744,0.212857
"631",1959,10,860.583,80.316,2296.07,72.9932,1.9496,0.142069
"632",1960,10,676.053,63.5673,2118.62,56.7191,1.82532,0.131571
"633",1961,10,382.863,47.051,1681.74,40.3492,1.06506,0.0997324
"634",1962,10,112.567,21.1991,1185.1,24.9324,2.03046,0.135946
"635",1963,10,113.792,9.71666,868.005,17.0727,1.06633,0.101973
"636",1964,10,129.989,8.99596,894.748,17.2973,0.979089,0.0954801
"637",1965,10,145.41,10.7076,863.058,17.2878,1.26578,0.11062
"638",1966,10,162.85,12.2157,906.79,18.0944,1.28614,0.118529
"639",1967,10,162.883,11.4109,891.698,18.6099,2.7024,0.191523
"640",1968,10,160.237,10.1574,817.636,18.6803,4.15545,0.25085
"641",1969,10,152.585,10.4412,853.714,20.6134,4.25388,0.258686
"642",1970,10,115.995,7.79089,830.963,22.6389,5.57693,0.30214
"643",1971,10,99.5657,6.58687,901.274,26.5142,6.16167,0.316786
"644",1972,10,81.8654,6.71021,977.654,31.3739,4.81731,0.269405
"645",1973,10,84.1464,7.47166,1237.89,38.1617,3.32351,0.211886
"646",1974,10,92.7518,8.10783,1490.96,45.4447,4.4575,0.243018
"647",1975,10,141.099,10.894,1843.2,54.6868,5.22661,0.260811
"648",1976,10,200.308,13.1578,2151.96,62.8498,3.4246,0.201272
"649",1977,10,292.686,16.4567,2460.87,70.5731,4.28695,0.228713
"650",1978,10,411.701,20.2006,2750.63,77.7291,2.79912,0.176749
"651",1979,10,534.979,24.3299,2900.86,83.5055,1.78425,0.136783
"652",1980,10,673.968,28.8273,3071.53,88.6284,3.44873,0.196411
"653",1981,10,803.328,33.1659,3223.91,92.8674,2.57185,0.16594
"654",1982,10,876.044,35.2822,3325.36,95.1209,7.43638,0.323347
"655",1983,10,982.551,38.4521,3289.25,95.463,1.37314,0.116988
"656",1984,10,1065.62,40.8688,3502.12,101.742,6.11181,0.281497
"657",1985,10,1112.25,43.2521,3498.38,104.65,2.10409,0.144901
"658",1986,10,1094.5,44.1451,3201.83,101.059,1.60395,0.122851
"659",1987,10,1083.34,45.5138,3156.56,103.686,2.17402,0.143816
"660",1988,10,1018.34,44.8012,3042.3,102.922,2.95148,0.172583
"661",1989,10,984.256,45.3507,3081.68,107.71,2.91077,0.1711
"662",1990,10,991.143,45.9699,2934.89,105.427,1.43135,0.111324
"663",1991,10,1069.21,48.2347,3030.99,108.493,1.57823,0.118908
"664",1992,10,1151.39,50.763,3211.28,114.674,3.41984,0.200426
"665",1993,10,1191.42,52.5952,3243.99,117.764,1.98232,0.141931
"666",1994,10,1191.27,52.7959,3253.29,119.647,1.64774,0.128505
"667",1995,10,1183.82,53.291,3016.93,114.787,1.5915,0.127735
"668",1996,10,1109.37,51.2616,2895.49,113.43,4.02005,0.249658
"669",1997,10,1064.58,50.5631,2884.67,116.094,1.65839,0.137996
"670",1998,10,984.337,48.8342,2585.95,110.248,1.37107,0.12494
"671",1999,10,961.379,48.7319,2381.16,105.476,1.72887,0.148822
"672",2000,10,936.185,48.4484,2386.03,107.118,2.36002,0.194832
"673",2001,10,918.143,48.316,2283.27,105.279,1.51171,0.157887
"674",2002,10,903.773,48.305,2283.77,106.858,2.21065,0.231375
"675",2003,10,897.733,48.5802,2423.26,115.194,2.26691,0.268557
"676",2004,10,912.482,49.8425,2575.43,124.901,4.56454,0.507327
"677",2005,10,915.41,50.7598,2652.37,132.011,1.85062,0.343833
"678",2006,10,923.166,52.3668,2634.3,136.102,2.83974,0.613133
"679",2007,10,914.966,53.7121,2656.08,144.207,4.19985,1.22805
"680",2008,10,873.384,54.3978,2555.4,147.981,2.86113,1.54367
"681",2009,10,819.503,54.5823,2373.52,147.731,2.27285,1.53309
"682",2010,10,785.759,55.095,2485.95,170.722,2.43488,1.72784
