Row,intercept,Row,phPar,trialp[1],trialp[2],trialp[3],logSigmaT,logSigma
1,1.921155726,1,-0.036982261,-0.613631119,0.194463593,-0.213014943,-0.989726771,-1.390971753
2,1.871933444,2,-0.036490252,-0.649863205,0.176597266,-0.103316346,-0.960519867,-1.379759479
3,1.953342134,3,-0.03844828,-0.579672481,0.242716672,-0.201860576,-0.99647443,-1.376629401
4,1.775177219,4,-0.033541258,-0.521199081,-0.095547702,-0.356020167,-0.051756489,-1.369599231
5,0.800350712,5,-0.020289482,-0.883481335,0.007501123,-0.486875286,-0.251281648,-1.506033869
6,1.668886921,6,-0.037480086,-0.448855836,0.417427553,-0.066327586,-1.331109699,-1.489857659
7,1.424404169,7,-0.032210124,-0.306705066,0.224215985,0.005782028,-1.4019494,-1.503933039
8,0.895650116,8,-0.027008291,-0.348119141,0.28873083,-0.156706278,-1.829744741,-1.504641973
9,0.9258989,9,-0.026109294,-0.345578981,0.279194643,-0.142078131,-1.799488345,-1.502175138
10,-0.197274325,10,-0.01454953,-0.096660499,0.448041438,0.112020005,-0.802645511,-1.547040592
11,0.525308147,11,-0.019847388,-0.387985596,0.151842659,-0.216537091,-1.869706148,-1.656734026
12,-0.801100629,12,-0.010323129,0.084103206,0.77064005,0.448997163,-0.288697967,-1.648977194
13,-0.071633843,13,-0.017082908,-0.023359312,0.532560248,0.133037789,-0.994792533,-1.56044875
14,-1.245449817,14,-0.002996505,-0.111985757,0.604800333,0.230962772,-0.313612843,-1.478950761
15,0.212598415,15,-0.019249126,-0.330850529,0.459484833,0.251695017,-0.563584752,-1.322664681
16,-1.008723174,16,-0.001970564,-0.324909506,0.340451323,-0.020861805,-1.123987017,-1.538533664
17,-0.616740205,17,-0.00622699,-0.346501438,0.26228443,-0.109522019,-1.501581064,-1.442168218
18,-0.186802531,18,-0.011337815,-0.388638587,0.18453142,-0.121758359,-1.5282889,-1.543379013
19,-0.069225782,19,-0.011907038,-0.426353555,0.166419249,-0.291352151,-1.749925502,-1.509658445
20,1.168699589,20,-0.032055081,-0.147576237,0.513583329,0.046922572,-0.37733825,-1.51432182
21,1.525246609,21,-0.036366837,-0.166319212,0.437284057,0.142623031,-1.456746086,-1.473138791
22,0.049234638,22,-0.011973674,-0.598305409,0.024052498,-0.375077989,-1.140772758,-1.455475372
23,-0.821318637,23,0.000494806,-0.731081845,0.070263482,-0.462770184,-0.154576083,-1.368146661
24,0.230319484,24,-0.019333226,-0.138175616,0.541100187,0.05429664,-1.7942385,-1.604934705
25,-0.782135893,25,-0.006042923,-0.185510384,0.500010414,-0.066036417,-0.237717752,-1.516411028
26,0.064372737,26,-0.017155607,-0.101391953,0.421649202,0.036186309,-1.337143246,-1.540625963
27,-0.21589338,27,-0.012540714,-0.259768938,0.433833499,0.103448005,-1.343677279,-1.505552718
28,0.453347356,28,-0.020103419,-0.226654327,0.342944938,-0.118789448,-0.996238235,-1.547618132
29,0.313442246,29,-0.019779123,-0.25887515,0.387043369,0.004876485,-1.130805179,-1.491817526
30,0.465020363,30,-0.020763163,-0.227954095,0.289321255,-0.013016272,-1.113946626,-1.501569396
31,0.454016151,31,-0.021095768,-0.350707872,0.402079829,0.023017939,-1.026995841,-1.539143172
32,-0.009407028,32,-0.015934545,-0.272145127,0.473916652,0.094822031,-1.289393616,-1.593086978
33,0.91640456,33,-0.022944592,-0.517390726,-0.018273911,-0.374150672,-0.578394385,-1.578357038
34,0.424990713,34,-0.019071341,-0.339157082,0.197973588,-0.171280768,-1.240784792,-1.733317186
35,0.634986116,35,-0.020165499,-0.494933035,0.052943158,-0.331441737,-0.408516884,-1.459448624
36,0.633662075,36,-0.020486947,-0.583255905,0.123682225,-0.25794127,-0.779266174,-1.455332147
37,-0.801206857,37,-0.001087214,-0.693488248,0.016734227,-0.31275993,-0.880367422,-1.343934224
38,-0.516691404,38,-0.004711803,-0.485674716,0.089017007,-0.304738767,-0.91366497,-1.463234391
39,2.034526596,39,-0.039354446,-0.475387874,0.093050643,-0.222213741,-0.941680534,-1.538314238
40,2.520343755,40,-0.045000632,-0.518485662,0.099045296,-0.274650864,-0.871417302,-1.606338162
41,0.60366684,41,-0.020534677,-0.459103241,0.146729869,-0.213408418,-1.080483755,-1.512607083
42,0.402199163,42,-0.017746438,-0.50247754,0.154237758,-0.225227806,-0.4501468,-1.612063317
43,0.807090939,43,-0.025240062,-0.334288824,0.303184128,-0.028321054,-0.259049597,-1.58215309
44,-0.062337823,44,-0.013451219,-0.394472104,0.262250387,-0.081795161,-0.581434569,-1.489306563
45,0.456012522,45,-0.020994337,-0.267404579,0.307137638,-0.061666269,-0.302951106,-1.564236341
46,0.72222374,46,-0.022297208,-0.48931256,0.236169573,-0.211036166,-0.200464895,-1.57165317
47,0.983330488,47,-0.023671553,-0.625638846,-0.039747445,-0.324801728,-0.383927666,-1.54203931
48,0.42720585,48,-0.017969642,-0.473753176,0.107010042,-0.164331292,-1.276360964,-1.626879488
49,-0.218643945,49,-0.011645971,-0.389274585,0.283657362,-0.1294114,-1.468695906,-1.710611628
50,1.200674839,50,-0.031427168,-0.297849839,0.326770686,-0.072495534,-1.346071808,-1.175797261
51,1.200674839,51,-0.031427168,-0.297849839,0.326770686,-0.072495534,-1.346071808,-1.175797261
52,0.772723226,52,-0.025464494,-0.347983524,0.203159216,-0.025641313,-1.258859889,-1.238701299
53,0.840121287,53,-0.026600858,-0.240461899,0.365735052,-0.089653225,-1.596634845,-1.173656034
54,0.333177862,54,-0.01849842,-0.274767406,0.058616728,-0.036207691,-2.109139138,-1.163816741
55,-0.39898517,55,-0.012147932,-0.089745976,0.547355862,0.012948326,-1.365118753,-1.116789244
56,-0.300860124,56,-0.011546768,-0.321481299,0.297275891,0.123532565,-0.957854599,-1.124589923
57,-0.973758558,57,-0.002355306,-0.300312667,0.22290934,0.111990256,-1.355169673,-1.449649379
58,-1.460235318,58,0.0067011,-0.503427674,-0.027803112,-0.097149133,-0.733163737,-1.155885501
59,-1.459509015,59,0.007596322,-0.577080512,-0.055778864,-0.253143841,-0.696910379,-1.188217549
60,-1.406552991,60,0.007938054,-0.53342949,-0.118754612,-0.408530686,-0.638106837,-1.16747257
61,0.167954393,61,-0.011550127,-0.743281883,-0.117951879,-0.485166546,-0.821752141,-1.113169054
62,0.138352225,62,-0.013759174,-0.606732869,0.067051656,-0.185410887,-0.767862287,-1.379594352
63,-0.521073945,63,-0.008407507,-0.15332084,0.362247447,-0.060138337,-1.503196323,-1.461740153
64,1.137017692,64,-0.029195015,-0.230330988,0.301791861,-0.147976839,-1.59377803,-1.578320469
65,1.272082943,65,-0.031040318,-0.296309236,0.36780842,-0.112248333,-1.621795059,-1.566287909
66,1.335240635,66,-0.031474925,-0.293575443,0.235628371,-0.052537226,-1.493164191,-1.555104406
67,1.651475137,67,-0.036584505,-0.341655768,0.393628343,-0.053661063,-1.222152993,-1.420799006
68,1.765165989,68,-0.039678664,-0.113220812,0.32442243,0.094163955,-1.548702051,-1.318198699
69,1.661045781,69,-0.040145774,0.003495595,0.569925916,0.259408084,-1.160704732,-1.339454463
70,2.127373478,70,-0.045755284,0.006534469,0.57328051,0.239279277,-0.653094121,-1.426828707
71,-1.226582033,71,0.001997972,-0.341370794,0.256094806,-0.144946594,-0.860179203,-1.569109187
72,1.770967927,72,-0.0382663,-0.216158518,0.348968148,-0.001014433,-1.579246184,-1.559513001
73,0.760525266,73,-0.026145568,-0.180318203,0.343825108,-0.00984561,-1.016864629,-1.549855669
74,0.983203969,74,-0.029254551,-0.364836942,0.486031047,0.075104778,-1.216921993,-1.549183389
75,0.947542732,75,-0.029160834,-0.203830189,0.639774763,0.033852295,-0.898851257,-1.519101466
76,0.785419172,76,-0.027278782,-0.233426928,0.399221797,0.224294939,-0.689474953,-1.456579136
77,1.224135725,77,-0.033431448,-0.066663041,0.541799484,-0.011568829,-0.764883692,-1.326995713
78,-0.114703945,78,-0.016198936,-0.106509635,0.430792442,0.266276639,-1.217209763,-1.680903437
79,-0.465169805,79,-0.012976339,0.002398154,0.659263068,0.183837692,-0.880207986,-1.670889571
80,2.254084799,80,-0.034274345,-1.013433286,-0.503049901,-0.807674632,-0.372045172,-1.478985643
81,1.91485096,81,-0.030259478,-1.022342729,-0.367447679,-0.908951423,-0.574448042,-1.555033779
82,2.57949684,82,-0.034254121,-1.37497798,-0.711666223,-1.263793043,0.382170043,-1.463998666
83,2.121818566,83,-0.027669575,-1.517374464,-0.847015429,-1.132167263,0.600683913,-1.540546421
84,2.243823804,84,-0.030600168,-1.411941614,-0.720807165,-1.010782405,0.862179087,-1.404960962
85,2.292489384,85,-0.030271736,-1.407964535,-0.71251943,-1.035881064,0.888333793,-1.407342458
86,-0.482109349,86,-0.012131749,-0.028557425,0.549572095,0.181969689,-1.330781905,-1.64982969
87,0.995163212,87,-0.021593893,-0.800341303,-0.107435644,-0.471459173,-0.876584091,-1.441193243
88,0.787967596,88,-0.021201663,-0.621367104,0.082948312,-0.275921056,-0.30721549,-1.668731108
89,0.188522195,89,-0.019071298,-0.173565082,0.498174608,0.144015672,-1.313391934,-1.537885091
90,-0.276817612,90,-0.010386026,-0.334128132,0.216002227,-0.102828487,-1.228273768,-1.605207514
91,-0.071355596,91,-0.015337743,-0.220129761,0.374425008,-0.015597212,-1.214625904,-1.434264079
92,0.200370906,92,-0.018950399,-0.262619578,0.30872163,0.156212529,-1.198218038,-1.422804388
93,0.051115719,93,-0.017793146,-0.136084118,0.438069019,0.198432305,-0.714539856,-1.650138852
94,0.463529243,94,-0.022759228,-0.090208652,0.429593226,0.066397837,-0.779947495,-1.605254661
95,0.468001495,95,-0.021652081,-0.254218201,0.346695567,0.056902522,-0.940800469,-1.635939373
96,-0.379127936,96,-0.013629475,-0.089533158,0.557995681,0.266878224,-1.268692468,-1.695488448
97,0.29236403,97,-0.018514961,-0.248832714,0.306838922,-0.044084815,-1.461723851,-1.541773928
98,0.169078337,98,-0.018164173,-0.238578843,0.374264346,-0.02472062,-1.231805056,-1.469311872
99,0.512558818,99,-0.021891294,-0.240921432,0.386729427,-0.001124833,-1.098563732,-1.656773654
100,0.677747466,100,-0.022456135,-0.338230352,0.263873013,-0.052957561,-1.067551465,-1.76429166
101,1.665317183,101,-0.038072976,-0.228614228,0.38571852,0.092160033,-1.143371024,-1.310602381
102,2.491817737,102,-0.047423773,-0.232391836,0.371763866,-0.036202914,-1.275353474,-1.714258958
103,2.464417838,103,-0.047939668,-0.249072835,0.372529659,-0.026868935,-1.275674716,-1.711928088
104,1.103072017,104,-0.029145787,-0.329700986,0.339778986,-0.031599342,-1.694284875,-1.417146412
105,0.043118366,105,-0.014168334,-0.447076406,0.288967589,-0.114917296,-0.963061833,-1.665617983
106,-0.811622782,106,-0.003869169,-0.267688654,0.225402543,-0.051372859,-0.475152587,-1.657992604
107,-0.790191394,107,-0.00423932,-0.334964639,0.381164479,-0.116915522,-0.469160101,-1.647052553
108,0.641283929,108,-0.021533571,-0.447000897,0.219741086,-0.255839763,-0.222010922,-1.609629557
109,0.392234575,109,-0.019447307,-0.267990209,0.275619786,-0.185092081,-0.606555526,-1.566511891
110,-0.072779233,110,-0.012545216,-0.544824114,0.215482556,-0.062395687,-1.270716224,-1.524031442
111,1.140963918,111,-0.030458406,-0.315804254,0.424515314,0.139893363,-1.380896035,-1.603982866
112,1.477664574,112,-0.035252722,-0.139778113,0.441442918,0.01448668,-1.329913426,-1.68594978
113,0.965378907,113,-0.026599368,-0.414391522,0.206019929,-0.049032296,-1.567519297,-1.602877583
114,-0.471085993,114,-0.008970955,-0.257513811,0.304358643,-0.005529748,-1.035517584,-1.761031472
115,0.685345083,115,-0.025226725,-0.220211215,0.469954075,0.082608803,-0.890822605,-1.692599815
116,0.871015725,116,-0.014558327,-1.333823497,-0.602429861,-0.914224333,0.130793485,-1.332605623
117,2.38253058,117,-0.04072473,-0.729451506,-0.058525049,-0.527677737,-0.610559819,-1.601460842
118,1.154145776,118,-0.018628154,-1.119962479,-0.584214563,-0.888017014,0.008359179,-1.633447579
119,2.917300593,119,-0.038242636,-1.414623657,-0.826326514,-1.191663088,0.126121945,-1.492613146
120,0.54678632,120,-0.009602256,-1.315294423,-0.613477056,-1.046826926,-0.143767521,-1.592917604
121,1.691967749,121,-0.028537412,-0.979627342,-0.22841285,-0.634709583,-0.251965884,-1.416471294
122,0.375710368,122,-0.016239266,-0.578922261,0.099251226,-0.226688708,-1.03716909,-1.645256813
123,-0.379123022,123,-0.013013074,-0.03622578,0.480367195,0.096261896,-1.500371854,-1.451192328
124,1.666974722,124,-0.037586093,-0.17931098,0.34338547,0.138284911,-0.72746504,-1.674342328
125,-0.018009997,125,-0.019489981,0.020279039,0.716079251,0.242456705,-1.015760553,-1.535912546
126,0.741844707,126,-0.027412885,-0.102890038,0.456743962,0.202247011,-0.346369447,-1.627216593
127,0.51937352,127,-0.024307642,-0.115229307,0.573877826,0.10349706,-0.569310979,-1.515320309
128,-0.422798314,128,-0.012602365,-0.056693799,0.51241327,0.253359052,-0.942038708,-1.643492532
129,-1.006492351,129,-0.003535554,-0.233829509,0.430466938,0.14461933,-0.404952079,-1.496670829
130,-0.922589488,130,-0.006245699,-0.084537622,0.577060561,0.238298449,-1.297027931,-1.491485331
131,0.616723891,131,-0.018765065,-0.656980457,0.004234963,-0.368586006,-0.956020962,-1.763639834
132,0.550618272,132,-0.0256615,-0.041246414,0.579587208,0.238107008,-1.385724606,-1.588468651
133,0.635974044,133,-0.0270198,0.001464766,0.57741122,0.220636231,-1.398250788,-1.59437508
134,0.713938361,134,-0.023385137,-0.287836413,0.247125574,-0.139208057,-1.980046237,-1.596792247
135,0.546241445,135,-0.022442125,-0.313557588,0.315210637,0.030983379,-0.579136516,-1.775303521
136,0.486943507,136,-0.020540141,-0.383282191,0.263331484,-0.150297687,-0.506527438,-1.678578709
137,-0.067840692,137,-0.011393938,-0.498849997,0.115498922,-0.305470744,-1.084181997,-1.685645773
138,1.46044355,138,-0.032634416,-0.395133942,0.215837624,-0.209494104,-0.786559681,-1.483025804
139,1.469670223,139,-0.035007996,-0.282500026,0.328988901,0.051336994,-1.577176581,-1.51374537
140,-0.13058246,140,-0.014166114,-0.221040368,0.327345309,0.120559227,-1.037003057,-1.483380312
141,0.148602985,141,-0.017122412,-0.296222673,0.375224728,-0.008547038,-0.855636723,-1.507171866
142,1.169889305,142,-0.031170913,-0.21018622,0.333530463,0.026464906,-1.795195915,-1.618107521
143,0.4355767,143,-0.019318844,-0.320964508,0.203870203,-0.146344903,-1.016445214,-1.363288256
144,0.09893243,144,-0.021003501,-0.037904215,0.732796112,0.313106349,-0.655623883,-1.629729767
145,-1.608692116,145,-0.00511946,0.504676186,1.119958488,0.922030129,-0.329033077,-1.37242979
146,-1.180286217,146,-0.002498776,-0.085818137,0.527641598,0.287170117,0.246401948,-1.427384475
147,-1.690750217,147,0.001689546,0.065649176,0.700713154,0.452551557,-0.605879012,-1.3901184
148,2.002953397,148,-0.037469574,-0.605525199,-0.007171733,-0.264794327,-1.120185021,-1.707495803
149,-2.540705255,149,0.015605094,-0.060521649,0.433727157,0.167490297,-1.417308959,-1.315210202
150,-2.869358145,150,0.021285307,-0.233748392,0.496116721,0.127965276,-0.055313317,-1.29068549
151,-2.292433938,151,0.011707192,-0.017518067,0.528471697,0.139466913,-0.60122911,-1.372278724
152,-0.371045261,152,-0.014700095,-0.042360262,0.65526994,0.321818258,-0.887978205,-1.526193649
153,-0.71510173,153,-0.01195459,0.190884955,0.838061522,0.409364306,-0.433436291,-1.448039344
154,0.213537941,154,-0.022409045,0.024989656,0.633002263,0.305521049,-0.024191685,-1.471521168
155,-0.730012514,155,-0.004804369,-0.45193046,0.329384082,-0.108073978,-1.576459793,-1.542457137
156,1.168201815,156,-0.031117328,-0.294687912,0.455412682,0.042450929,-1.814325271,-1.538496539
157,1.936001616,157,-0.041215574,-0.287378096,0.435868025,0.003201927,-0.981463973,-1.519491901
158,1.765043238,158,-0.038257235,-0.311242007,0.232005039,0.103295379,-1.196439382,-1.500355339
159,1.816380348,159,-0.038534789,-0.322155204,0.225878994,0.112175841,-1.194632738,-1.500956896
160,1.383321615,160,-0.032868068,-0.26691464,0.342888078,-0.212702128,-1.792654439,-1.391982452
161,1.615635963,161,-0.035870174,-0.293428653,0.24834083,0.013436018,-1.467760444,-1.385613143
162,1.596743211,162,-0.03593995,-0.297197424,0.237148974,0.026572512,-1.519503889,-1.383477027
163,-0.07521816,163,-0.009756042,-0.582246033,0.029401577,-0.393584454,-0.518300324,-1.520601684
164,1.111135669,164,-0.030465905,-0.167337762,0.358514476,-0.003478596,-1.766281347,-1.48197504
165,1.069513332,165,-0.030103781,-0.177879155,0.323072568,0.103024332,-1.857418351,-1.48234498
166,2.261534196,166,-0.042394586,-0.44663019,0.156901795,-0.069893657,-1.281345535,-1.594236019
167,-0.362661894,167,-0.006945726,-0.534108348,0.153290762,-0.344587126,-0.897660813,-1.659371152
168,0.240228242,168,-0.013707584,-0.610662661,-0.071505395,-0.335285454,-0.412052442,-1.618410369
169,0.514328179,169,-0.017225974,-0.680013616,-0.047617433,-0.422267011,-0.55485459,-1.634641054
170,0.498193663,170,-0.020090578,-0.471461608,0.232289134,-0.193108178,-1.436111793,-1.544127132
171,0.635228941,171,-0.021845407,-0.368363777,0.073974372,-0.143822065,-1.856889951,-1.716253756
172,0.505971425,172,-0.024229783,-0.147265223,0.603883198,0.124949343,-0.889621714,-1.677158076
173,-0.977321479,173,-0.016258873,0.776300569,1.287108123,1.049596584,0.545994753,-1.41452214
174,-0.60967009,174,-0.020111899,0.633983614,1.371849631,0.894153505,0.205224781,-1.455932731
175,0.401603372,175,-0.02951759,0.456633209,0.94869445,0.637699345,-0.553220528,-1.677898347
176,1.578887205,176,-0.042940694,0.329015757,0.896404032,0.531179969,-0.653282731,-1.436290554
177,0.573638765,177,-0.03096113,0.459646908,0.996605015,0.583589517,-0.117496053,-1.598796581
178,0.619507435,178,-0.032409431,0.490940801,0.997303795,0.614012233,-0.136348477,-1.612659543
179,-0.643279706,179,-0.013135759,0.229465277,0.799813793,0.509005462,-0.008487068,-1.404987884
180,0.778681909,180,-0.028295134,-0.044797396,0.536520927,0.21464745,-0.859906591,-1.800227713
181,0.439774696,181,-0.017632893,-0.479131821,0.101154577,-0.296403075,-1.293437884,-1.654654277
182,0.325582413,182,-0.021149352,-0.150855347,0.441077135,0.088025695,-1.489313812,-1.637191314
183,-0.766828204,183,-0.005188755,-0.354477581,0.356519697,-0.051678921,-1.21078322,-1.670734913
184,-0.724793868,184,-0.005957311,-0.28091918,0.259258383,0.004656993,-1.094732088,-1.689405591
185,-0.513097432,185,-0.008513218,-0.283787734,0.4245217,-0.081417621,-1.031904046,-1.672491122
186,-0.162069201,186,-0.010778576,-0.430062977,0.193720258,-0.231052639,-1.638594914,-1.493492844
187,-0.499184259,187,-0.011112543,-0.118398342,0.561690679,0.104392578,-0.876642946,-1.61136895
188,-1.140271178,188,0.000140856,-0.287052046,0.281044009,-0.075794867,-1.092797689,-1.493479356
189,-1.367227006,189,0.001398255,-0.201223704,0.430084428,0.071209406,-1.177256565,-1.530484677
190,-0.876502154,190,-0.003534383,-0.224687952,0.277067864,-0.04702548,-1.609278153,-1.481411221
191,-0.763703433,191,-0.005149267,-0.285681463,0.274146601,-0.029871977,-1.771249167,-1.407951614
192,1.255553428,192,-0.031812241,-0.246177413,0.414767186,0.050330325,-1.142845619,-1.599904315
193,-0.228154004,193,-0.011779291,-0.275247936,0.346499689,-0.019328801,-0.820313965,-1.503550066
194,0.288495283,194,-0.017481448,-0.36801913,0.101093703,-0.201957185,-1.448386097,-1.666180855
195,-0.046725004,195,-0.014031007,-0.480564519,0.28449943,-0.093803046,-1.424921018,-1.526056169
196,0.092601802,196,-0.016227044,-0.424933914,0.293338933,-0.074796994,-1.299650588,-1.546093182
197,0.723454806,197,-0.025386966,-0.275543328,0.246361898,0.038204024,-2.081801404,-1.511594555
198,0.642585556,198,-0.024541419,-0.197079091,0.305888266,-0.060058081,-1.629083206,-1.585562817
199,0.867390332,199,-0.026748189,-0.297259424,0.348627371,0.053282613,-1.745906341,-1.632834903
200,0.721822925,200,-0.024764862,-0.167793788,0.357105278,-0.026006369,-1.622738264,-1.628365376
201,1.085596742,201,-0.027998731,-0.356808927,0.186294891,-0.218416361,-1.021164762,-1.463981094
202,1.220540038,202,-0.029176074,-0.485402432,0.213155287,-0.120471825,-0.88090721,-1.450471238
203,1.680948438,203,-0.031073647,-0.691711343,-0.106927942,-0.519729248,-0.818861261,-1.727343234
204,1.67298268,204,-0.031058785,-0.668522296,-0.113678667,-0.556753757,-0.840645769,-1.736251101
205,1.598047947,205,-0.029839453,-0.848639336,-0.149568349,-0.434239839,-0.775227047,-1.679529203
206,0.766006355,206,-0.029280383,-0.083793969,0.614438528,0.231547709,-1.091411608,-1.435527349
207,0.457658529,207,-0.018719737,-0.543996877,0.158218688,-0.247181195,-0.942438891,-1.605346586
208,-0.628190766,208,-0.00800944,-0.226143242,0.449310802,0.118769657,-1.173965101,-1.701982051
209,-0.919199431,209,-0.00338336,-0.257465944,0.387897855,0.006239806,-1.69794742,-1.495637474
210,-1.456802721,210,0.002465542,-0.111779651,0.355936222,0.105421306,-1.908993568,-1.533518108
211,-1.240841445,211,-0.001237596,-0.137915737,0.476633303,0.137440804,-1.620472673,-1.583987817
212,0.143196368,212,-0.017075364,-0.257471667,0.395277808,-0.026208451,-0.694752058,-1.50611138
213,1.392056108,213,-0.035862137,-0.105597276,0.602054022,0.110204647,-1.251473372,-1.681583291
214,-0.126106499,214,-0.010835696,-0.414147783,0.10056659,-0.268543137,-1.122316019,-1.505381912
215,-0.002851168,215,-0.012107114,-0.554701106,0.226139343,-0.332908847,0.226584814,-1.338808229
216,-0.359801879,216,-0.006346828,-0.526740419,0.021710821,-0.394267377,0.359369682,-1.438126461
217,1.377595489,217,-0.038201,0.243300348,0.687241134,0.306627446,-0.807067044,-1.473787004
218,-0.902036399,218,-0.018919616,0.940535229,1.476256984,1.258975563,0.549195793,-1.365861916
219,-0.579314526,219,-0.022864291,0.715621248,1.614642211,1.09901777,0.832148924,-1.457336202
220,-0.621733419,220,-0.021749941,0.928765079,1.291416396,1.066683298,0.118651019,-1.44245488
221,-1.049288725,221,-0.016781775,0.714617361,1.575918906,1.110074396,-0.159976718,-1.34278139
222,-1.121829161,222,-0.015245165,0.666426548,1.501092217,1.1358323,-0.198954748,-1.352219772
223,-0.652039615,223,-0.018684225,0.685797067,1.213990267,0.783653128,-0.127028715,-1.290886441
224,-0.051220368,224,-0.029072115,0.777042505,1.411898304,0.994629899,0.919025942,-1.411996546
225,-2.536992275,225,-0.002090574,1.254767753,1.899932587,1.457286328,0.767978118,-1.614986437
226,-2.538504206,226,-0.002595195,1.25655615,1.918413,1.48531858,0.764659424,-1.614901662
227,-2.591785029,227,-0.001063997,1.218924759,1.833219452,1.519399959,0.316210946,-1.551800288
228,-2.602699817,228,-0.002558845,1.34986288,1.941509545,1.657228679,0.412040094,-1.605440759
229,-2.56391332,229,-0.003533031,1.423677699,2.031570715,1.63399899,0.550053785,-1.605558159
230,-2.853438605,230,0.000274588,1.370581819,2.011279022,1.663754022,0.425050182,-1.632075163
231,-2.315688137,231,-0.009128601,1.590526609,2.169292136,1.838232145,0.623944554,-1.687484893
232,-2.314446011,232,-0.008222728,1.630650513,2.178078123,1.771443146,1.485839519,-1.5467493
233,-0.98299141,233,-0.030466511,1.795703514,2.50888326,2.050234228,1.065562451,-1.556804086
234,-1.256783268,234,-0.024615083,1.753674206,2.293308076,2.046412572,0.65462069,-1.427488303
235,-1.017355972,235,-0.017594381,0.875366135,1.597926786,1.125907232,0.032279504,-1.668076495
236,-0.891029895,236,-0.020191813,0.995530039,1.552928731,1.256412073,0.229222064,-1.784576311
237,-0.957092222,237,-0.017767692,0.822430919,1.529206073,1.12115798,0.21978275,-1.792696499
238,-0.681020819,238,-0.02498194,1.179803899,1.772751986,1.393503605,0.651576668,-1.565708629
239,-1.077391289,239,-0.021940313,1.273844439,1.924873446,1.526357619,0.071673244,-1.647594075
240,-1.080554879,240,-0.022660722,1.383170616,2.056650542,1.581340528,0.132586792,-1.703266357
241,-1.581922408,241,-0.014209337,1.215291467,1.941135696,1.510474663,0.485067667,-1.529731388
242,0.393665473,242,-0.023212817,0.028504659,0.510541577,0.230365811,-0.221905745,-1.614312389
243,1.114893898,243,-0.028618669,-0.384140594,0.253856778,-0.118195339,-0.328850619,-1.394706359
244,1.051742499,244,-0.027996568,-0.322899898,0.275020241,-0.104042603,-0.624964669,-1.40430427
245,0.926638531,245,-0.027779468,-0.22931062,0.346220153,0.244800199,-1.417310354,-1.248043356
246,0.782514011,246,-0.027528852,-0.208055701,0.383144793,0.17544295,-1.463663123,-1.250730923
247,1.15114242,247,-0.029725084,-0.245355998,0.278777967,-0.180807885,-1.61695009,-1.283580856
248,-0.430194085,248,-0.010994345,-0.228221028,0.398926643,0.072869114,-1.197679576,-1.658433423
249,-0.609921292,249,-0.008226552,-0.217844797,0.308159412,0.161024117,-1.318661293,-1.652099043
250,-0.536197044,250,-0.008831882,-0.25338491,0.312175856,0.124207678,-1.283993806,-1.652612418
251,0.084909795,251,-0.018221571,-0.12285223,0.375327443,0.271425787,-1.310109995,-1.443527982
252,-0.315565752,252,-0.01167633,-0.189668545,0.513955218,-0.06011534,-1.135867216,-1.58800245
253,-0.216033903,253,-0.011754712,-0.327950828,0.171918853,0.038461997,-1.296056137,-1.449787986
254,-0.295546823,254,-0.011094433,-0.289686441,0.232370521,0.008875416,-1.355477857,-1.442354034
255,0.752654567,255,-0.023709282,-0.271864768,0.244615578,-0.160387756,-1.760968031,-1.568101618
256,-0.291565729,256,-0.013053245,-0.11037662,0.486142289,0.028648142,-0.671551115,-1.541166311
257,-0.279765036,257,-0.013202003,-0.084277254,0.467467061,0.039742487,-0.643154236,-1.533645862
258,-0.266359696,258,-0.01496417,-0.178030299,0.463638819,0.189292558,-0.792153178,-1.511955466
259,-0.107661712,259,-0.015000754,-0.195624956,0.440416073,0.185756202,-1.008412373,-1.540450224
260,-0.235044837,260,-0.014140889,-0.13147927,0.450678795,8.98E-06,-1.545588753,-1.54554627
261,-0.192684155,261,-0.010592686,-0.3422531,0.241701133,-0.17640069,-1.772788474,-1.644874638
262,0.516466166,262,-0.022974494,-0.175076134,0.356128458,-0.070543201,-1.484601038,-1.413852322
263,1.371401507,263,-0.032899984,-0.294616929,0.346047227,-0.179406314,-1.559165324,-1.447327128
264,0.984321634,264,-0.023722342,-0.555170394,0.127019037,-0.419489553,-0.836086589,-1.487114974
265,0.453052056,265,-0.019909925,-0.389734813,0.219365534,-0.063733046,-0.614309432,-1.719972705
266,0.783570057,266,-0.026897612,-0.132868224,0.333897374,0.1610337,-1.412789776,-1.303527874
267,1.89537424,267,-0.037576347,-0.509455137,0.230044158,-0.287451632,-0.686513297,-1.444997339
268,-0.579320287,268,-0.00761226,-0.21719498,0.240780475,0.030555456,-1.732923575,-1.512057571
269,-0.683481199,269,-0.007970458,-0.170100531,0.361122163,0.046591693,-2.168227062,-1.467023426
270,-0.35785672,270,-0.007977791,-0.414251414,0.183614222,-0.140683143,-0.979745224,-1.600990097
271,0.287586327,271,-0.019005579,-0.252178708,0.298532881,0.036877257,-1.904730828,-1.607507693
272,0.261693187,272,-0.016505894,-0.472747696,0.148166262,-0.092903295,-1.16108181,-1.631092321
273,1.139834041,273,-0.030940442,-0.213534443,0.43617072,0.131567449,-0.551804911,-1.577624779
274,-0.462776607,274,-0.015014863,0.152105077,0.686419924,0.354895197,0.45741718,-1.347462653
275,-0.645795103,275,-0.011766841,0.038507902,0.842477207,0.473302097,0.766633335,-1.331306866
276,-0.317132435,276,-0.015034819,0.080938967,0.665628622,0.428815937,0.384665534,-1.371862776
277,0.6964765,277,-0.031700416,0.296127048,0.848438572,0.522064033,-1.035337849,-1.613508551
278,-0.466148109,278,-0.010965612,-0.119149114,0.428483017,0.159992907,-0.836842609,-1.586528843
279,1.288587069,279,-0.031240277,-0.370453172,0.253071319,-0.132648799,-1.731666617,-1.647321391
280,1.685706662,280,-0.037449227,-0.206078646,0.395890813,0.051229209,-1.417652432,-1.560738431
281,1.690344408,281,-0.037149699,-0.258215239,0.337254391,0.079302594,-1.427955383,-1.558692135
282,2.350611218,282,-0.045980082,-0.213891925,0.410705201,0.012368816,-0.964659561,-1.639564011
283,1.94172944,283,-0.042838993,-0.126017158,0.497879393,0.166554661,-0.71480838,-1.610088057
284,1.976065951,284,-0.039701744,-0.300572294,0.232152148,-0.113311307,-1.68998346,-1.29614743
285,1.901656697,285,-0.039313498,-0.27794164,0.208628646,-0.024332108,-2.018226553,-1.322863543
286,0.508445993,286,-0.024918184,-0.097997672,0.664659691,0.129275866,-0.828111103,-1.429621208
287,0.944961351,287,-0.028914967,-0.173734984,0.414171168,0.123601393,-1.239077803,-1.57529498
288,0.779902323,288,-0.021028764,-0.58890532,0.041823219,-0.407015486,-0.684570448,-1.574763775
289,-0.138985721,289,-0.0096886,-0.618312799,0.110267387,-0.41387309,-0.227087419,-1.561675478
290,-0.09020521,290,-0.006178695,-0.887184953,-0.348897919,-0.62531141,0.211133208,-1.54655759
291,1.72479588,291,-0.027219831,-1.057059736,-0.53901468,-0.710588717,-0.605651467,-1.385430873
292,1.716081543,292,-0.027104342,-0.992554309,-0.551855532,-0.768493975,-0.888773654,-1.384204335
293,1.597383039,293,-0.027023887,-0.991218445,-0.415530527,-0.652480561,-0.530739905,-1.421983843
294,-0.175532998,294,-0.005469927,-0.826016685,-0.235041782,-0.636177889,0.584259772,-1.604069102
295,1.099140965,295,-0.024944683,-0.597124659,-0.02194894,-0.438630074,-0.207324907,-1.741521639
296,1.197991368,296,-0.025604247,-0.703279375,-0.021303948,-0.377800535,0.026319552,-1.861794432
297,0.380206617,297,-0.010457356,-1.002040382,-0.437254289,-0.746385624,-0.667660037,-1.471591884
298,0.27899915,298,-0.010124032,-0.991186335,-0.337649089,-0.722554776,-0.290802669,-1.488521
299,0.411530128,299,-0.014057201,-0.768191947,-0.163623309,-0.511155936,-0.497307561,-1.680100013
300,0.469993003,300,-0.015455628,-0.732070039,-0.105798315,-0.545879291,-0.388920889,-1.723474589
301,1.185776196,301,-0.022591517,-0.950427056,-0.305834001,-0.593004515,-0.435759594,-1.47521012
302,2.185407319,302,-0.042759641,-0.386357965,0.256558197,-0.01356375,-0.671388256,-1.336754144
303,2.36713284,303,-0.048002364,-0.136233608,0.396010344,0.189696243,-1.346646867,-1.323153783
304,-1.284960238,304,0.001386633,-0.288814988,0.240917556,0.068211503,-0.102611513,-1.598420049
305,-1.202250549,305,-0.003640425,0.032870633,0.536755189,0.369267922,-1.088111529,-1.504497533
306,2.45236635,306,-0.040820764,-0.702466559,-0.089035043,-0.434873567,-0.295626982,-1.543629295
307,0.391592826,307,-0.021471262,-0.028665736,0.457570706,0.161420601,-1.70972554,-1.290634894
308,1.486517221,308,-0.031423816,-0.508431203,0.050779967,-0.2890402,-0.595891727,-1.265942653
309,1.526297338,309,-0.031657345,-0.538098051,0.046995114,-0.265328542,-0.624106534,-1.267645279
310,1.300333411,310,-0.029302743,-0.567621172,0.198997967,-0.290512052,-0.765665178,-1.267689226
311,0.103023591,311,-0.01437655,-0.429585073,0.13734954,-0.180757049,-1.1614984,-1.72632905
312,0.72401592,312,-0.026109108,-0.112579694,0.502030831,0.1352985,-1.048576706,-1.362712706
313,1.079582154,313,-0.028767949,-0.305126728,0.325016906,-0.028734397,-0.842757673,-1.435067317
314,0.797604021,314,-0.02431397,-0.415617671,0.349764566,-0.094108941,-0.851948088,-1.392367044
315,0.575642341,315,-0.025761911,0.029727055,0.495462321,0.184959673,-2.017358839,-1.420867261
316,0.716739819,316,-0.026854158,0.00466965,0.483819532,0.167424534,-1.891870764,-1.421489564
317,0.698921206,317,-0.026147193,-0.143171916,0.536467103,0.11358495,-1.694163061,-1.425563984
318,0.698492274,318,-0.026977584,-0.026757816,0.45518125,0.227452449,-1.370216181,-1.374400683
319,1.067616693,319,-0.028251822,-0.328400427,0.342745461,-0.089568856,-1.370235784,-1.444727062
320,0.341377228,320,-0.016081264,-0.562518743,0.022874051,-0.27832479,-0.738125333,-1.660856778
321,0.337484582,321,-0.015732731,-0.616255656,0.023998948,-0.258464207,-0.789068068,-1.665985751
322,0.68347948,322,-0.022273646,-0.438570172,0.179650745,-0.088549126,-1.249060786,-1.532444089
323,0.183331544,323,-0.016683123,-0.333147786,0.250726869,-0.120741019,-1.421823304,-1.588767754
324,0.153416605,324,-0.0169392,-0.260676167,0.343700159,-0.062301279,-1.071114836,-1.56301774
325,-0.435980018,325,-0.01015829,-0.324223082,0.409096153,0.057713839,-0.60679272,-1.599891709
326,-0.256500089,326,-0.012560098,-0.304521214,0.316160902,0.025146715,-1.658631174,-1.436441803
327,-1.151465425,327,-0.000728242,-0.293738923,0.254935562,0.010449276,-1.490514917,-1.415691723
328,0.228385827,328,-0.016472984,-0.440581859,0.022115467,-0.2393144,-0.7650862,-1.512426052
329,0.268238359,329,-0.01820975,-0.377712419,0.448716162,-0.052917462,-0.438230542,-1.542821626
330,-0.127420663,330,-0.01233668,-0.516606968,0.260889945,-0.126542392,-0.847590953,-1.601849052
331,1.497787897,331,-0.037350091,-0.0110721,0.428270986,0.093493967,-1.400390906,-1.509948384
332,1.183826288,332,-0.034437746,0.033180059,0.605592436,0.186224102,-0.535899939,-1.436975031
333,1.243792757,333,-0.031774175,-0.262413445,0.346935783,0.025268291,-0.839562226,-1.36939264
334,0.47392047,334,-0.026388311,0.163652582,0.747546679,0.408705602,-0.860445791,-1.413698113
335,0.661204805,335,-0.026970919,0.022375457,0.702757804,0.169766093,-0.409862619,-1.507881995
336,-0.512466134,336,-0.010682372,-0.111786349,0.469197092,0.301320625,-0.851440698,-1.480697525
337,0.67028881,337,-0.022045069,-0.364573737,0.284785478,-0.268122675,-1.041885712,-1.362968047
338,-0.011458924,338,-0.013891549,-0.440086837,0.098117351,-0.061962129,-1.42842397,-1.359773255
339,-0.343404832,339,-0.009802072,-0.424211819,0.182414584,-0.116994857,-1.644767877,-1.339453457
340,-0.163946547,340,-0.014129349,-0.166077518,0.408716776,0.120044659,-1.661131808,-1.464662698
341,-0.295420353,341,-0.012953567,-0.167438216,0.45092095,0.017879563,-1.163080444,-1.527390137
342,0.60235536,342,-0.018625748,-0.602700232,0.034051253,-0.404451282,-0.794508623,-1.63246208
343,0.754812191,343,-0.019543816,-0.787647221,-0.041810607,-0.366112739,-0.830716046,-1.670105918
344,0.474762009,344,-0.017346751,-0.554438068,0.039094998,-0.340767089,-0.400888071,-1.78484893
345,0.144877547,345,-0.013195267,-0.573884971,0.017707544,-0.348351937,-0.262495041,-1.676810553
346,-0.426507158,346,-0.0135886,0.00945743,0.66027653,0.311235563,1.527893654,-1.633588066
347,0.091635956,347,-0.02085247,0.040329191,0.761053743,0.299050562,1.139600512,-1.53083306
348,0.686314382,348,-0.027367762,-0.108167526,0.652071838,0.24329699,0.90382118,-1.689095114
349,1.288055336,349,-0.032209715,-0.354930558,0.356208001,-0.036412843,1.735528782,-1.520593299
350,0.279858223,350,-0.018004862,-0.437540812,0.28307653,-0.118151912,1.297855729,-1.399739958
351,1.022385245,351,-0.026822225,-0.456730596,0.256026988,-0.13534739,-1.348261936,-1.653369251
352,-1.937933069,352,0.008222011,-0.188780539,0.515282174,0.132885647,-1.123565384,-1.470654881
353,-1.836590767,353,0.007174059,-0.053571461,0.462907116,0.059386282,-1.250088629,-1.489907213
354,-2.075786506,354,0.008910623,-0.15464178,0.605542844,0.211019414,-1.232679485,-1.543593533
355,-2.222865602,355,0.010840646,-0.109232062,0.596755248,0.183149122,-1.233149118,-1.542331083
356,-0.903557392,356,-0.005595685,-0.191918795,0.519013449,0.136954942,-0.980995029,-1.661448141
357,-0.858532224,357,-0.006348437,-0.094225091,0.492947648,0.16458058,-1.031661346,-1.688601328
358,-0.517589551,358,-0.011021508,-0.152671836,0.549281353,0.160746088,-1.109133688,-1.752258632
359,0.160592512,359,-0.016336552,-0.393145937,0.247963426,-0.082580044,-1.013077086,-1.702143697
360,-0.541499034,360,-0.008167433,-0.32293019,0.320798954,0.001098409,-1.678142798,-1.602159204
361,-0.779259098,361,-0.006545102,-0.093396608,0.425360596,0.057921918,-1.588475643,-1.574264012
362,0.113193809,362,-0.017118687,-0.229511182,0.399813483,0.026407269,-1.105148933,-1.548739336
363,-0.497179946,363,-0.007780902,-0.384951248,0.23817077,-0.115485992,-0.72436271,-1.684982265
364,-0.002982489,364,-0.014655741,-0.303888358,0.315328684,-0.023193896,-1.258655801,-1.714544215
365,-0.39395181,365,-0.011603512,-0.252154406,0.34772238,0.120312285,-1.283593263,-1.241960381
366,-0.316667081,366,-0.01124103,-0.262266145,0.345099428,0.157158554,-1.35090461,-1.269740921
367,0.70535562,367,-0.022754475,-0.340368492,0.261268118,-0.186522092,-0.533396984,-1.751980791
368,0.575243149,368,-0.021575206,-0.325788777,0.329985848,-0.142134995,-0.636003096,-1.766977204
369,-0.004481153,369,-0.015130574,-0.185048303,0.3806336,-0.076059625,-1.776809381,-1.245753071
370,0.947414502,370,-0.025747225,-0.351309004,0.172292776,-0.125930592,-1.411353434,-1.782739228
371,-0.392595152,371,-0.010083789,-0.278587463,0.378478154,-0.003532401,-1.288738264,-1.510584682
372,-1.133166002,372,-0.000713707,-0.18575519,0.354421731,-0.008054456,-1.542111857,-1.460524456
373,-1.432115978,373,0.003128542,-0.287899518,0.369228707,-0.020688486,-1.671498973,-1.44297195
374,-0.069138514,374,-0.012040843,-0.341823274,0.27763178,-0.226486624,-1.028575394,-1.496727324
375,-0.248343241,375,-0.011445845,-0.332850454,0.143194547,-0.036861047,-1.239745063,-1.513279
376,0.665387245,376,-0.025307928,-0.198579234,0.551384034,0.11864729,-1.253029578,-1.445091196
377,1.657015599,377,-0.033514403,-0.493074694,0.118348065,-0.233069713,-1.207311398,-1.598909049
378,2.497075776,378,-0.047910256,-0.185112218,0.352201261,0.002975469,-1.330500434,-1.275124446
379,2.532724926,379,-0.049005796,-0.14934455,0.327683181,-0.009941962,-1.30584869,-1.280709796
380,2.397641479,380,-0.047011531,-0.149180021,0.311021157,-0.043780133,-1.068315134,-1.306306543
381,1.250714338,381,-0.034127883,-0.051573619,0.528530304,0.214265245,-1.644101663,-1.548038938
382,1.554856042,382,-0.031982876,-0.568424982,0.070509452,-0.330312434,-0.682123737,-1.506099654
383,0.192223738,383,-0.013365733,-0.590279353,0.049118611,-0.354411531,-0.51904776,-1.646164894
384,-0.269651886,384,-0.012974922,-0.17786059,0.428295627,0.043354217,-1.568186001,-1.498302062
385,0.356681722,385,-0.016849448,-0.547859518,0.122576077,-0.253966071,-0.531208868,-1.812118248
386,0.356681722,386,-0.016849448,-0.547859518,0.122576077,-0.253966071,-0.531208868,-1.812118248
387,0.379211984,387,-0.017390655,-0.549402762,0.128438643,-0.248814202,0.416538719,-1.613250789
388,1.406801528,388,-0.024829718,-0.951205228,-0.277580211,-0.648355711,-0.450922885,-1.624555637
389,0.871014055,389,-0.021590393,-0.715587082,-0.065786001,-0.43144355,0.000659615,-1.54678182
390,0.902491891,390,-0.021080716,-0.73487132,-0.070633881,-0.344646877,0.00422096,-1.544630886
391,0.591273715,391,-0.01726884,-0.762929659,-0.09921266,-0.475990545,0.129970745,-1.495709999
392,0.914195362,392,-0.021625374,-0.744641169,-0.044541673,-0.449643497,-0.710936693,-1.498724677
393,0.910847273,393,-0.021750911,-0.734981258,-0.061058358,-0.463758852,-0.720541951,-1.505402635
394,1.180986158,394,-0.024595412,-0.710120902,-0.146297099,-0.492325747,-0.257311932,-1.648373918
395,0.363472535,395,-0.018420879,-0.43904701,0.223520175,-0.128140634,-0.134171237,-1.683515897
396,1.502818888,396,-0.029901776,-0.611187065,-0.058238873,-0.413321332,-1.346690753,-1.447757917
397,0.13138729,397,-0.018378436,-0.111071124,0.497496427,0.014203734,-0.862004713,-1.418275123
398,0.30035356,398,-0.020668042,-0.197472157,0.396510802,0.053773946,-0.710450912,-1.514073336
399,0.317043152,399,-0.020632646,-0.185403819,0.275679514,0.113999538,-0.755923231,-1.504192631
400,0.684061889,400,-0.024198134,-0.362311686,0.418961172,-0.147813385,-1.110582455,-1.420368468
401,0.811506923,401,-0.025300869,-0.408425177,0.251944681,-0.109521592,-0.985768516,-1.386001061
402,0.702851588,402,-0.024691849,-0.17321522,0.411242095,0.054505383,-0.595518442,-1.442055184
403,0.630832751,403,-0.025463467,-0.194102242,0.395864248,0.044043565,-0.579781048,-1.441496321
404,0.286524457,404,-0.020541512,-0.103178073,0.592109635,0.184688049,-0.611725969,-1.482446785
405,0.107531315,405,-0.01904077,-0.014866734,0.546894679,0.212377666,-0.637184544,-1.629022224
406,0.390208086,406,-0.022032937,-0.172449033,0.545883119,0.184239932,-0.574106214,-1.634577702
407,0.315550228,407,-0.021575772,-0.073028526,0.442419355,0.064418561,-0.18705445,-1.705440314
408,-0.766988111,408,-0.004665081,-0.386633628,0.284708837,-0.038107484,-1.320895383,-1.313215818
409,-0.878971433,409,-0.003553871,-0.214701015,0.288961323,0.017155604,-1.07584693,-1.359756892
410,-1.658189087,410,0.005327968,-0.276705751,0.380266464,-0.004165293,-1.36520498,-1.414338287
411,-1.366340466,411,0.001614557,-0.196059422,0.481521265,0.076799616,-0.795812781,-1.369434644
412,-1.450127216,412,0.000918427,-0.199128123,0.478664707,0.128837403,-0.791963197,-1.368663018
413,-0.187349316,413,-0.016153475,-0.046246768,0.537319754,0.131244671,-1.321376603,-1.537853072
414,-1.629517326,414,-0.003116287,0.378242943,1.11750729,0.817354066,0.056440326,-1.456246995
415,-0.970877534,415,-0.012364657,0.540386262,1.100308269,0.648115606,-0.463754636,-1.411680972
416,-1.80606711,416,0.003261944,0.206828954,0.673401857,0.344335502,-0.19886638,-1.491362345
417,2.236736322,417,-0.043254904,-0.447290478,0.276194664,-0.094304535,-1.874278897,-1.531473433
418,1.265334556,418,-0.030849265,-0.383084792,0.313785215,-0.025706451,-1.214981189,-1.659959624
419,0.879537557,419,-0.027685714,-0.206670542,0.355862882,-0.027451175,-1.495600298,-1.319959247
420,0.584102728,420,-0.023605297,-0.210424296,0.374774438,0.094473967,-1.573410549,-1.395338931
421,0.82474335,421,-0.025063456,-0.298390846,0.287387905,-0.105239912,-1.069546786,-1.478275161
422,-0.775714529,422,-0.005658983,-0.232782205,0.436124171,-0.011041167,-1.555159096,-1.7662897
423,-0.745117818,423,-0.005744042,-0.24705408,0.412817657,-0.029951009,-1.546721101,-1.769369638
424,-0.720872161,424,-0.006251946,-0.251995729,0.43988027,-0.005676895,-1.46657197,-1.783804302
425,-1.439998317,425,0.00187242,-0.199067124,0.515770999,0.053659682,-0.918344703,-1.667133855
426,-0.818262319,426,-0.007566299,0.018827302,0.559483405,0.15691549,-1.359906444,-1.496978116
427,-0.937145336,427,-0.006136519,-0.03788631,0.555978107,0.247579312,-1.488823697,-1.468375272
428,-0.735122986,428,-0.008444557,-0.045529563,0.530723989,0.102221717,-1.110806687,-1.393524821
429,1.525831911,429,-0.031473526,-0.624258819,0.091633219,-0.355964803,-0.961510102,-1.417516812
430,0.753823667,430,-0.028168917,0.042117167,0.570264972,0.238370992,-1.494217282,-1.583908118
431,0.804274646,431,-0.028650402,-0.096000428,0.593962548,0.187606418,-1.168484016,-1.577065765
432,0.563303147,432,-0.022882951,-0.178167191,0.296381223,-0.001439914,-1.772483941,-1.61853085
433,0.964897212,433,-0.028790287,-0.21397925,0.46462271,0.075948692,-1.467559609,-1.669698341
434,0.17174398,434,-0.017717023,-0.246250227,0.331146056,0.010266758,-1.893185487,-1.456588424
435,0.24203906,435,-0.019492307,-0.173985726,0.437546824,-0.001591517,-1.286586046,-1.345799441
436,-0.060696468,436,-0.019460725,0.038192469,0.759142238,0.383244864,-0.940005329,-1.567129144
437,0.089418868,437,-0.02207741,0.098614255,0.70980338,0.434316887,-0.378645251,-1.614068259
438,0.510832914,438,-0.024508701,-0.058829636,0.551828326,0.232124066,-1.109785105,-1.357999275
439,-0.302333866,439,-0.011846649,-0.155787262,0.379992549,0.01933198,-0.627298567,-1.396587965
440,-0.27829494,440,-0.012657873,-0.105396098,0.447743994,-0.025167308,-0.588499325,-1.373132938
441,-0.52716428,441,-0.010563423,-0.192667865,0.543639503,0.164008855,-0.714626407,-1.339378739
442,-0.001928734,442,-0.012471914,-0.661978555,0.037453251,-0.22921272,-1.532483592,-1.520303218
443,-0.422568105,443,-0.012331008,-0.117428517,0.563213116,0.24936059,-1.175666753,-1.389073725
444,-0.451850143,444,-0.010803853,-0.140368078,0.490776649,0.096339978,-1.073669106,-1.435510685
445,-0.109996514,445,-0.014918791,-0.134303142,0.333111371,0.007349536,-1.264147904,-1.394820076
446,0.418942758,446,-0.022255156,-0.225807455,0.514484885,0.067578146,-0.778409143,-1.405089948
447,0.146514006,447,-0.022870755,0.160590712,0.640303355,0.388830065,-1.131487537,-1.416090254
448,1.405443031,448,-0.028950814,-0.539921809,0.012413839,-0.349713347,-1.10255696,-1.61593573
449,1.292957275,449,-0.028146552,-0.519205099,-0.072432269,-0.368161267,-1.062888079,-1.619533376
450,-0.374599887,450,-0.010933715,-0.147641535,0.298048593,0.036198895,-0.422496048,-1.206058502
451,-1.681687047,451,0.007148806,-0.333314814,0.301754802,-0.10890433,-1.63733204,-1.62287485
452,-1.609632202,452,0.006767376,-0.352721565,0.324371121,-0.111254111,-1.618280537,-1.615219971
453,-0.284948957,453,-0.009400927,-0.429640278,0.193584897,-0.162471662,-1.277612407,-1.64856654
454,1.542589827,454,-0.036708011,-0.076818794,0.386049797,0.060969881,-1.219285118,-1.472301669
455,0.340182197,455,-0.019664378,-0.184008498,0.284284535,-0.060676511,-1.491882038,-1.605167833
456,-0.056303224,456,-0.013135399,-0.283247786,0.189511134,-0.155619396,-0.93365191,-1.456752926
457,0.241229437,457,-0.012841872,-0.665714471,-0.030799216,-0.42733572,-0.911863599,-1.628552036
458,-0.43304221,458,-0.008449947,-0.344147958,0.297706644,-0.017613738,-1.063409629,-1.452075806
459,-1.069451842,459,0.000527032,-0.394577585,0.195350746,-0.087585399,-1.672749055,-1.501028715
460,-1.043019198,460,-0.004116885,-0.110806478,0.498392931,0.214953691,-1.531910642,-1.530195641
461,0.289887977,461,-0.016000864,-0.513954077,0.060086458,-0.205974779,-0.986758192,-1.7223417
462,0.775600243,462,-0.024732366,-0.338240126,0.327271878,-0.08263888,-0.877171906,-1.780021694
463,0.85229988,463,-0.025309443,-0.34470094,0.275076336,-0.063544027,-0.926337246,-1.781497624
464,0.986248542,464,-0.025897206,-0.464187374,0.161838058,-0.180298148,-0.853891435,-1.640635236
465,1.126835923,465,-0.026435674,-0.58784358,0.094768173,-0.355529735,-1.132981771,-1.404923823
466,-0.34237058,466,-0.0084113,-0.543149285,0.238749295,-0.188065533,-0.481111,-1.60354784
467,-0.329359945,467,-0.009156643,-0.534638278,0.223107517,-0.203677621,-0.477240231,-1.597050273
468,-0.024766524,468,-0.013688099,-0.293690308,0.169268943,-0.141772901,-0.703547887,-1.593808104
469,-0.24704602,469,-0.01128567,-0.406927461,0.383528162,-0.041211693,-0.621367832,-1.500130836
470,0.02417535,470,-0.015307716,-0.253892807,0.19228011,-0.064534224,-0.382715388,-1.388402463
471,0.091043909,471,-0.015909553,-0.305559072,0.301870026,-0.097540697,-0.323382572,-1.394248344
472,0.374529736,472,-0.019637637,-0.378337713,0.369357363,-0.088846442,-0.720012613,-1.480687163
473,0.486114094,473,-0.022655069,-0.207695098,0.35814117,0.109548769,-1.515603811,-1.631656458
474,-0.408280338,474,-0.007321196,-0.478219429,0.18996675,-0.282405266,-0.618179323,-1.563006526
475,1.212819653,475,-0.027795497,-0.595409323,0.160561441,-0.311018145,-1.059816574,-1.723995832
476,1.422711594,476,-0.032435759,-0.367418079,0.155143152,-0.06937086,-0.957145082,-1.696623228
477,1.502343872,477,-0.033074752,-0.36469462,0.212363234,-0.118023808,-1.068040668,-1.71226555
478,1.194948895,478,-0.02945614,-0.318944321,0.245928021,-0.112816465,-0.811669332,-1.696480896
479,1.147501489,479,-0.029880616,-0.298100712,0.305639361,-0.10308175,-0.828936067,-1.666127137
480,-0.995465497,480,-0.002722804,-0.21890898,0.422483563,0.040081755,-1.488355876,-1.542836324
481,0.848896332,481,-0.027378612,-0.267527899,0.346863557,0.03778728,-0.84809646,-1.411929699
482,1.092599631,482,-0.031259266,-0.195981431,0.432848967,0.099420529,-1.076088828,-1.712713625
483,0.935702396,483,-0.028055941,-0.223789198,0.417595693,0.063500785,-0.90918556,-1.537874023
484,-0.094535291,484,-0.013471331,-0.348990701,0.26874797,-0.086498758,-1.729387626,-1.504532678
485,-1.174571796,485,0.000228728,-0.302797792,0.364752804,-0.025086296,-1.30920966,-1.540858691
486,-1.160317566,486,0.001301809,-0.382105634,0.189490785,-0.127180256,-1.840492685,-1.572357764
487,-1.278920709,487,0.0024206,-0.24253709,0.194824236,-0.114792502,-1.589515355,-1.542404352
488,-1.368826298,488,0.004260761,-0.320415041,0.157256822,-0.153227924,-1.631578919,-1.574804194
489,0.168972615,489,-0.022484613,0.070943384,0.728114129,0.328168451,-0.782410541,-1.431605738
490,0.014636805,490,-0.020659518,0.145827626,0.758430827,0.393384086,-1.11657324,-1.395327513
491,1.358113338,491,-0.039814979,0.182188265,0.782501213,0.524218728,-0.315422356,-1.437175344
492,1.517831319,492,-0.042608144,0.221787427,0.846537019,0.566773853,-0.089624035,-1.422132253
493,1.740237961,493,-0.045551796,0.250244472,0.883981734,0.590241371,-0.016490549,-1.410963651
494,-0.479428359,494,-0.01982419,0.548934449,1.262339176,0.828639854,-0.32331268,-1.439667093
495,0.415682829,495,-0.029366432,0.384231138,0.934319844,0.633132244,1.724733067,-1.582928292
496,0.209747605,496,-0.02462537,0.203590846,0.94047919,0.516871443,1.583886644,-1.530591883
497,1.168114694,497,-0.039017778,0.4506827,0.992533092,0.629016186,0.754609231,-1.514874572
498,-1.795400061,498,0.004353409,-0.008382403,0.518141485,0.191168593,-1.4982646,-1.469303073
499,-1.58405129,499,0.010549189,-0.783691858,-0.114774137,-0.483660151,-0.312920865,-1.301830421
500,-1.579172002,500,0.012840915,-0.807419001,-0.115777165,-0.468031461,-0.37245407,-1.312550095
501,0.603978382,501,-0.028288224,0.139420447,0.853062227,0.482909618,-0.752877062,-1.52913946
502,0.393810991,502,-0.026528363,0.283826159,0.820151742,0.437186386,-0.812959801,-1.526384787
503,0.158877669,503,-0.025071774,0.245609767,0.96250714,0.614244335,-0.917939832,-1.554660066
504,0.507300374,504,-0.026909902,0.046115046,0.847576093,0.33373292,0.389944959,-1.554673528
505,0.170291312,505,-0.023318071,0.214616215,0.679764155,0.446181941,-0.163269687,-1.575053169
506,1.53124482,506,-0.036981948,-0.011855746,0.464492807,0.222528349,-0.430494929,-1.642366171
507,1.128544502,507,-0.030500364,-0.230106172,0.547377506,0.064435705,-0.524855437,-1.565855413
508,1.535527373,508,-0.034292121,-0.458324574,0.238613374,-0.192095185,-1.736599535,-1.518749824
509,0.452025907,509,-0.023655487,-0.153499162,0.612185256,0.114774964,-0.816982291,-1.598436352
510,0.125405709,510,-0.0177942,-0.215468541,0.32900778,0.106999739,-1.797873555,-1.652799431
511,1.887400786,511,-0.038068552,-0.412734853,0.264510792,-0.186728736,-0.859193642,-1.547021724
512,1.850904397,512,-0.037401531,-0.43942116,0.273394693,-0.192236115,-0.93986784,-1.550277308
513,1.536874296,513,-0.034890766,-0.303372279,0.28518531,-0.03211688,-1.43941805,-1.517867912
514,1.776919819,514,-0.037245816,-0.343522529,0.245114415,-0.115719181,-1.033359386,-1.49082676
515,1.29800576,515,-0.033554751,-0.146580122,0.461345083,0.063129862,-0.844457212,-1.40419041
516,0.984689114,516,-0.027933357,-0.342996553,0.28692401,0.054726518,-0.469968863,-1.42203721
517,-0.268124683,517,-0.011502756,-0.252616268,0.261372149,-0.038899188,-1.445691975,-1.58670204
518,1.034482053,518,-0.029476556,-0.303863612,0.47055819,0.027985838,-0.947352452,-1.472881293
519,1.010774734,519,-0.031629858,-0.049286943,0.542769213,0.282718311,-0.950214009,-1.44638753
520,0.487316368,520,-0.025710404,-0.030109826,0.630649996,0.173515174,-1.294105019,-1.44806804
521,1.547895085,521,-0.030475369,-0.627028009,-0.091504344,-0.575022468,-0.976050957,-1.558562445
522,0.373088626,522,-0.0159971,-0.545757039,0.006779584,-0.454432632,-0.402974374,-1.459917882
523,0.205608027,523,-0.013525088,-0.611923046,0.012987937,-0.470667665,-0.392329046,-1.475994369
524,1.251658633,524,-0.030341226,-0.573381611,0.240720058,-0.009305749,-1.07598439,-1.431063058
525,1.186286339,525,-0.030103904,-0.174840109,0.211522729,-0.159292904,-0.490124236,-1.37744957
526,0.399548116,526,-0.018570251,-0.542399564,0.336442006,-0.055736936,-1.118990096,-1.363406087
527,0.430034045,527,-0.018332983,-0.412028931,0.320558749,-0.233198752,-0.548118378,-1.501415177
528,0.214640409,528,-0.016532372,-0.405352121,0.151645751,-0.0093108,-0.154559019,-1.46668716
529,-0.955305739,529,0.000804663,-0.469569264,0.16139755,-0.259204202,-0.732889966,-1.477602813
530,1.564460901,530,-0.031031342,-0.653979147,-0.056866398,-0.331601329,-0.83882893,-1.545777457
531,1.564460901,531,-0.031031342,-0.653979147,-0.056866398,-0.331601329,-0.83882893,-1.545777457
532,1.012391551,532,-0.029540443,-0.166141025,0.459540615,0.020081683,-1.481189661,-1.603631799
533,0.803075618,533,-0.024180748,-0.378425002,0.24395991,-0.063223044,-0.769897449,-1.455467256
534,1.056746814,534,-0.02676919,-0.344751097,0.182038425,-0.13507384,-1.678926144,-1.492506912
535,1.075768782,535,-0.027893823,-0.345755595,0.175318577,-0.098782771,-1.835065754,-1.497519568
536,-0.443247699,536,-0.006060968,-0.514172452,0.132269469,-0.289429877,0.331165945,-1.544072627
537,-1.179786641,537,-0.000590877,-0.229268422,0.365329373,-0.035332685,-1.234896601,-1.497537448
538,-1.245836652,538,0.000380938,-0.292088117,0.303156575,0.047384683,-1.593609044,-1.509296565
539,-1.425737707,539,0.003998651,-0.249355968,0.26914247,0.005081501,-1.48531597,-1.528938649
540,-1.067915509,540,-0.00253715,-0.234420456,0.413261219,0.001655462,-1.651492937,-1.549157753
541,-1.051288797,541,-0.001812273,-0.223400105,0.419705185,0.015364237,-1.612440032,-1.544141749
542,-1.112193461,542,-0.002024196,-0.238656978,0.437329595,0.016118095,-1.648494426,-1.55582083
543,-1.143212238,543,-0.000457215,-0.310112875,0.395280277,0.082710168,-1.756071094,-1.601903715
544,0.110596884,544,-0.01897429,-0.038086891,0.449296564,0.058918374,-0.682537564,-1.644943355
545,-1.134197829,545,-0.003517115,0.104523504,0.592341501,0.192649682,0.393951061,-1.5792245
546,-1.066127503,546,-0.007306786,0.239320845,0.709956358,0.306599612,-1.220249947,-1.49148777
547,-0.850046658,547,-0.00767035,-0.088042615,0.572410514,0.265477893,-0.785243081,-1.504502137
548,0.838202157,548,-0.0307834,0.071454328,0.694215758,0.239397504,-0.482576307,-1.574707835
549,0.773344284,549,-0.024905523,-0.399471226,0.244032815,0.009170189,-1.083871003,-1.439054194
550,0.298896594,550,-0.021345181,-0.051665115,0.56519537,0.106661305,-0.682913081,-1.584682871
551,0.79063764,551,-0.031411784,0.207157196,0.821865913,0.351659662,0.021964001,-1.558251205
552,-0.481629361,552,-0.01317999,0.035417862,0.658175805,0.39645917,-0.358439898,-1.463828003
553,-0.855824127,553,-0.009016789,0.048880819,0.758900711,0.27100906,-0.46818313,-1.447537677
554,0.84517267,554,-0.025054234,-0.327768855,0.199301301,-0.040967595,-1.511052526,-1.698923243
555,0.583705754,555,-0.023664783,-0.212334619,0.478650194,0.009912009,-1.284288409,-1.672752397
556,1.812959008,556,-0.042976788,0.086305427,0.620992728,0.338785972,-0.698199618,-1.697131155
557,0.856632257,557,-0.029930325,-0.034341809,0.657904618,0.218451003,-1.201892603,-1.688521502
558,0.459980978,558,-0.021558246,-0.248623523,0.325038222,0.02838444,-0.83154823,-1.739056143
559,0.639752876,559,-0.026410164,-0.046764623,0.515594795,0.228723281,0.617779547,-1.735525164
560,0.112916466,560,-0.019631423,-0.065950672,0.565457125,0.13845726,0.219612763,-1.709777519
561,-1.067250438,561,-0.002588273,-0.166539964,0.427446953,0.069978465,-0.776809757,-1.472951252
562,-1.643764543,562,0.007012003,-0.405390279,0.268777329,-0.109898534,-0.938002948,-1.327054654
563,-1.488311658,563,0.006746216,-0.369263249,0.271127093,-0.155133542,-0.901059992,-1.299621985
564,-0.885279064,564,-0.004876472,-0.100214889,0.481942052,0.19724223,-1.06982599,-1.298753654
565,-1.055259613,565,-0.005613382,-0.015801594,0.551862351,0.222825142,-1.407820731,-1.319157868
566,-1.0019135,566,-0.004454576,-0.083115119,0.586605829,0.225850936,-1.360222292,-1.333709398
567,0.546846701,567,-0.019553732,-0.371300853,0.085325959,-0.185086497,-1.706592993,-1.312556367
568,0.406019369,568,-0.019586079,-0.400073816,0.199316461,-0.035080563,-1.600325784,-1.291829013
569,-0.772211223,569,-0.006842152,-0.111184768,0.456230561,0.014329819,-1.372451283,-1.367709133
570,1.29817683,570,-0.030331053,-0.419548432,0.222568521,-0.051886658,-0.902806881,-1.716386898
571,-0.425177918,571,-0.009579791,-0.347562747,0.337694949,-0.134585209,-1.017847841,-1.341318544
572,-1.234301404,572,-0.004178682,0.100059307,0.623848071,0.344792349,-0.811627289,-1.451236503
573,-0.020526906,573,-0.012061489,-0.49786487,0.095852195,-0.323174473,-0.944297628,-1.409854085
574,1.244486552,574,-0.032815549,-0.249173988,0.374906264,0.113680449,-0.239511609,-1.524785775
575,1.22564238,575,-0.032381424,-0.214090837,0.420464565,-0.047494864,-0.761576904,-1.537805517
576,-0.076379981,576,-0.016079632,-0.079498223,0.613833538,0.094099367,-0.879367774,-1.438240701
577,1.318800044,577,-0.031721403,-0.351327326,0.23636774,0.042507234,-1.115078277,-1.575789557
578,1.135579917,578,-0.031616373,-0.157469347,0.571303754,0.162292698,0.571081825,-1.371575419
579,-0.109676391,579,-0.005217324,-0.934196988,-0.403062904,-0.736700147,-0.02482719,-1.513240196
580,0.570982158,580,-0.016257328,-0.6796121,-0.186431209,-0.537537407,0.596049827,-1.177672345
581,-0.910218544,581,-0.001026772,-0.367600257,0.123019898,-0.217413257,-1.21740812,-1.464322655
582,-2.164790483,582,0.013096142,-0.180905204,0.297702305,-0.045622337,-1.277373976,-1.378424993
583,-2.652954816,583,0.019723958,-0.186570589,0.219638077,0.00232549,-1.241610182,-1.373944008
584,-2.282284853,584,0.01424488,-0.376120021,0.4144572,-0.062967002,-1.218606722,-1.343252189
585,-1.503832156,585,0.003652471,-0.281962939,0.259694881,0.072855071,-1.777166369,-1.377059514
586,-1.254351572,586,0.000492156,-0.083509086,0.247415426,-0.108866762,-1.907437895,-1.387666241
587,-1.247937383,587,3.13E-05,-0.189767426,0.422399364,-0.058082446,-1.820868658,-1.414326177
588,-1.192134751,588,0.001687059,-0.248245161,0.223731248,-0.134663839,-0.710743563,-1.426818436
589,-1.244248618,589,0.001319793,-0.309074285,0.263937574,-0.0833212,-0.730900753,-1.447936705
590,-0.987896855,590,-0.002243937,-0.338345261,0.352582425,-0.023271092,-1.207500996,-1.528900662
591,-1.095274225,591,-0.000804903,-0.369515952,0.345416463,-0.095595678,-1.389158746,-1.516384624
592,0.206581453,592,-0.016926195,-0.403491028,0.285759541,-0.11217558,-1.142570557,-1.547606521
593,-0.21727714,593,-0.012460334,-0.25214814,0.292272226,-0.034023735,-1.170363311,-1.573862219
594,-0.346015854,594,-0.013141421,-0.181556718,0.599776991,0.207089193,-0.376821534,-1.567589896
595,-0.150432947,595,-0.016296156,0.020019012,0.462928232,0.207329561,-1.345630751,-1.411138969
596,-0.005080692,596,-0.018054055,-0.085082274,0.609221839,0.237095019,-1.287153237,-1.405572487
597,0.900161112,597,-0.02326549,-0.582691072,0.064116021,-0.419191857,-1.155454586,-1.396906404
598,1.070250237,598,-0.025207125,-0.428254667,-0.090026078,-0.338217742,-0.94611768,-1.403566257
599,0.408384557,599,-0.014836783,-0.847956572,0.047152744,-0.432812034,-0.663157437,-1.498250821
600,0.082266684,600,-0.00831555,-0.878243544,-0.234368588,-0.699964352,-0.140237013,-1.609774467
601,0.669911775,601,-0.019239549,-0.692666315,0.026053335,-0.450463359,-0.38248518,-1.490142368
602,0.726234818,602,-0.019806164,-0.676757412,0.010158013,-0.441353382,-0.397095535,-1.493158326
603,0.641954811,603,-0.017204446,-0.721761945,-0.112322909,-0.452655193,-0.433180029,-1.541649268
604,0.527477706,604,-0.012648445,-0.986212993,-0.286574494,-0.707940635,-0.743591153,-1.380436555
605,-0.361441723,605,-0.013943972,-0.066999315,0.538204449,0.192507624,-0.87606361,-1.550722735
606,-1.139363889,606,-0.002323225,-0.117879166,0.452972613,0.150491363,-1.014690689,-1.496622966
607,1.666132299,607,-0.035959429,-0.364474976,0.238697932,-0.105269617,-1.311812369,-1.492476005
608,-0.465627444,608,-0.009495728,-0.206154551,0.376342812,-0.079706545,-1.723702834,-1.539093261
609,-0.719382592,609,-0.007032232,-0.153914343,0.370581701,0.06704207,-1.248432521,-1.576518518
610,0.874832369,610,-0.022904297,-0.661620233,0.129240066,-0.316987591,-0.906228465,-1.594379307
611,0.919900803,611,-0.024253424,-0.409825872,0.051213476,-0.244355839,-1.265475296,-1.552597078
612,1.15864943,612,-0.031406723,-0.301219725,0.318863466,0.068218305,-1.269756583,-1.504827758
613,0.887371836,613,-0.029725502,-0.014046158,0.579824859,0.099063669,-1.508529266,-1.576571245
614,0.425837283,614,-0.024585874,0.038756077,0.624908465,0.283916877,0.289679442,-1.526333329
615,-0.309812879,615,-0.022533327,0.448921733,1.205739111,0.822320555,-0.04250729,-1.68051913
616,-0.27378524,616,-0.020529183,0.443297817,1.014031775,0.624617264,-0.47311952,-1.603589091
617,0.259657439,617,-0.029587463,0.538170926,1.161966517,0.779706638,-0.520447345,-1.47241713
618,-0.185509724,618,-0.020254639,0.327956047,0.950463505,0.609320626,-0.605705858,-1.511594721
619,0.665315263,619,-0.033474429,0.518937163,1.081856272,0.716290828,0.412882764,-1.385519939
620,0.331789505,620,-0.026799561,0.324999231,0.86923871,0.501514847,-0.577443011,-1.457912306
621,0.537984826,621,-0.029976902,0.22147513,0.925878901,0.576815713,-0.494157982,-1.393479742
622,0.491304138,622,-0.022832363,-0.262444518,0.542116494,0.13518294,-0.36100718,-1.499481186
623,0.638186147,623,-0.023465816,-0.227794413,0.240971532,-0.092356085,-0.554069462,-1.560754956
624,2.011988362,624,-0.038873978,-0.389230758,0.15991575,-0.214391196,-0.986586263,-1.519243229
625,0.815139387,625,-0.026209646,-0.204800123,0.336053435,-0.015135133,-1.066802389,-1.649503756
626,-0.513182517,626,-0.010859901,-0.052392972,0.4418315,0.13273804,-1.349029858,-1.500616161
627,1.675393916,627,-0.03407235,-0.422680709,0.129248784,-0.24144518,-1.466612498,-1.566921335
628,-1.90798141,628,0.00729828,-0.073338157,0.529630381,0.148367172,-1.052651842,-1.69282619
629,-0.078882932,629,-0.016972484,-0.09498612,0.591172858,0.192976466,-0.262670928,-1.627284931
630,0.598900619,630,-0.022151421,-0.34935883,0.246062523,-0.001961322,-1.691997611,-1.372981575
631,0.598909923,631,-0.022998036,-0.257287124,0.248028635,-0.014288572,-1.588711656,-1.41919903
632,0.732871049,632,-0.024127423,-0.293234229,0.280900957,0.014482422,-1.497350804,-1.411334209
633,2.181605369,633,-0.036357221,-0.974661212,-0.261878596,-0.54519597,-0.18177481,-1.591745756
634,1.745793275,634,-0.030460064,-0.888745168,-0.253857761,-0.633312558,-0.484483209,-1.434370631
635,1.722843151,635,-0.029791438,-0.953174901,-0.274648097,-0.586625403,-0.5863798,-1.440876551
636,1.345922011,636,-0.029688393,-0.427686353,0.220148584,-0.248933634,-0.783792417,-1.385628987
637,0.527393646,637,-0.021900407,-0.207785909,0.425730926,-0.039900244,-1.223520434,-1.536406661
638,0.302989075,638,-0.021717149,-0.164406943,0.418957351,0.16417214,-0.689006268,-1.397366396
639,0.120962904,639,-0.022229411,0.071202847,0.71024467,0.292493171,-0.015309798,-1.241764011
640,2.068941276,640,-0.048686036,0.206017313,0.840592077,0.292999705,-0.879263833,-1.420381128
641,1.486383261,641,-0.038812817,0.017994281,0.539371633,0.272834488,-0.990152412,-1.253723779
642,2.082185528,642,-0.041104576,-0.28647143,0.299509414,-0.014017216,-0.994818586,-1.432385707
643,1.884885885,643,-0.041050451,-0.045052823,0.450013482,0.151488742,-1.573192082,-1.451988634
644,1.799109611,644,-0.041675798,-0.017766111,0.429146269,0.1474891,-1.612914339,-1.449787442
645,0.763199024,645,-0.022399792,-0.618074609,0.187483842,-0.262506343,-0.592816839,-1.540297113
646,0.597518053,646,-0.016989652,-0.836928561,-0.003059059,-0.371667848,-0.634960247,-1.486252267
647,0.640057169,647,-0.017264979,-0.873460756,-0.04281822,-0.461960918,-0.64613255,-1.509006509
648,0.667617511,648,-0.018690757,-0.752842143,-0.071685866,-0.39157617,-0.79797292,-1.495106185
649,-0.623635246,649,-0.001424851,-0.69714367,-0.106967549,-0.449534498,-0.373148052,-1.585057087
650,0.195043253,650,-0.012087189,-0.734847802,-0.087141438,-0.489315023,-0.921254195,-1.587864361
651,-0.500173711,651,-0.005026471,-0.55022599,0.116712231,-0.35924067,-0.772332165,-1.717983901
652,-0.104439438,652,-0.014649596,-0.162766111,0.421352938,-0.028111423,-1.630018683,-1.325035634
653,0.479191028,653,-0.019534356,-0.393983247,0.235537125,-0.254602368,-1.371227227,-1.098218943
654,0.565341718,654,-0.023277879,-0.083383049,0.282429657,0.037149311,-1.812628944,-1.354076994
655,0.514665766,655,-0.020856834,-0.375558522,0.229564177,-0.04391303,-2.217790865,-1.403369874
656,0.736988289,656,-0.023999907,-0.233397005,0.226162619,-0.09211268,-1.966797818,-1.399782786
657,-0.278990418,657,-0.011485725,-0.266004055,0.400979214,-0.053112828,-1.001040378,-1.602181828
658,-0.825983488,658,-0.008528754,0.070964268,0.680341858,0.249386922,-1.475798688,-1.504124128
659,0.256622495,659,-0.017126637,-0.331872793,0.317121643,-0.138945848,-0.914330789,-1.665857917
660,0.754513499,660,-0.025824786,-0.246547894,0.333698175,-0.02565374,-1.487224003,-1.380392463
661,0.456702731,661,-0.021660223,-0.260863634,0.34013412,-0.04376762,-0.962545491,-1.465179188
662,-0.732709171,662,-0.004358666,-0.31672046,0.257233621,-0.049508002,-1.787347195,-1.642092349
663,-0.243139584,663,-0.013568168,-0.25890395,0.401642379,0.031238037,-1.380825787,-1.34722489
664,0.028714926,664,-0.017964168,-0.021048337,0.519688529,0.269833925,-0.836578572,-1.414648771
665,1.093179112,665,-0.032673385,0.044958188,0.626406677,0.31247724,-0.613834357,-1.562350293
666,1.032931359,666,-0.033763414,0.038685508,0.627805095,0.331358143,-0.61052303,-1.551914214
667,0.807873007,667,-0.030677345,0.019529538,0.6826296,0.237187057,-0.319856221,-1.569959249
668,0.935057272,668,-0.030138405,0.034811833,0.683838393,0.21024368,-0.240842175,-1.56369635
669,0.230848307,669,-0.019258429,-0.09385674,0.510327166,0.079914223,-1.049590467,-1.736891252
670,-0.257722737,670,-0.013148736,-0.104863951,0.518289868,0.070675266,-1.310302004,-1.659178038
671,0.149970409,671,-0.016816439,-0.323801189,0.296499757,-0.152622271,-1.27075668,-1.66538658
672,0.292491935,672,-0.017395334,-0.354926757,0.287398976,-0.148663244,-1.4914034,-1.548320632
673,0.097400689,673,-0.013068463,-0.481683026,0.067418093,-0.255810525,-1.417698693,-1.540355994
674,0.835467159,674,-0.03153139,0.106930555,0.786968681,0.34263513,-0.664020183,-1.493004211
675,1.247645284,675,-0.03742664,0.127139209,0.84327502,0.408235269,-0.74573281,-1.696675114
676,0.587311049,676,-0.01684752,-0.678000993,-0.200987744,-0.510070237,-0.092327491,-1.401103264
677,1.132535476,677,-0.025288512,-0.744905266,0.042083879,-0.379720675,-0.146709631,-1.440694052
678,1.101271236,678,-0.02493066,-0.573110671,-0.063776456,-0.442456818,-0.083899721,-1.475742466
679,0.586452629,679,-0.019737742,-0.600656101,0.182170771,-0.218165564,-0.683756527,-1.428391603
680,0.643112355,680,-0.021468895,-0.399334724,0.088865895,-0.177153417,-0.528734377,-1.455783
681,0.707641807,681,-0.024000682,-0.406277822,0.329537427,-0.049335721,-0.987290545,-1.397843891
682,2.069790464,682,-0.03908442,-0.42989887,0.164653781,-0.260584787,-0.176359702,-1.476534461
683,2.555622624,683,-0.044506031,-0.546832893,0.081090436,-0.268982799,-0.155057685,-1.376302626
684,0.687150406,684,-0.021702176,-0.433904467,0.223449538,-0.18487917,-1.149490205,-1.439966308
685,0.392612572,685,-0.017716814,-0.5006383,0.094172923,-0.179215005,-1.426582161,-1.4609394
686,0.305583947,686,-0.017503253,-0.475926467,0.221726593,-0.188612424,-1.054215937,-1.465554356
687,2.42453969,687,-0.035461602,-1.084471903,-0.620060158,-0.853706654,-0.121612248,-1.5570698
688,2.454056095,688,-0.036100109,-1.082571286,-0.60535322,-0.847452792,-0.114856087,-1.55701148
689,0.797833103,689,-0.011060102,-1.49706389,-0.705364045,-1.116184462,0.256091684,-1.465819001
690,0.595176707,690,-0.008787066,-1.361852523,-0.90934609,-1.116126286,0.294485715,-1.473874352
691,0.618935445,691,-0.008500489,-1.39070529,-0.625627805,-1.197543718,0.346142229,-1.427333649
692,0.437615376,692,-0.008892917,-1.233802036,-0.750016024,-0.935325835,0.145996471,-1.423039379
693,-0.206067658,693,-0.002111986,-1.140345883,-0.431377473,-0.932954078,0.03537914,-1.354938898
694,-0.177057037,694,-0.002681769,-1.061956776,-0.558146901,-0.803432425,0.030542564,-1.350045015
695,1.610563644,695,-0.026165946,-0.997454284,-0.405234213,-0.808843635,-0.306552933,-1.710558511
696,1.232415499,696,-0.024399796,-0.781828215,-0.191589308,-0.594518205,-0.006525481,-1.613707627
697,0.861629978,697,-0.01080116,-1.553435878,-0.856917319,-1.183104528,0.056620534,-1.536407144
698,0.748413284,698,-0.013824027,-1.141186176,-0.481710993,-0.935197801,0.493095076,-1.419656751
699,0.872930373,699,-0.019772708,-0.782888449,-0.084715994,-0.595320911,-0.217298324,-1.728822967
700,0.900272462,700,-0.020246222,-0.833183836,-0.204738207,-0.512906775,0.022648191,-1.742519835
701,1.580190926,701,-0.028935285,-0.772762908,-0.208036047,-0.53478908,-0.594788581,-1.633976031
702,1.293355048,702,-0.02819264,-0.565175581,0.057113978,-0.359449421,-0.656714296,-1.61255219
703,-0.129389999,703,-0.008589933,-0.661472612,-0.037260719,-0.458409329,0.728004814,-1.732914495
704,0.088520112,704,-0.014324292,-0.459688067,0.136564022,-0.160940928,0.703184972,-1.575682828
705,0.049997616,705,-0.012842253,-0.492289665,0.077284195,-0.250579782,0.627274849,-1.578410373
706,0.011390292,706,-0.008669201,-0.808291242,-0.182130085,-0.591564853,-0.789329629,-1.626906499
707,0.205461508,707,-0.010824124,-0.756217842,-0.146112997,-0.531285949,-0.669078577,-1.616382102
708,0.152187081,708,-0.022878311,0.145531476,0.760799447,0.370417717,-0.713463097,-1.427332275
709,0.152187081,709,-0.022878311,0.145531476,0.760799447,0.370417717,-0.713463097,-1.427332275
710,1.458644508,710,-0.033875753,-0.311404129,0.303735326,-0.07023711,-1.315395332,-1.354679003
711,0.689471184,711,-0.023345386,-0.270482687,0.340892674,-0.145373489,-1.475337705,-1.721255605
712,0.10962876,712,-0.016632607,-0.333946091,0.272952733,0.050712598,-1.225829714,-1.645661971
713,0.571711711,713,-0.023669679,-0.193010174,0.471269619,0.032887964,-0.424420187,-1.56698918
714,0.771794614,714,-0.028117894,-0.07734817,0.509986349,0.23880719,-0.644019161,-1.394003997
715,2.785611384,715,-0.049956859,-0.364671068,0.16751177,-0.094538205,-0.83679091,-1.536648772
716,2.594316441,716,-0.045549188,-0.507524044,0.100398989,-0.314039522,-1.531594166,-1.523691867
717,0.452534631,717,-0.019728547,-0.380038349,0.293294468,-0.164222791,-0.711574358,-1.460031578
718,2.168266655,718,-0.039118479,-0.617072499,-0.12187533,-0.324116878,-0.813879701,-1.591040442
719,2.131573701,719,-0.039079036,-0.614887148,-0.047656936,-0.295719499,-0.802963105,-1.58091126
720,1.831488905,720,-0.034226134,-0.574852939,0.047491597,-0.419917244,-1.195398885,-1.59577044
721,2.025774322,721,-0.037898093,-0.646956636,-0.025273489,-0.256155367,-1.03093166,-1.586751743
722,2.156645636,722,-0.038119763,-0.57243198,-0.07569958,-0.342783002,-0.936039262,-1.581184208
723,0.226292785,723,-0.020418427,-0.024432701,0.304573351,0.195192824,-1.563510982,-1.308230239
724,0.024038229,724,-0.018141233,-0.059809908,0.470360323,0.111247645,-1.520663343,-1.376671443
725,-0.047031544,725,-0.016807643,0.009228652,0.45020147,0.098998318,-1.496527279,-1.379514594
726,-0.56778061,726,-0.010610482,-0.058411493,0.540941372,0.198479215,-1.53193309,-1.44886153
727,0.645539284,727,-0.02432465,-0.244902456,0.449663649,0.000285659,-0.227312823,-1.358282248
728,0.548515283,728,-0.024470132,-0.112124846,0.456635186,0.181090664,-0.529892305,-1.346553276
729,1.361526003,729,-0.037649428,0.048262799,0.697951129,0.181811926,-0.968848401,-1.199968425
730,0.788470121,730,-0.029600517,0.003146357,0.448254398,0.271513659,-1.469705972,-1.274677789
731,1.069719917,731,-0.029954121,-0.167145551,0.505449562,0.055262084,-1.149501676,-1.441440387
732,0.689375315,732,-0.026698764,0.071592284,0.51372754,0.193197311,-1.44926605,-1.433552259
733,-0.037461928,733,-0.016484608,-0.121483433,0.449691381,0.151482346,-1.199842909,-1.49019311
734,-0.085525127,734,-0.015765616,-0.215090509,0.405283562,0.110150891,-1.276682651,-1.617352119
735,0.090037892,735,-0.015498655,-0.394754427,0.212751534,-0.077267762,-1.081805222,-1.569462054
736,0.805574671,736,-0.026246873,-0.250773446,0.491361584,0.003272855,-1.56572269,-1.680034741
737,0.287879654,737,-0.016044813,-0.575839168,0.204863972,-0.30339532,-0.346558907,-1.594780262
738,0.797733555,738,-0.026794214,-0.173101229,0.269752716,0.083049563,-1.371814913,-1.424730404
739,1.59190699,739,-0.035433733,-0.355315543,0.460025169,-0.052339065,-0.772282085,-1.374763256
740,1.29055845,740,-0.033432086,-0.126689052,0.253130568,0.097088584,-1.022366315,-1.283466545
741,1.261809926,741,-0.032384244,-0.234324853,0.388369767,0.012815553,-1.087809237,-1.305990394
742,0.894189258,742,-0.026396187,-0.260576823,0.293840111,-0.020077994,-1.718935489,-1.529937416
743,0.960323652,743,-0.026808007,-0.234531321,0.309683979,-0.108969817,-1.709913688,-1.521706967
744,2.311784148,744,-0.044972837,-0.322757362,0.292836724,-0.012238357,-1.049179288,-1.541422982
745,1.970326503,745,-0.041411788,-0.272676321,0.338644003,0.038043287,-0.942990351,-1.489480461
746,-0.623392758,746,-0.007818766,-0.216802619,0.394759035,-0.021369255,-1.146676026,-1.540715668
747,-0.486100721,747,-0.009712117,-0.192773491,0.503572593,0.156506237,-0.939302669,-1.513469886
748,-0.925500475,748,-0.005573257,-0.19619455,0.483666523,0.104731454,-1.272275145,-1.437509144
749,-0.977950134,749,-0.00381657,0.003495534,0.451198467,0.047497836,-1.082701272,-1.461492528
750,-0.86077689,750,-0.004672084,-0.024358004,0.395536027,-0.007754303,-1.210087541,-1.421537933
751,-0.98351406,751,-0.00312812,-0.429590781,0.3671986,0.050146555,-1.299463545,-1.40591241
752,-1.124350871,752,0.000708513,-0.312101038,0.253738025,-0.043948043,-1.76801152,-1.436136674
753,1.185925647,753,-0.033889481,-0.126988601,0.529929504,0.200791487,-1.333821545,-1.567388685
754,-0.342325599,754,-0.008322742,-0.550147403,0.095502494,-0.208375293,-0.763563762,-1.541944559
755,1.148551319,755,-0.025104254,-0.638024352,0.007621138,-0.398135709,-0.701209549,-1.707831481
756,-0.142219153,756,-0.016184289,-0.009235637,0.596633061,0.19673632,-1.359803238,-1.419491165
757,-0.062424842,757,-0.018524478,0.074412776,0.541754097,0.253692919,-1.392876499,-1.428004637
758,0.058038982,758,-0.0193932,0.164934891,0.583224996,0.183864388,-1.378599274,-1.436027681
759,-0.574477546,759,-0.007862382,-0.241268184,0.264128202,-0.039096582,-1.348420449,-1.526430393
760,-0.612300924,760,-0.007698827,-0.355332745,0.383986267,0.011045196,-1.630216699,-1.512327155
761,-0.502254236,761,-0.007366706,-0.310398271,0.208481244,-0.124374815,-1.165130999,-1.444953066
762,0.087470672,762,-0.028684308,0.663291477,1.254898667,0.94607368,0.397907684,-1.508521099
763,0.136633082,763,-0.028557499,0.602458715,1.179582847,0.907927947,-0.526996847,-1.697511928
764,0.353424307,764,-0.023160385,-0.04829352,0.643701436,0.248418396,0.021806059,-1.585093765
765,0.455220388,765,-0.024772284,0.042309409,0.593357739,0.165825726,0.12006408,-1.567893647
766,0.400037113,766,-0.021333102,-0.235412487,0.408577442,-0.038079144,-0.121141152,-1.520132271
767,1.389126544,767,-0.023177721,-1.119831565,-0.511674995,-0.824845501,-0.480583054,-1.550881773
768,1.39814498,768,-0.022890931,-1.049040319,-0.397682265,-0.809477451,0.2292357,-1.627170212
769,1.183481941,769,-0.020716365,-1.077352743,-0.517561648,-0.885543825,-0.102388156,-1.460375211
770,1.234723692,770,-0.015106853,-1.537958977,-0.858598074,-1.21523081,0.178985243,-1.791709021
771,1.132546331,771,-0.020532464,-1.024541855,-0.443934852,-0.822089945,-0.098196622,-1.632151642
772,1.461736402,772,-0.017864566,-1.499579712,-0.879592256,-1.283166524,0.396828746,-1.651632441
773,0.697006055,773,-0.019779301,-0.68134168,0.014644004,-0.3988827,0.145304202,-1.499990123
774,0.609278858,774,-0.016734231,-0.698735707,-0.141930585,-0.438080626,-0.696512494,-1.495098794
775,0.343196833,775,-0.01309818,-0.744550052,-0.107177095,-0.459325768,-0.506790091,-1.427691486
776,-0.058813363,776,-0.012549954,-0.597022873,0.144008087,-0.230675432,-1.18189231,-1.574215851
777,0.695944889,777,-0.020161229,-0.47581048,0.085414768,-0.281802753,-0.469623777,-1.676890017
778,-0.994345205,778,0.003731354,-0.858417997,-0.168678519,-0.563688698,-0.781923498,-1.563338654
779,-2.293211127,779,0.015031858,-0.38165423,0.22874493,-0.111007136,-0.881651485,-1.339149493
780,-1.656717987,780,0.005229236,-0.21819335,0.351461882,-0.032803,-0.500439843,-1.408901608
781,-1.58600006,781,0.005232722,-0.188701916,0.356733908,-0.040189316,-0.536481406,-1.411019193
782,-1.7802818,782,0.010071901,-0.475783702,0.233801595,-0.106130022,-0.592119909,-1.311318313
783,1.15004278,783,-0.026772586,-0.604893839,0.075700452,-0.264060333,-0.780778644,-1.546731065
784,1.468157861,784,-0.028915933,-0.641756915,-0.057593458,-0.472020546,-1.046110492,-1.491237831
785,1.424290518,785,-0.032558365,-0.286173551,0.374872415,-0.116917957,-0.931663284,-1.62634185
786,1.221879775,786,-0.027929364,-0.467284238,0.102583143,-0.159187087,-1.228277265,-1.528259901
787,1.150423927,787,-0.028352744,-0.462191848,0.098370684,-0.180743888,-1.239655219,-1.530516328
788,1.619078524,788,-0.033749386,-0.514783785,0.209223558,-0.23260173,0.196294816,-1.555041003
789,1.457448803,789,-0.031898237,-0.471529213,0.170508706,-0.173839948,-0.795839705,-1.592013051
790,0.270373363,790,-0.016538321,-0.469795237,0.134579392,-0.238919755,-1.362626642,-1.516124301
791,1.336860174,791,-0.033426671,-0.221294461,0.336081441,0.055007591,-0.893772648,-1.730714803
792,0.597209971,792,-0.024728281,-0.085865379,0.507371577,0.120634319,-1.457292565,-1.671850585
793,0.522636491,793,-0.023942958,-0.084242428,0.570720467,0.103545487,-1.543982523,-1.653902451
794,0.10734311,794,-0.012136734,-0.589403158,0.026083263,-0.283328328,-1.142085017,-1.447109213
795,0.380483577,795,-0.024264752,-0.013110307,0.576044909,0.252986246,-1.303506955,-1.400964419
796,1.471620392,796,-0.030643853,-0.494516698,-0.030932978,-0.306832599,-1.087802764,-1.513352533
797,-0.069321869,797,-0.012925278,-0.381157752,0.262362762,-0.229499474,-0.876131092,-1.357460306
798,2.008693558,798,-0.042098198,-0.113379044,0.35323511,0.07770556,-1.436076522,-1.591796454
799,1.934515127,799,-0.042918571,-0.0480744,0.537377367,0.182438151,-1.855557128,-1.614227322
800,0.93028007,800,-0.025525149,-0.435378938,0.135317189,-0.148296677,-1.476267771,-1.546524042
801,-0.810449725,801,-0.005212592,-0.232358819,0.452588803,0.056992871,-1.108706089,-1.624847859
802,-0.217547084,802,-0.012120081,-0.274397425,0.330944011,-0.07061152,-1.22634444,-1.67223825
803,0.169461003,803,-0.01637264,-0.298220951,0.264556151,0.044190128,-1.80980131,-1.529718287
804,-0.279596516,804,-0.010609958,-0.322029119,0.2424142,-0.186759782,-1.605182756,-1.522458584
805,-0.050805993,805,-0.015229204,-0.291921027,0.466705552,-0.016391058,-1.260359402,-1.451013719
806,-0.373369522,806,-0.010651406,-0.187955683,0.322226285,0.060992528,-1.063542732,-1.400612218
807,0.429062002,807,-0.019515645,-0.253869958,0.143178776,-0.061279356,-2.061619242,-1.520526451
808,0.340675613,808,-0.019991477,-0.189759348,0.378544947,0.050495539,-1.164254683,-1.681453109
809,0.181220504,809,-0.018478015,-0.226160053,0.453237139,0.134075581,-0.967015377,-1.676677896
810,-0.20022361,810,-0.015837974,-0.032519298,0.525541023,0.144324159,-0.94032846,-1.55584767
811,-0.189159586,811,-0.012630784,-0.245207716,0.340407279,0.066885128,-0.909062737,-1.380979732
812,0.959231966,812,-0.026785844,-0.322186963,0.118344982,-0.131467988,-1.752035989,-1.369968165
813,-0.111450468,813,-0.014526906,-0.267219291,0.337645357,0.003463921,-0.434251058,-1.63596748
814,-0.182128165,814,-0.018601582,0.159216012,0.758099493,0.445552667,-0.116689684,-1.388149098
815,-0.283835974,815,-0.019557726,0.310969846,0.920810626,0.522828013,0.3353599,-1.455251855
816,-0.355203687,816,-0.019021514,0.424804955,0.884937785,0.534798337,0.330966689,-1.468955184
817,0.767956335,817,-0.02547862,-0.180200956,0.347289414,0.048878544,-0.630201393,-1.405455203
818,-0.275822752,818,-0.011970823,-0.220253773,0.497168852,-0.086163915,-1.204285901,-1.403240275
819,-0.176953033,819,-0.014909696,-0.115956825,0.544042387,0.091397659,0.129804501,-1.646173022
820,0.389157239,820,-0.017727251,-0.389598514,0.168773996,-0.220122635,-0.875706625,-1.637258656
821,0.600634257,821,-0.020151028,-0.47081849,0.159372189,-0.199069854,-1.353437014,-1.632247127
822,-0.090364904,822,-0.015125197,-0.100498468,0.464259333,0.113629216,-1.281076438,-1.353402992
823,-0.146348791,823,-0.016176494,-0.127218969,0.436573241,0.119383112,-1.278190842,-1.33405172
824,-0.048046242,824,-0.013410129,-0.291389564,0.194705989,-0.071793352,-1.608549609,-1.346299747
825,0.423371891,825,-0.018640035,-0.433096096,0.106969151,-0.146334494,-1.587345921,-1.494991311
826,0.347811351,826,-0.019179361,-0.323915272,0.14705713,-0.086464732,-1.77941117,-1.470675803
827,0.299067521,827,-0.019627017,-0.194650016,0.437995352,-0.024146394,-1.5097387,-1.436892453
828,1.010081609,828,-0.027836176,-0.208544887,0.245722128,-0.022849826,-1.405017341,-1.294713116
829,-0.262042454,829,-0.011506656,-0.345270626,0.286585546,-0.054971605,-0.211652644,-1.362616838
830,1.666754668,830,-0.033650897,-0.51285476,0.125312873,-0.237524137,0.180528275,-1.686986919
831,0.757036277,831,-0.021513776,-0.553912467,0.047372182,-0.338016927,-0.462814279,-1.556335193
832,0.813190946,832,-0.023228197,-0.483008637,0.168515446,-0.155113608,-0.535447938,-1.551438435
833,-0.329194435,833,-0.010342727,-0.276327337,0.363833825,0.007552553,-1.020090724,-1.472179976
834,0.340206042,834,-0.020154061,-0.302575633,0.296021529,0.092723186,-1.705135027,-1.353627709
835,0.839935211,835,-0.024605057,-0.415090906,0.237226839,-0.103916799,-1.595561117,-1.694541066
836,-0.160762755,836,-0.012555892,-0.33939535,0.257374256,0.03500663,-0.708269767,-1.366948217
837,-0.54746278,837,-0.015532265,0.266600018,0.984169201,0.671737187,-0.648336071,-1.508531948
838,0.46810289,838,-0.023570164,-0.102200297,0.588949706,0.191438554,-0.588093233,-1.520859262
839,0.039209865,839,-0.014388855,-0.285264746,0.182138237,-0.223333268,-1.545868793,-1.511684077
840,0.419093117,840,-0.021112707,-0.150201826,0.425231276,0.054630788,-1.433229237,-1.687317373
841,0.387184853,841,-0.021617834,-0.162278911,0.4312322,0.053154447,-1.424242866,-1.68753864
842,0.968012095,842,-0.033063802,0.156558651,0.720221977,0.371223749,-0.700824884,-1.652573883
843,-0.822577805,843,-0.006849912,-0.082288413,0.495995885,0.195662107,-1.074032129,-1.543739047
844,0.254423993,844,-0.015501457,-0.5010153,0.091970999,-0.164482603,-1.44929402,-1.530677885
845,-1.139771494,845,-0.002691092,-0.103887688,0.565417657,0.128380073,-0.536220936,-1.721474069
846,1.331658531,846,-0.033184791,-0.203025318,0.399498756,-0.028950948,-1.176482849,-1.58044591
847,1.220347388,847,-0.033282054,-0.062156505,0.506488348,0.188518423,-0.619538712,-1.302956707
848,0.94806066,848,-0.030465172,-0.004362683,0.530852904,0.281001107,-0.425650834,-1.333190144
849,-1.431590479,849,-0.002655389,0.162759529,0.784730687,0.421802599,-0.854084863,-1.671902372
850,-1.447971925,850,-0.002525305,0.136865765,0.794810963,0.438974657,-0.885616084,-1.674719705
851,-0.850742058,851,-0.009946724,0.198088439,0.770394528,0.42660576,-0.08469991,-1.48397847
852,-0.49138955,852,-0.013077869,0.063252677,0.64636514,0.31726987,-0.168344739,-1.625729219
853,-0.103317697,853,-0.018028638,-0.021944372,0.699893171,0.278790229,-0.28019657,-1.66286404
854,-0.91403679,854,-0.005399264,-0.12565656,0.480099973,0.09756768,-0.001707139,-1.608651231
855,0.825364631,855,-0.03282475,0.316320612,0.925824011,0.579800259,0.333967727,-1.19734961
856,0.203604529,856,-0.029508134,0.659385989,1.269199922,0.878066306,0.446473367,-1.019169214
857,1.764025439,857,-0.049448765,0.623789796,1.302743405,0.911817961,0.06594185,-1.129350818
858,2.929470471,858,-0.056878562,-0.131895652,0.571280419,0.216332779,-0.811719438,-1.466508712
859,1.819211219,859,-0.040293331,-0.175159632,0.34759526,-0.010474005,-0.520080409,-1.415431891
860,-0.192415488,860,-0.009464935,-0.486910248,0.190080311,-0.241562445,0.166155193,-1.607881059
861,0.010330962,861,-0.015639897,-0.25791263,0.346385608,-0.045489149,-0.57829205,-1.560301163
862,0.36803246,862,-0.019171987,-0.292657866,0.239855772,-0.128784983,-0.746850998,-1.567975145
863,0.721192923,863,-0.021097899,-0.576155449,0.110392649,-0.241690751,-0.659700228,-1.501832855
864,1.343946878,864,-0.030463592,-0.515681328,0.165449525,-0.202295904,-0.984335067,-1.497228694
865,0.174045533,865,-0.013809906,-0.491539848,-0.037216844,-0.343457532,-0.810430792,-1.532366245
866,1.094967089,866,-0.026956576,-0.296669515,0.100458362,-0.201713693,-0.363743409,-1.538822822
867,1.215564629,867,-0.029169404,-0.380700902,0.105833885,-0.171123524,-0.422029887,-1.537174583
868,-0.152684119,868,-0.009164185,-0.573524682,-0.056767913,-0.360171345,-1.202834662,-1.841312573
869,0.19270202,869,-0.018776933,-0.254889057,0.41361015,0.0698533,-1.229162045,-1.565857489
870,0.041407075,870,-0.01463766,-0.311367833,0.231215912,-0.127222658,-0.988599116,-1.441511656
871,0.161216845,871,-0.015856298,-0.320808034,0.235160342,-0.02336006,-1.182727925,-1.440286606
872,-0.069848472,872,-0.015043795,-0.300670598,0.301413979,0.083784929,-1.191789052,-1.396540002
873,0.785866855,873,-0.029121152,-0.022842033,0.620660007,0.372486704,-1.193503357,-1.764946085
874,0.428113379,874,-0.019355279,-0.312711528,0.222143962,-0.133750819,-1.026360567,-1.383146323
875,0.71450371,875,-0.0253809,-0.278529972,0.310687373,0.139966418,-1.259842179,-1.469526876
876,2.144334309,876,-0.040738782,-0.489937104,0.083327558,-0.091074318,-1.326832021,-1.624437227
877,0.856507252,877,-0.02450069,-0.481035603,0.215801399,-0.188321405,-1.304054435,-1.689524197
878,0.74741518,878,-0.022961913,-0.379363292,0.163693875,-0.145261214,-1.132213755,-1.707050009
879,0.48623327,879,-0.020776109,-0.344341847,0.219603687,-0.13890138,-1.586121967,-1.593114674
880,-0.601336854,880,-0.006400876,-0.279263566,0.231790437,-0.114562363,-1.27784517,-1.506034276
881,-0.074967346,881,-0.013701911,-0.414850961,0.201848797,-0.094980694,-1.280698825,-1.645300891
882,-0.014989987,882,-0.013369758,-0.312576479,0.215446446,0.000488629,-1.768996515,-1.553096024
883,0.876988586,883,-0.026109112,-0.319216774,0.196359469,-0.165030416,-1.958658216,-1.431669631
884,0.486337003,884,-0.022431622,-0.248503693,0.469733895,-0.001503751,-0.948325015,-1.720388785
885,0.250807712,885,-0.019645542,-0.150122005,0.359347092,0.052292579,-1.525980319,-1.624632602
886,0.397972802,886,-0.020618828,-0.183386232,0.316076496,0.015147843,-1.179835457,-1.628521556
887,0.002365657,887,-0.016330192,-0.159848441,0.437316415,-0.019064523,-1.311300187,-1.515620741
888,-0.290514163,888,-0.011721912,-0.140544245,0.357720107,-0.01133254,-1.479442422,-1.566243741
889,0.657529113,889,-0.023197845,-0.456142892,0.271848798,-0.07845777,-1.350016027,-1.654895007
890,0.675841106,890,-0.0226358,-0.353032187,0.077733173,-0.178033374,-0.79098287,-1.468473617
891,0.747183701,891,-0.025628916,-0.389700602,0.391697069,-0.016075634,-1.672361026,-1.455689319
892,0.854978981,892,-0.025071205,-0.516008279,0.386292493,0.063073369,-1.568874485,-1.440978566
893,0.938564709,893,-0.025756871,-0.322461204,0.210850313,-0.169025632,-1.827191293,-1.440027392
894,0.033737382,894,-0.018288383,-0.099798548,0.493581553,0.31315761,-0.604495918,-1.286553993
895,1.025859824,895,-0.031069252,-0.170259787,0.392361512,0.213770434,-1.017958132,-1.655659687
896,0.661627643,896,-0.022930806,-0.327226938,0.306285035,-0.228630409,-1.529073411,-1.365570368
897,0.69457108,897,-0.023976291,-0.30102486,0.277087205,-0.098873336,-1.993590192,-1.34955686
898,1.229703347,898,-0.031857326,-0.213431037,0.329201426,0.070813057,-1.766882065,-1.406864763
899,0.539831179,899,-0.021202395,-0.382347018,0.253315681,-0.14532543,-1.360378526,-1.437845265
900,-0.001538431,900,-0.014281574,-0.307786595,0.327564396,-0.108799463,-0.372102165,-1.499344356
901,0.238366079,901,-0.017890441,-0.347941794,0.263812266,-0.094653592,-0.492984378,-1.489915896
902,0.501413486,902,-0.021016863,-0.377180217,0.299907653,-0.127799014,-0.821183053,-1.44965654
903,0.40070198,903,-0.018391724,-0.303431431,0.059010598,-0.175124431,-1.073323696,-1.427805681
904,0.337494367,904,-0.014672447,-0.791383215,0.066984628,-0.379277505,-0.652725257,-1.684623161
905,0.301263185,905,-0.021302462,-0.056587493,0.50397194,0.089212123,-0.714304262,-1.6867651
906,0.238202572,906,-0.021411647,-0.113638083,0.566923592,0.253026899,-0.640528919,-1.643303973
907,0.301353541,907,-0.021838566,-0.055052317,0.495133913,0.175541164,-0.839668181,-1.699305772
908,0.726488562,908,-0.02784111,-0.144990182,0.578738228,0.30651314,-0.498301134,-1.636720037
909,-0.068119486,909,-0.009653122,-0.555960828,-0.033506135,-0.489291631,-0.524301836,-1.512192638
910,1.848131995,910,-0.041749572,0.037877174,0.503172022,0.07832861,-1.504564142,-1.426644183
911,1.866688591,911,-0.041770739,-0.129189501,0.477268575,0.258555111,-1.708882704,-1.475779049
912,1.868238958,912,-0.037543466,-0.353324768,0.256424459,-0.225038441,-1.363386647,-1.46618382
913,1.186679343,913,-0.031421805,-0.327057363,0.382191941,-0.028966183,-1.527016499,-1.380442114
914,0.16971743,914,-0.019063014,-0.208052466,0.547754439,0.124760687,-0.73999523,-1.627898708
915,-0.217519828,915,-0.015090638,-0.120732695,0.543632946,0.176567598,-1.522095167,-1.624907771
916,0.385871912,916,-0.02180008,-0.145687412,0.386580133,0.091563964,-1.016574378,-1.498204084
917,-0.465041428,917,-0.008379309,-0.333624816,0.263641362,-0.022893833,-0.790189042,-1.514973225
918,-0.30114726,918,-0.010135457,-0.337640912,0.155394497,-0.073624861,-0.633016691,-1.517681794
919,0.95483889,919,-0.029515184,-0.150463899,0.570653018,0.089741499,-1.454079083,-1.541329723
920,2.083949537,920,-0.041657585,-0.429120776,0.308661738,-0.152727266,-1.469993816,-1.513916152
921,2.112533938,921,-0.041096133,-0.202943068,0.202038857,-0.074023216,-1.537877915,-1.535857793
922,2.009988855,922,-0.041338891,-0.298362108,0.218157265,-0.050383182,-1.343926376,-1.506769479
923,1.093947459,923,-0.03059207,-0.23641847,0.389285526,-0.008322373,-1.55006375,-1.522282938
924,1.667922134,924,-0.035846827,-0.347279796,0.26174887,-0.05256668,-1.624580488,-1.568291131
925,-0.979157273,925,-0.002631755,-0.238070918,0.313409999,0.019301781,-1.730660637,-1.433275416
926,-1.010884984,926,-0.002410582,-0.298306081,0.333242463,0.071312881,-1.613666228,-1.462028289
927,-1.097329171,927,-0.000453498,-0.297342871,0.317648339,0.060393287,-1.667010191,-1.447627909
928,-0.292216765,928,-0.013401713,-0.080516953,0.398953103,0.03253713,-1.43143742,-1.523005013
929,-0.219664382,929,-0.01325247,-0.170236086,0.372378149,0.044278549,-1.33870457,-1.507345238
930,-0.565500299,930,-0.009224982,-0.173328914,0.455739996,0.043064965,-1.517417416,-1.510132427
931,-0.506010683,931,-0.009218321,-0.196978519,0.411709022,0.032306609,-1.56846566,-1.515049115
932,-0.756676622,932,-0.005514606,-0.239111056,0.371056857,0.041790793,-0.90332914,-1.588632901
933,-0.68324324,933,-0.012270515,0.223283678,0.808712168,0.44725551,-0.512062171,-1.518452191
934,-0.687594659,934,-0.012366398,0.060442023,0.882245001,0.516539953,-0.882704448,-1.408154412
935,-0.25749224,935,-0.015753517,0.105096201,0.58357323,0.289045891,-0.86235355,-1.380731884
936,-0.64623463,936,-0.005491383,-0.359367703,0.032393555,-0.037313237,-0.870810752,-1.250824734
937,1.248872882,937,-0.028132433,-0.57953558,0.045836228,-0.317004953,-0.858083153,-1.46949219
938,2.07457761,938,-0.035878199,-0.708274209,-0.139102998,-0.463105032,-0.80241097,-1.52464953
939,-1.045704249,939,0.000613815,-0.387411889,0.163860924,-0.198335095,-0.770680919,-1.662019518
940,0.540230854,940,-0.022498727,-0.293771628,0.397207753,-0.080365428,-1.334786217,-1.272614903
941,0.064174366,941,-0.014003994,-0.426620739,0.104156916,-0.14459341,-0.961091013,-1.730352703
942,-0.414574785,942,-0.013173179,-0.019851347,0.72080069,0.213972489,-1.284413858,-1.538184499
943,-1.314962414,943,0.002072366,-0.372523025,0.431449409,-0.040805997,-1.022770045,-1.401233383
944,-1.393198807,944,0.002786285,-0.399496496,0.483342667,-0.011234211,-1.10034256,-1.396565582
945,0.725547615,945,-0.027349281,-0.247141066,0.518888695,0.324406313,0.28381409,-1.366356019
946,0.507045513,946,-0.025369536,-0.029291735,0.548319481,0.223859412,0.25729831,-1.401105756
947,-0.249400339,947,-0.018656895,0.242468513,0.836197208,0.477975301,-1.125963236,-1.570771791
948,0.105374955,948,-0.022887423,0.220778165,0.816771818,0.47937653,-0.90563737,-1.533563911
949,0.719872104,949,-0.028960923,-0.088654517,0.634400302,0.461655902,-0.80704112,-1.546248115
950,0.876414592,950,-0.028823695,-0.118230794,0.588621458,0.094015984,-0.691663377,-1.520862266
951,0.751546826,951,-0.026629318,-0.186201097,0.435308562,0.135617519,-1.275973349,-1.571267681
952,1.028430731,952,-0.030548288,-0.145651636,0.486092135,0.177139731,-1.177768436,-1.679663653
953,0.844468196,953,-0.03034146,0.005085729,0.585061787,0.318580951,-1.394864772,-1.574804899
954,0.952052848,954,-0.030787951,0.030622795,0.624651925,0.223896689,-0.939955106,-1.558045755
955,1.65814288,955,-0.042877511,0.170220886,0.806836357,0.448504965,-0.223333246,-1.40042716
956,-1.051570152,956,-0.004205486,-0.089121733,0.492105219,0.153336543,-1.26604641,-1.588251248
957,-0.9184311,957,-0.005159477,-0.185073108,0.474182925,0.192106451,-1.590342083,-1.545445082
958,-0.724927896,958,-0.006998131,-0.06031106,0.426915118,0.065572366,-1.365304688,-1.52351464
959,0.741689065,959,-0.021929025,-0.420734119,0.113957777,-0.278473102,-1.088506602,-1.617432063
960,1.449273203,960,-0.032255771,-0.367582209,0.20551052,-0.155097253,-1.602572068,-1.514407133
961,-0.173445224,961,-0.013366461,-0.267504167,0.374242158,0.050023401,-0.708998149,-1.441936599
962,-1.031451249,962,-0.003697111,-0.094203715,0.48252011,0.116027094,-0.836576494,-1.389696662
963,-0.944054587,963,-0.006855272,0.026461524,0.634404449,0.265845451,-0.78756781,-1.57631075
964,0.508769106,964,-0.018199331,-0.555027651,0.092601425,-0.354890207,-1.234809892,-1.492078346
965,0.531855951,965,-0.01897495,-0.534932583,0.079190742,-0.346959882,-1.201256217,-1.491370741
966,-0.923042346,966,-0.013297415,0.499135894,1.129324516,0.78300501,-0.565379021,-1.616750874
967,-0.382635862,967,-0.0172153,0.224793122,0.873388994,0.492134058,0.128688903,-1.646014169
968,1.172219527,968,-0.026617202,-0.562925735,0.035942054,-0.333875888,0.059212571,-1.442512997
969,1.02688495,969,-0.025643317,-0.523996131,0.124013088,-0.25045038,-0.19016987,-1.658694627
970,1.751840634,970,-0.034201637,-0.561414591,0.137808874,-0.244934376,-0.126369086,-1.404321302
971,1.717287828,971,-0.040462161,-0.160969142,0.530585983,0.150060402,-1.046754677,-1.565277706
972,0.19590591,972,-0.017466657,-0.353754253,0.179913115,-0.050396643,-1.343628296,-1.507457189
973,0.12486987,973,-0.014703224,-0.370996665,0.133532246,-0.004904441,-1.348345209,-1.527112307
974,1.950758914,974,-0.037634815,-0.466102049,0.254054255,-0.331343228,-0.909159552,-1.589209436
975,1.182457101,975,-0.030678551,-0.24803312,0.389157033,-0.070349311,-0.351838297,-1.543874602
976,1.280872626,976,-0.031638137,-0.289188282,0.308005906,0.008359848,-0.728738599,-1.539358777
977,0.92729123,977,-0.028068347,-0.168661085,0.31038387,-0.04263523,-1.714095546,-1.471511859
978,-0.354882955,978,-0.009779732,-0.349314529,0.247031479,-0.15596251,-0.883756811,-1.449729985
979,-0.491989458,979,-0.008020234,-0.302485892,0.141497596,-0.120249719,-0.813170634,-1.449072943
980,2.582611175,980,-0.049136909,-0.169881803,0.326921977,0.030451576,-1.497207358,-1.479497611
981,0.436742657,981,-0.021927164,-0.28856324,0.385616222,0.157586721,-0.789990764,-1.460668494
982,0.82375278,982,-0.027102992,-0.250734065,0.460862619,0.10673123,-1.261474212,-1.551352434
983,1.410076142,983,-0.030664044,-0.450021046,0.090927082,-0.280827927,-1.068466828,-1.489433667
984,1.830863382,984,-0.035392034,-0.568474973,0.048337085,-0.222604766,-1.30694695,-1.476269142
985,1.881914456,985,-0.037097463,-0.455064431,0.183798247,-0.313805241,-1.455074539,-1.433779942
986,0.804553646,986,-0.018369475,-0.846511662,-0.144831717,-0.680454342,0.311290283,-1.618421601
987,0.914618351,987,-0.014991034,-1.192041364,-0.558045116,-0.983211729,0.737300155,-1.639960223
988,1.487736955,988,-0.02672068,-0.864888381,-0.201972769,-0.730896746,0.617932856,-1.755208389
989,1.963167262,989,-0.032775687,-0.825862959,-0.171866868,-0.679663671,0.397975353,-1.748773372
990,-0.8063866,990,-0.004677265,-0.335190654,0.326247766,-0.060181966,0.630266843,-1.286079554
991,-0.721077214,991,-0.000492652,-0.671308208,-0.03389734,-0.366971196,-0.222422584,-1.614041991
992,1.50641631,992,-0.031309195,-0.578624662,0.048737349,-0.398370534,-0.914080818,-1.487904671
993,0.224240434,993,-0.011410037,-0.824703741,-0.219132021,-0.554685725,0.043785318,-1.561205494
994,0.282460469,994,-0.010333103,-0.991124074,-0.322696012,-0.721641897,-0.389364246,-1.559074451
995,0.044333135,995,-0.013244253,-0.497949536,0.052649812,-0.287908865,-0.172365136,-1.416945278
996,0.754519662,996,-0.019024686,-0.832553667,-0.08842464,-0.470963237,-0.104774747,-1.373233646
997,1.060897616,997,-0.022801936,-0.797854359,-0.148563883,-0.510675811,-0.666137916,-1.391821082
998,1.379481691,998,-0.028134856,-0.713417343,-0.098980255,-0.49083295,-0.667101829,-1.342956089
999,1.363956393,999,-0.034565203,-0.06559246,0.452936371,0.121188719,-1.846030003,-1.293769737
1000,1.427470599,1000,-0.035496407,-0.081320947,0.453075965,0.161209596,-1.737920405,-1.29214051
