"","V1","V2","V3","V4","V5","V6","V7","V8","V9","V10","V11","V12","V13","V14","V15","V16","V17","V18","V19","V20","V21","V22","V23","V24","V25","V26","V27","V28","V29"
"1",0,0,0,0,0,0,0,0,0,0,0,0,0,0,0,0,0,0,0,0,0,0,0.024,0,0,0,0,0,0
"2",0,0,0,0,0,0,0,0,0,0,0,0,0,0.198,1263.092,4448.172,4747.721,2012.237,0,2930.03383,1608.47423,792.87695,3141.19083,6716.87383,7443.28671,8138.26367,1678.38069,3743.134239164,2152.65617
"3",0,0,0,0,0,0,0,0,0,0,0,0,0,0,0,0,0,4.959,0,0,0,0,0,0,34.68537,0,0,0,5.53871
"4",0,0,0,0,0,0,0,0,0,0,0,0,0,0,2052.769,8004.411,17211.617,9063.373,2286.478,8475.40364,6190.45958,2686.82094,7300.62042,12302.46035,8352.83021,7796.74216,3499.575,3493.395824648,4478.00906
"5",0,0,0,0,0,0,0,0,0,0,0,0,0,0,0,0,79.049,0,0,0,0,0,13.42955,0,71.0167,12.36389,31.57916,0,10.26432
"6",0,0,0,0,0,0,0,0,0,0,0,0,0,0,0,0,0,0,0,0,0,0,0,0,0,0,0,0,13.346152129
"7",0,0,0,0,0,0,0,0,0,0,0,0,0,0,0,0,0,0,0,0,0,0,0,0,0,0,0,32.723637103,3.73949682
"8",0,0,0,0,0,0,0,0,0,0,0,0,0,0.21,0,0,0,0,0,0,0,0,0,0.60653,0,0,0,3.15843,0
"9",0,0,0,0,0,0,0,0,0,0,0,0,0,0,0,0,0,0,0,0,0.026,5.49495,3.96043,0,0,0,0,0,0
"10",0,0,0,0,0,0,0,0,0,0,0,0,0,0,0,0,0,0,0,0,0,4.01787,2.51967,0,0,0,0,0,0
"11",0,0,0,0,0,0,0,0,0,0,0,0,3.768,9.184,1.101,0,0.624,2.388,9.291,2.6705,0,1.04151,0.60339,2.95692,71.81131,25.42972409,38.50048,30.903095004,88.863649589
"12",0,0,0,0,0,0,0,0,0,0,0,0,0.56,21.81,0.336,0,0,21.165,1.641,0,0,0,5.23402,0,8.64563,0,0.20364,145.371252796,45.573575294
"13",0,0,0,0,0,0,0,0,0,0,0,0,0,0.738,0,0,0,0.832,0,0,1.19037,10.43936,66.2676,34.48003,3.16731,0,0,37.51566,0
"14",0,0,0,0,0,0,0,0,0,0,0,0,0,0.236,0,0,0,0,0,0,1.38,17.63944,27.05811,4.30757,0,0,0,0,0
"15",0,0,0,0,0,0,0,0,0,0,0,0,0,0,0,0,0,0,0,0,0,0.5253,0,0,0,0,0,0,0
"16",0,0,0,0,0,0,0,0,0,0,0,0,0,0,0,0,0,0,0,0,0,0,0,0,0,0,0,0,0.50189
"17",0,0,0,0,0,0,0,0,0,0,0,0,0,0,0,0,0.063,0.147,0,0,0.001898998,0,0,0.39036,0.012033232,0.008352417,0.011759562,0,0.82089
"18",0,0,0,0,0,0,0,0,0,0,0,0,90.546,127.724,597.774,163.858,22.094,15.272,85.409,138.55363,15.021811758,34.5534,85.41863,134.2688,158.342116118,660.272125474,282.730275016,172.179233305,91.845347371
"19",0,0,0,0,0,0,0,0,0,0,0,0,456.066,640.994,731.813,201.232,149.626,1032.265,278.338,673.45352,1866.25341,261.900451504,1331.99219,624.18892,450.221013592,1122.916559144,511.496609254,254.043299123,103.698401691
"20",0,0,0,0,0,0,0,0,0,0,0,0,0,244.31,0.019,0,0.803,105.072,74.926,1.71861,1.4068,51.390007922,20.0407,59.88593,85.5243,7.838564314,33.80095,85.253502925,4.30579
"21",0,0,0,0,0,0,0,0,0,0,0,0,0,0.616,0,0,0,7.595,429.464,11340.27906,1883.49689,2067.2268,8648.11555,1562.20975,4930.05015,6724.79492,5476.8341,604.85887,9218.0358
"22",0,0,0,0,0,0,0,0,0,0,0,0,0,0,0,0,398.679,2.242,5.354,2434.14696,1248.45815,40.39818,361.73301,0.17986,7.70823,18.09248,144.89067,7.75706,15.90769
"23",0,0,0,0,0,0,0,0,0,0,0,0,1.752,0,3297.745,178.864,431.76,65.663,0,1.41583,32.1565,25.70541,58.74132,2.12679,14.22427,4655.71991,1856.9657,438.16427,2096.62508
"24",0,0,0,0,0,0,0,0,0,0,0,0,0,0,1505.979,1854.619,146.449,6.242,343.59,4.78372,124.77812,81.81271,34.44764,0,681.31561,759.43468,3747.58972,2891.07475,2163.53305
"25",0,0,0,0,0,0,0,0,0,0,0,0,0,0,5.328,0,0,3.588,0,0,0,0,0,0,155.37027,63.9704,61.78519,69.16106,151.36198
"26",0,0,0,0,0,0,0,0,0,0,0,0,0,0,0,0,0.038,0.038,0,0,0,0,0,0,0,0,0,0,0
"27",0,0,0,0,0,0,0,0,0,0,0,0,0,0,0,0.032,0.308,0,0,0,0,0.012,0,0,0.000670536,0.01416,0.050915589,0.015920992,0.293870383
"28",0,0,0,0,0,0,0,0,0,0,0,0,3.529,0,0.956,1.795,1.461,0.029,0,0,0,1.814,0,0,0,0,0,0,0
"29",0,0,0,0,0,0,0,0,0,0,0,0,402.269,460.901,293.451,999.588,1245.355,2314.957,89.501,342.556168342,24.983168648,867.471345369,46.674376313,211.348456799,42.286892092,54.212246747,54.859588502,33.234368259,40.258279712
"30",0,0,0,0,0,0,0,0,0,0,0,0,221.105,187.262,324.611,487.309,157.55,8185.007,3157.547,8533.380739237,2936.832982195,9119.365434771,1187.508852911,405.002013405,283.50687,69.144674648,95.346087601,69.578253441,44.843514917
"31",0,0,0,0,0,0,0,0,0,0,0,0,146.02,176.673,257.708,208.92,38.174,6016.965,6701.724,3442.748391886,3243.005098274,12969.659411822,1338.84709454,555.802620012,234.136926587,74.18159112,49.482866782,172.99990699,24.532026771
"32",0,0,0,0,0,0,0,0,0,0,0,0,0.001,6.718,5.323,0.446,0.359,331.696,5.07,6.9239223,70.512466599,36.41775,70.86327,36.311817918,149.36288,42.551294458,45.788036551,172.875750877,67.326484576
"33",0,0,0,0,0,0,0,0,0,0,0,0,2585.067,1854.194,798.525,2618.109,41.396,10412.796,7783.985,8018.0872,5065.97027,9262.99348,15460.07794,6473.95255,5332.48183,5400.29415,12346.160605016,4149.11843,2995.09256
"34",0,0,0,0,0,0,0,0,0,0,0,0,5577.888,72.442,0,22.471,674.729,2524.725,1546.697,890.49155,1777.78002,4672.24934,1639.97619,6363.97549,2732.31960541,3885.99444,1254.30041,535.60656,1723.23654
"35",0,0,0,0,0,0,0,0,0,0,0,0,774.432,2.534,981.109,860.358,815.022,67.833,0,5.09213,891.34832,1846.20854,128.30816,926.82608,1154.13941,4373.98393,333.83221,2407.77084,7853.71502
"36",0,0,0,0,0,0,0,0,0,0,0,0,260.127,129.228,4152.702,783.97,260.574,138.14,620.97,3012.48023,11449.96457,3111.69771,647.0348,464.00303,1458.78656,1718.12592,7515.55333,2856.02083,5918.91766
"37",0,0,0,0,0,0,0,0,0,0,0,0,1949.864,2980.961,669.77,1902.78,2758.103,2089.562,934.704,1036.25596,2717.09166,7719.22312,848.3531,1319.67671,1817.42618,1813.56055,1105.35054,1402.27993,2957.41404
"38",0,0,0,0,0,0,0,0,0,0,0,0,35.528,7.367,0,29.591,12.836,12.122,0,0,24.19387,19.60412,42.1204,0,0,0,0,0,0
"39",0,0,0,0,0,0,0,0,0,0,0,0,0,0,0.003,0,0.088,0,0,0.000919953,0.000148413,0,0.002,0.160093945,0.035216364,0.923004691,0.02922152,0.075132164,0.896010941
"40",0,0,0,0,0,0,0,0,0,0,0,0,0.007,0,0.283,0,0.961,0,0,0.005061815,0,0.030685254,0.002326587,0,0.012,0.128858745,0.121071725,0,0.420679799
"41",0,0,0,0,0,0,0,0,0,0,0,0,0.807,4.106,2.359,0.763,0.119,2.237,0,0,0.00390136,0,0,0,0.343553351,2.677878674,0.881591652,0.262602746,3.988757345
"42",0,0,0,0,0,0,0,0,0,0,0,0,5.545,47.911,48.058,42.286,12.732,19.339,3.291,4.325793021,5.805318747,8.1791965,1.650535767,3.910725985,2.794091633,6.111382975,7.116063832,8.702210603,4.707062962
"43",0,0,0,0,0,0,0,0,0,0,0,0,0,0.193,0.895,0.243,0,0,0.006,0,0.003154179,0,0,0.034001866,0.033567146,3.658976128,0.250753882,0.236559718,2.235463428
"44",0,0,0,0,0,0,0,0,0,0,0,0,0,0.005,0,0,0,0,0,0,0,0,0,0,0,0,0,0,0
"45",0,0,0,0,0,0,0,0,0,0,0,0,106.969,323.484,218.522,263.501,175.056,225.562,22.323,31.799941341,20.112468183,75.656523984,17.712722212,20.769379053,12.178359144,18.563112337,80.289984754,106.511295083,51.263157282
"46",0,0,0,0,0,0,0,0,0,0,0,0,0.089,0.937,1.017,0.163,0.787,0.001,0,0,0,0,0.000515651,0.000141436,0,0.115884635,0.309346862,0.312557181,0.540835482
"47",0,0,0,0,0,0,0,0,0,0,0,0,46.099,132.605,52.983,165.402,30.583,46.018,746.351,63.996239591,72.582324549,701.402631773,403.354946073,23.97086166,16.415530841,1.259388565,15.665245036,16.585267136,2.340547979
"48",0,0,0,0,0,0,0,0,0,0,0,0,72.873,67.47,97.289,2410.75,924.758,6206.961,14460.251,3357.579968753,1766.450351839,1194.028647724,7548.33545,2631.059815856,1758.97293,293.373512307,5211.087441559,3081.369685068,199.749589218
"49",0,0,0,0,0,0,0,0,0,0,0,0,497.063,71.253,105.795,7522.259,6463.809,16541.216,4297.9,6998.75508,12648.27747,4887.89366,6329.5534,3525.072299432,5373.2019,7434.56768,7585.034389269,2274.985271478,2694.961515423
"50",0,0,0,0,0,0,0,0,0,0,0,0,2471.333,6113.462,1654.367,755.227,1130.291,12384.615,4150.856,657.37566,4513.59557,1513.21088,3779.08909,5361.25014,3009.38433,2149.22603,16847.60491,5164.64283,583.42337
"51",0,0,0,0,0,0,0,0,0,0,0,0,55.361,421.598,29.078,71.352,385.388,3379.125,11633.245,1865.92076,1519.33834,3139.28132,3472.07576,1398.81733,569.93475,3304.65031,5847.06815,756.29148,165.36169
"52",0,0,0,0,0,0,0,0,0,0,0,0,747.779,20.533,906.74,859.922,798.596,359.817,1180.568,156.89446,125.14912,461.82131,63.56974,206.85395,102.19235,1236.83594,66.74633,1501.10591,5688.96043
"53",0,0,0,0,0,0,0,0,0,0,0,0,998.127,155.82,761.25,234.621,30.594,150.779,11.368,567.02515,5888.54638,349.02812,1228.16082,7889.76528,86.9872,362.34964,2224.62434,2386.58813,213.26241
"54",0,0,0,0,0,0,0,0,0,0,0,0,2475.709,6704.053,486.408,508.444,2145.462,378.98,362.889,219.24587,4994.83155,4875.77384,1185.37232,4051.2566,1112.9084,1609.97945,200.05805,1878.96094,1943.73274
"55",0,0,0,0,0,0,0,0,0,0,0,0,1889.697,4606.457,130.841,1113.464,469.075,473.096,906.284,0,681.4248,563.1482,301.32385,460.12243,725.60771,363.87283,211.17511,1003.68855,514.20062
"56",0,0,0,0,0,0,0,0,0,0,0,0,0,0,0,0.019,0,0,0,0.002,0,0.000144043,0,0,0,0,0,0.002805791,0.231448633
"57",0,0,0,0,0,0,0,0,0,0,0,0,0,0,0,0,0.013,0.003,0,0,0,0,0,0.000330087,0,0.032973821,0,0,0.229261659
"58",0,0,0,0,0,0,0,0,0,0,0,0,0,0,0.072,0,0,0,0,0.007667549,0,0,0,0.007153972,0,0.040131027,8.68e-06,0.032049765,1.017128029
"59",0,0,0,0,0,0,0,0,0,0,0,0,2.007,12.425,14.695,1.321,25.586,1.222,0.406,0.924442526,0.417691738,0.955727589,0.572574902,0.671764946,0.08713742,0.702619193,1.753199333,1.876618327,0.440162106
"60",0,0,0,0,0,0,0,0,0,0,0,0,1.29,5.87,0.952,0.754,3.059,0.032,0.135,0.053318329,0.025716724,1.416101683,0.067333101,0.59282,0.284005397,0.252575974,7.63667516,1.600599539,0.093715061
"61",0,0,0,0,0,0,0,0,0,0,0,0,0.001,0,0.002,0,0,0,0,0.000955163,0,0.004867758,0,0.045415399,0.009793335,0.369431714,7.81e-05,0.000614852,0.240091624
"62",0,0,0,0,0,0,0,0,0,0,0,0,16.885,99.259,27.077,25.593,6.23,2.698,2.837,1.886122333,1.198843607,3.318902483,1.560363956,2.38807846,2.592436788,2.899386052,6.356697449,4.776359672,9.071243543
"63",0,0,0,0,0,0,0,0,0,0,0,0,0,0,0,0.036,0,0,0,0,0,0,0,0,0,0,0,0,0
"64",0,0,0,0,0,0,0,0,0,0,0,0,4.914,42.912,5.398,12.003,1.157,0.53,2.54,0.51352424,0.946822741,0.591919665,7.293370019,0.79539479,0.191583291,0.136883987,0.328978282,1.8770004,0.082147816
"65",0,0,0,0,0,0,0,0,0,0,0,0,0,0.552,0,0,0,0,0,0,0,0,0,0,0,0,0,0,0
"66",0,0,0,0,0,0,0,0,0,0,0,0,1.879,9.038,1.545,2.197,2.819,5.979,1254.208,0.17593,3.796108995,585.191268073,6.979246242,2.098678133,1.20637,3.423117382,4.293765443,4.7396334,0.145058061
"67",0,0,0,0,0,0,0,0,0,0,0,0,31.821,38.492,75.246,1173.207,1550.275,5178.971,10811.924,3143.47755,5369.526747185,2887.5982407,4053.642933106,822.603866796,728.3558,102.468096907,1208.112098321,3907.212065383,119.52598733
"68",0,0,0,0,0,0,0,0,0,0,0,0,250.528,357.758,472.636,7661.635,6673.498,7057.847,1673.005,14673.51195,18566.29554,3412.00785,6862.66821,13230.777258855,3286.64882957,11180.810671947,2843.104389889,5280.01699,1669.382350019
"69",0,0,0,0,0,0,0,0,0,0,0,0,4163.056,5314.948,6436.451,3385.322,1306.849,3757.882,266.792,1056.65895,12483.61668,3754.80703,654.6581,7042.73153,5137.58207,9237.67215,5365.85885,4561.07646,1019.12155
"70",0,0,0,0,0,0,0,0,0,0,0,0,3367.169,3587.069,3920.351,2613.809,313.188,1485.735,2096.083,1695.04979,1649.20736,6318.52188,732.65619,2808.76087,1219.36947,2438.238248115,12203.01222,2370.98451,118.75275
"71",0,0,0,0,0,0,0,0,0,0,0,0,68.769,87.083,71.725,675.772,436.347,308.156,3281.1,167.68857,53.09095,681.68661,19.68068,12.20388,20.44556,1175.02387,29.08901,210.45821,1805.7401
"72",0,0,0,0,0,0,0,0,0,0,0,0,116.462,0,6.105,1713.077,1880.273,148.895,1085.026,180.61956,1504.34587,6.86592,2.46515,0,32.71993,536.83501,5.22794,3906.40396,1104.73718
"73",0,0,0,0,0,0,0,0,0,0,0,0,0,31.328,0,5.133,2.447,22.116,0,1.72639,274.88429,17.61717,3.97879,0,29.62985,165.42179,2.4874,6639.3493,802.37851
"74",0,0,0,0,0,0,0,0,0,0,0,0,0,0,0,0,0,0,0,0,0,8.21424,0,0,0,0,0,0.60641,0
"75",0,0,0,0,0,0,0,0,0,0,0,0,0,0.019,0,0.004,0.038,0.001,0,0,0,0.001,0,0,0,0.000427616,0.00346671,0.003318198,0
"76",0,0,0,0,0,0,0,0,0,0,0,0,0,0,0,0,0,0,0,0,0,0.004,0,0,0,0,0,0,7.72e-05
"77",0,0,0,0,0,0,0,0,0,0,0,0,0,0,0,0,0.015,0,0.002,0,0,0.001332954,0,0,0,0,0.237957938,0.003833057,0.001845063
"78",0,0,0,0,0,0,0,0,0,0,0,0,0.021,1.058,43.774,0.036,0.764,0.24,0.218,0.17420553,0.170349828,1.192301391,0.935435075,0.32481,0.02128,0.329493931,0.39219236,0.19609,5.676422395
"79",0,0,0,0,0,0,0,0,0,0,0,0,0,0,0.006,0,0.066,0,0,7.28e-05,0,0.063947081,0,0.083189577,0,0.040195979,0.619394157,0.21807238,0.2024998
"80",0,0,0,0,0,0,0,0,0,0,0,0,0,0,0,0,0.008,0,0,0,0,0,0,0.004747293,0,0.275755979,0,0.010273124,0
"81",0,0,0,0,0,0,0,0,0,0,0,0,0.035,0.025,0.664,0.217,0.127,0.011,0.041,3.63e-05,0.02423,0.513801437,0.013897412,0.114532114,0.1628,0.644059073,1.476506024,0,0
"82",0,0,0,0,0,0,0,0,0,0,0,0,0,0,0.002,0,0.007,0,0,0,3e-04,0.041,0.0151353,0.004974777,0.56862,1.662608288,0.012323189,0,0.005761426
"83",0,0,0,0,0,0,0,0,0,0,0,0,0,0.082,0,0,0,0.226,0.005,0.004,0.00691,0.11797,0.00274,0.72219,0,0.003245435,0.191255611,0.15931907,0
"84",0,0,0,0,0,0,0,0,0,0,0,0,11.915,19.824,5.286,23.964,1733.561,12424.97,3396.702,1635.927132914,1340.527424117,117.31162,4719.03884,176.275891227,5.79307,37.432065338,418.343846979,1959.389981213,19.434141452
"85",0,0,0,0,0,0,0,0,0,0,0,0,73.561,301.644,288.237,2794.505,9580.959,2987.574,4925.757,1890.29224,7539.3414,4367.23435,7724.63906,14373.316409597,4617.11236,1505.859167191,3480.146020044,5304.570790532,5479.709995082
"86",0,0,0,0,0,0,0,0,0,0,0,0,2649.781,3554.918,2605.22,5676.734,3200.99,4102.968,73.248,97.85927,3166.33816,2073.76002,1360.43502,2688.57582,6602.2135,7798.85255,4029.79652,6261.43556,8214.14552
"87",0,0,0,0,0,0,0,0,0,0,0,0,6893.338,2745.743,2023.442,1917.253,892.518,3283.987,30.742,372.84006,2042.95277,9806.64445,10562.61964,22503.66507,8842.76543,11355.6939,3724.56991,6891.774,1345.42178
"88",0,0,0,0,0,0,0,0,0,0,0,0,1519.831,1239.561,56.449,92.125,1344.722,800.562,157.376,40.86842,41.29799,11247.9045,1120.78851,2555.49541,4008.44952,1552.2386,550.96774,1043.24273,60.09902
"89",0,0,0,0,0,0,0,0,0,0,0,0,20.943,6.197,0,204.737,821.905,8.511,237.967,20.6111,11.66429,0,0,5.46877,23.65378,21.63882,0.64407,223.27866,94.47791
"90",0,0,0,0,0,0,0,0,0,0,0,0,0,0,0,0,0,0,2.336,1.8808,3.79189,0,0,0,0,2.33513,0,242.70411,176.5146
"91",0,0,0,0,0,0,0,0,0,0,0,0,0,0,0,0,0,0,0,0,0,0,0,0,0,0,0,0,0.077769301
"92",0,0,0,0,0,0,0,0,0,0,0,0,0,0,0,0,0,0,0,0,0,0,0,0,0,0,0,0.00369,0.008648108
"93",0,0,0,0,0,0,0,0,0,0,0,0,0,0,0,0,0,0,0,0,0,0,0,0,0,0.156645791,0,0,0
"94",0,0,0,0,0,0,0,0,0,0,0,0,0,0,0,0,0,0,0,0,0,0,0,0,0,0.000252553,0,0,0
"95",0,0,0,0,0,0,0,0,0,0,0,0,0,0,0,0,0,0.109,0,0,0,0,0,0,0,0.130707381,0.003240269,0.001083345,0.286316013
"96",0,0,0,0,0,0,0,0,0,0,0,0,0,0,0,0,0,0,0,0,0,0,0,0,0,0.071531655,0,0,6.0924e-05
"97",0,0,0,0,0,0,0,0,0,0,0,0,0,0.005,0,0,0,0,0,0,0,0,0,0,0,0.337113906,0,0.017156702,0.595935717
"98",0,0,0,0,0,0,0,0,0,0,0,0,0,0,0,0,0,0,0,0,0,0,0,0,0,0,0,0.005926405,0
"99",0,0,0,0,0,0,0,0,0,0,0,0,0.007,2.791,5.118,0,0,0,0,0,0.05875,0.00113,0,0,0,0.623696791,0.02059,1.77969,0
"100",0,0,0,0,0,0,0,0,0,0,0,0,0.088,7.881,3.381,0.009,0.001,0.003,0,0.00786,0,0.0881,0,0.000974271,0.03178,0.16623649,0.04225771,0,0.003290299
"101",0,0,0,0,0,0,0,0,0,0,0,0,0.016,0.008,0.016,0.007,0,0.109,0,2.59e-05,0,0.000181437,0,0,0.03761,0.000136621,0.034068768,0,0
"102",0,0,0,0,0,0,0,0,0,0,0,0,0.292,0.338,0.28,5.732,6.826,110.627,1.865,0.61027,0.000530692,10.263222996,46.314208635,0.00113,0,1.15347,2.1674423,244.17834,0.205324548
"103",0,0,0,0,0,0,0,0,0,0,0,0,101.733,98.839,84.901,121.811,8200.682,1846.067,1161.858,6225.48784,715.53121,724.5717,6520.308219161,1463.925626772,1769.24271,240.001641192,1151.50598512,2456.45892778,449.68699216
"104",0,0,0,0,0,0,0,0,0,0,0,0,1200.573,152.278,96.79,1832.92,2183.758,2692.935,56.502,12.60861,162.91762,40.1915,111.21303,438.40935,260.86652,1015.292158517,4336.42039,5346.72103,6745.13819
"105",0,0,0,0,0,0,0,0,0,0,0,0,6625.561,710.216,1622.119,4399.091,15.15,1876.799,0,93.32282,0,3246.40549,9113.17498,5753.51727,7222.36253,5896.295,2223.7482,5125.12005,4572.65148
"106",0,0,0,0,0,0,0,0,0,0,0,0,1568.842,1191.417,60.242,18.481,440.711,209.51,74.03,113.77324,8.22e-06,11226.13294,5799.49391,4869.94002,14424.51791,3452.15908,2479.2447,1931.66221,507.75927
"107",0,0,0,0,0,0,0,0,0,0,0,0,46.593,0.111,0,6.687,4.375,0.746,0,5.51993,0,16.25853,3.74233,14.90601,85.79879,231.74221,0,3.12285,30.39065
"108",0,0,0,0,0,0,0,0,0,0,0,0,0,0,0,2.383,0,0.759,10.493,0.39555,0,0,0,0.48767,0,0,0,5.62269,0.51694
"109",0,0,0,0,0,0,0,0,0,0,0,0,0,0,0,0,0,0,0,0,0,0,0,4.24204,0,0,0,0,0
"110",0,0,0,0,0,0,0,0,0,0,0,0,0,0,0,0,0,0,0,0,0,0,0,0,0,0,0,0,1.32558
"111",0,0,0,0,0,0,0,0,0,0,0,0,0,0,0,0,0,0,0,0,0,0,0,0,0,0.000912485,0,0,0
"112",0,0,0,0,0,0,0,0,0,0,0,0,0,0,0,0,0,0,0,0,0,0,0,0,0,0,0.01726099,0,0
"113",0,0,0,0,0,0,0,0,0,0,0,0,0,0,0,0,0,0,0,0,0,0,0,0,0,0.269729193,0,0,0
"114",0,0,0,0,0,0,0,0,0,0,0,0,0,0,0,0,0,0,0,0,0.002822475,0,0,0,0,0,0,0,0
"115",0,0,0,0,0,0,0,0,0,0,0,0,0,0,0,0,0,0,0,0,0,0,0,0.002253424,0,0,0,0,0
"116",0,0,0,0,0,0,0,0,0,0,0,0,0,0,0.102,0,0,0.394,0,0,0,0,0,0,0.0743,0.0122741,0,0,0.101032874
"117",0,0,0,0,0,0,0,0,0,0,0,0,0.176,4.33,0.001,0.555,0,0.264,0.079,0.04424,0.26358,0.03947,3.73276,0.01517,0.09905,0.067910523,0.74436,0.18292,0.21889
"118",0,0,0,0,0,0,0,0,0,0,0,0,0.026,0.353,0.206,3.208,0.01,0.236,0.138,0.306226361,0.22014684,1.41001,1.06739349,0.10286,0,1.303339077,0.866625614,0.755736227,0.178831434
"119",0,0,0,0,0,0,0,0,0,0,0,0,15.215,36.577,55.855,42.23,76.681,4.011,7.692,391.566412806,31.43638,14.71969,34.900660656,4.39077057,18.901155809,30.466540086,38.036956074,13.043241227,34.862750508
"120",0,0,0,0,0,0,0,0,0,0,0,0,6.444,2.392,17.322,20.222,2905.771,2646.897,7.249,22.42068,0.25531,1.00125,6.29832,114.31562,224.160904835,455.562477173,1552.68389,1144.13712,1622.0817
"121",0,0,0,0,0,0,0,0,0,0,0,0,1574.206,2.424,135.233,14.009,728.835,2888.919,3.86,0.65955,1.58334,4.93596,22.1318,122.63072,416.445508757,446.48299,256.60387,1985.34123,5713.72906
"122",0,0,0,0,0,0,0,0,0,0,0,0,1405.356,241.852,1121.981,6.417,13.649,24.496,0,7.34138,5.48e-06,622.24186,59.26753,98.03624,6430.45999,2998.06918,2211.59763,301.32376,1711.26668
"123",0,0,0,0,0,0,0,0,0,0,0,0,106.888,13.45,36.785,0.001,31.792,3.266,0,9.98701,0,8.7906,1.91012,39.6948,129.94376,290.99766,133.17314,0,9.69107
"124",0,0,0,0,0,0,0,0,0,0,0,0,0,0,0,0,0,19.832,0,101.82246,0,0,0,13.23906,0,0,0,0.81801,4.40839
"125",0,0,0,0,0,0,0,0,0,0,0,0,0,0,0,0,0,0,0,19.89779,0,0,0,3.44257,0,0,0,0,1.68921
"126",0,0,0,0,0,0,0,0,0,0,0,0,0,0,0,0,0,0,0,0,0,0,0,0,0,0,0,0,2.10776
"127",0,0,0,0,0,0,0,0,0,0,0,0,0,0,0,0,0,0,0,0,0,0,0,0,0,0,0,0,1.94748
"128",0,0,0,0,0,0,0,0,0,0,0,0,0,0,0,0,0,0,0,0,0,0,0,0,0,0,0,0,5.339e-05
"129",0,0,0,0,0,0,0,0,0,0,0,0,0,0,0,0,0,0,0,0,0,0,0,0,0,0,0,0,10.65454
"130",0,0,0,0,0,0,0,0,0,0,0,0,0,0,0,0,0,0,0,0,0,0,0,0,0,0,0,0,15.00208
"131",0,0,0,0,0,0,0,0,0,0,0,0,0,0,0,0,0,0,0,0,0,0,0,0,0,0,0,0,1.05589
"132",0,0,0,0,0,0,0,0,0,0,0,0,0,0,0,0,0,0,0,0,0,0,0,0,0,0,0,0,0.07806
"133",0,0,0,0,0,0,0,0,0,0,0,0,0,0,0,0,0,0,0,0.00065,0,0,0,0,0,0.05034,0.04155,0,0
"134",0,0,0,0,0,0,0,0,0,0,0,0,0,0,0,0,0,0,0,0,0.003746837,0,0,0,0,0,0,0,0
"135",0,0,0,0,0,0,0,0,0,0,0,0,0,0,0,0,0,0.051,0,0,0,0,0,0,0,0.01399,0.29196,0,0.001
"136",0,0,0,0,0,0,0,0,0,0,0,0,0.093,0.899,0.017,1.068,1.422,1.312,1.878,1.152184505,1.364462021,1.416756495,2.522446587,0.512958435,0.978787992,1.113671614,1.881774295,0.531696094,0.211897587
"137",0,0,0,0,0,0,0,0,0,0,0,0,0.815,4.736,3.628,5.686,16.665,0.802,3.787,5.491127302,2.351362286,3.61466169,26.777595868,14.80557,33.422631018,5.58432502,11.065608827,1.276353871,0.226603904
"138",0,0,0,0,0,0,0,0,0,0,0,0,0,0,0,0,1.299,0.04,0,0,0.264,0,0.001,0.64103,0,0,0,0,0.003215946
"139",0,0,0,0,0,0,0,0,0,0,0,0,0.075,1.888,2.183,4.627,1.036,0.191,2.137,0.23883,0.003,0.55569,0,5.74919,75.51993,11.58302,22.90588,15.85293,0
"140",0,0,0,0,0,0,0,0,0,0,0,0,0.019,0,0,0,0,0,0,0,0,0,0,0,0,0,0,0,0
"141",0,0,0,0,0,0,0,0,0,0,0,0,2.408,0.227,238.228,5.516,0,4.503,0,0.032,0.74613,0.21313,0,66.88351,46.72404,7.57078,22.45492,11.41874,85.76313
"142",0,0,0,0,0,0,0,0,0,0,0,0,1379.519,120.104,10555.549,2.125,0,12.154,0,2.42329,0,0.41059,18.29051,74.96486,5086.30709,5384.59748,1311.8721,4193.62565,867.56664
"143",0,0,0,0,0,0,0,0,0,0,0,0,634.001,1095.153,2104.5,0.094,0,10.716,0.876,0,0,21.89911,18.83374,18.81038,537.9172,2194.5626,247.77182,1214.4819,247.73178
"144",0,0,0,0,0,0,0,0,0,0,0,0,2.326,206.345,0,0.392,0,5.591,0,8.88909,0,4.7121,1.54317,7.95911,6.23352,15.31234,0.62986,178.34956,13.53632
"145",0,0,0,0,0,0,0,0,0,0,0,0,0,0,0,0.002,0,0,0,0,0,0.69176,0,2.2509,7.25704,0,0,130.15018,0.62884
"146",0,0,0,0,0,0,0,0,0,0,0,0,0,0,0,0,0,0,0,0,0,0,0,0,0,0,0,3.96862,0
"147",0,0,0,0,0,0,0,0,0,0,0,0,0,0,0,0,0,0,0,0,0,0,0,0,0,0,0,0,0.41762
"148",0,0,0,0,0,0,0,0,0,0,0,0,0,0,0,0,0,0,0,0,0,0,0,0,0,0,0,0.92884,0
"149",0,0,0,0,0,0,0,0,0,0,0,0,0,0,0,0,0,0,0,0,0,0,0,0,0,0,0,32.7604,0
"150",0,0,0,0,0,0,0,0,0,0,0,0,0,0,0,0,0,0,0,0,0,0,0,0,0,0,0,0,0.13853
"151",0,0,0,0,0,0,0,0,0,0,0,0,0,0,0,0,0,0,0,0,0,0,0,0,0,0,0,0,17.74707
"152",0,0,0,0,0,0,0,0,0,0,0,0,0,0,0,0,0,0,0,0,0,0,0,0,0,0,0,0,17.35726
"153",0,0,0,0,0,0,0,0,0,0,0,0,0,0,0,0,0,0,0,0,0,0,0,0,0,0,0,0,1.82996
"154",0,0,0,0,0,0,0,0,0,0,0,0,0,0,0,0,0,0,0,0,0,0,0,0,0,0,0,0,2.13341
"155",0,0,0,0,0,0,0,0,0,0,0,0,0,0,0,0,0,0,0,0,0,0,0,0,0.02484,0,0,0,0.000172203
"156",0,0,0,0,0,0,0,0,0,0,0,0,0,0,0,0,0,0,0,0,0,0,0,0,0,0,0,0,0.000252925
"157",0,0,0,0,0,0,0,0,0,0,0,0,0,0,0,0,0,0,0,0.02872,0.98838,0.74949,0.08248,0.00213,0,0,0,0,0.000252925
"158",0,0,0,0,0,0,0,0,0,0,0,0,0,0,0,0.005,0,0,0,0,0.00281,0,0,0,0,0,0,0,0
"159",0,0,0,0,0,0,0,0,0,0,0,0,1.379,43.564,0.009,0.345,0.02,0.176,0.484,1.529728564,0.12387,3.974284012,5.56772,0.016844221,0.74893,1.7914692,2.006120586,0.045564329,0.1214248
"160",0,0,0,0,0,0,0,0,0,0,0,0,61.262,22.127,2.239,101.717,6.159,132.605,84.084,78.777980022,652.54424,82.49602,85.53297,287.6405,74.532413592,35.078525372,25.963719755,4.93289044,3.2826
"161",0,0,0,0,0,0,0,0,0,0,0,0,5.369,13.396,5.84,307.879,238.314,26.269,22.122,31.46639,13.950936515,13.75046,359.00138,31.65714,150.56214,26.072460212,36.50069,29.25831372,4.2737122
"162",0,0,0,0,0,0,0,0,0,0,0,0,0,0.083,0,0,0.037,0,0,0,0,0,0,0,0.00788,0,0.82919,0,0.001002556
"163",0,0,0,0,0,0,0,0,0,0,0,0,151.694,113.5,818.096,1247.544,857.568,3428.172,15.719,35.25366,6.461706515,7.83279,10.20545,19.62888,17.6146,33.53416792,61.43337,52.49272,58.93874
"164",0,0,0,0,0,0,0,0,0,0,0,0,91.958,2383.744,15686.674,827.877,0,1130.198,2.635,21.41917,0.96861,0.60993,4.82484,39.29535,159.97926,290.54602,80.2858,3759.94502,840.5054
"165",0,0,0,0,0,0,0,0,0,0,0,0,89.509,2205.275,10201.406,2.062,0,23.008,0,0,0,0.66262,7.02193,9.47218,201.935,219.52336,67.914512708,7156.51483,1141.06321
"166",0,0,0,0,0,0,0,0,0,0,0,0,0.429,1762.588,5.243,0,0,0.037,0.001,0,0,0.009,0.27373,22.43517,134.95664,120.1319,21.227124255,1548.94993,59.36202
"167",0,0,0,0,0,0,0,0,0,0,0,0,0.513,0,0.103,0,0,0,0,0.04903,0,0.001,0,12.38688,4.20457,107.07233,0.70912,894.26699,46.86757
"168",0,0,0,0,0,0,0,0,0,0,0,0,0,0,0,0,0,0,0,0,0,0,0,0.80345,0,28.63344,0.04362,5.87276,1.99403
"169",0,0,0,0,0,0,0,0,0,0,0,0,0,0,0.107,0,0,0,0,0,0,0,0,0,0,0,0,22.64926,21.6929
"170",0,0,0,0,0,0,0,0,0,0,0,0,0,0,0,0,0,0,0,0,0,0,0,0,0,0,0,40.49961,2.76575
"171",0,0,0,0,0,0,0,0,0,0,0,0,0,0,0,0,0,0,0,0,0,0,0,0,0,0,0,85.30138,3.49392
"172",0,0,0,0,0,0,0,0,0,0,0,0,0,0,0,0,0,0,0,0,0,0,0,0,0,0,0,24.5876,0.70047
"173",0,0,0,0,0,0,0,0,0,0,0,0,0,0,0,0,0,0,0,0,0,0,0,0,0,0,0,26.01033,0
"174",0,0,0,0,0,0,0,0,0,0,0,0,0,0,0,0,0,0,0,0,0,0,0,0,0,0,0,12.19731,0
"175",0,0,0,0,0,0,0,0,0,0,0,0,0,0,0,0,0,0,0,0,0,0,0,0,0,0,0,0,0.215231105
"176",0,0,0,0,0,0,0,0,0,0,0,0,0,0,0,0,0,0,0,0,0,0,0,0,0,0,0,0,0.000108955
"177",0,0,0,0,0,0,0,0,0,0,0,0,0,0,0,0,0,0,0,0,0,0,0,0,0,0,0,0,3.54433
"178",0,0,0,0,0,0,0,0,0,0,0,0,0,0,0,0,0,0,0,0,0,0,0,0,0,0,0,0,3.06741
"179",0,0,0,0,0,0,0,0,0,0,0,0,0.1,0,0,0,0,0,0,0.11477,0,0,0.00652,0,0,0,0.00598,0.03814,0
"180",0,0,0,0,0,0,0,0,0,0,0,0,0,0,0,0,0,0,0,0,0,0.03343,0.02901,0.01712,0,0.1269,0.09513,0,0
"181",0,0,0,0,0,0,0,0,0,0,0,0,0,0,0,0,0,0,0,0,0,0,0,0.009436031,0,0,0,0,0
"182",0,0,0,0,0,0,0,0,0,0,0,0,0,0,0.007,0.012,0,0,0.008,0.093037048,1.23e-05,0.54226,0.00651,0.00512,0.00236,0.021168595,0,9.98e-05,0
"183",0,0,0,0,0,0,0,0,0,0,0,0,5.769,35.715,2.448,49.147,0.258,54.634,185.912,13.156432441,7.268071946,652.81345,7.284116796,0.23644,33.104850388,3.069653893,0.48871,0.12416178,0.1351
"184",0,0,0,0,0,0,0,0,0,0,0,0,287.533,385.353,11.863,10661.685,16963.069,695.699,12063.932,11789.357334144,11047.98742,8959.60069,11266.57051,6035.36364,4968.942216796,9.031313853,2589.96315,1039.486183641,11.70486
"185",0,0,0,0,0,0,0,0,0,0,0,0,731.991,4246.258,548.066,1664.6,5816.546,3316.49,2299.74,9409.25466,10785.21973,2683.47413,17660.40953,7007.11097,1296.90043,25.407507263,698.16979,26.16799,28.39145
"186",0,0,0,0,0,0,0,0,0,0,0,0,5427.204,7003.475,3040.325,2689.125,69.224,1445.932,6.86,1.50171,264.24539,47.75364,9066.56015,129.38529,66.8692,76.74023,44.613798332,104.46794,117.52779
"187",0,0,0,0,0,0,0,0,0,0,0,0,31.703,252.136,163.059,521.852,0.082,20.293,0.449,0,0.01157,1.67237,0.70119,21.0567,24.64149,101.36582,112.907574479,233.46603,380.55225
"188",0,0,0,0,0,0,0,0,0,0,0,0,16.152,25.39,20.182,1.187,0.112,0.483,0.103,0.206,0.58187,0,0.01507,5.57531,9.1454,51.14059,20.53317,35.70883,73.47911
"189",0,0,0,0,0,0,0,0,0,0,0,0,20.829,0.03,0.649,0,0.622,0,0.001,0,0,0,0,5.12134,0.31046,59.5496,0.81435,12.61946,5.6591
"190",0,0,0,0,0,0,0,0,0,0,0,0,9.64,0.551,0.637,0,22.429,0.102,0,0.08133,0,0,0,0.43732,0,31.69657,13.46872,30.34093,5.72643
"191",0,0,0,0,0,0,0,0,0,0,0,0,0,0,0.97,0,0,0,0,0,0,0,0,0,0,2.480909722,0,6.28952,0.2181
"192",0,0,0,0,0,0,0,0,0,0,0,0,0,0,0,0,0,0,0,0,0,0,0,0,0,0,0,69.29518,0.05045
"193",0,0,0,0,0,0,0,0,0,0,0,0,0,0,0,0,0,0,0,0,0,0,0,0,0,0,0,144.41288,0.1488
"194",0,0,0,0,0,0,0,0,0,0,0,0,0,0,0,0,0,0,0,0,0,0,0,0,0,0,0,29.7558,0
"195",0,0,0,0,0,0,0,0,0,0,0,0,0,0,0,0,0,0,0,0,0,0,0,0,0,0,0,27.6619,0
"196",0,0,0,0,0,0,0,0,0,0,0,0,0,0,0,0,0,0,0,0,0,0,0,0,0,0,0,0,0.1013
"197",0,0,0,0,0,0,0,0,0,0,0,0,0,0,0,0,0,0,0,0,0,0,0,0,0,0,0,0,0.05956
"198",0,0,0,0,0,0,0,0,0,0,0,0,0,0,0,0,0,0,0,0,0,0,0,0,0,0,0,0,0.03954
"199",0,0,0,0,0,0,0,0,0,0,0,0,0,0,0,0,0,0,0.382,0,0,0.18549,0,0,0,0.06489,0.21961,0,0.10288
"200",0,0,0,0,0,0,0,0,0,0,0,0,0,0,0,0,0,0,0,4.96e-06,0,0,0,0,0,0,0,0,0
"201",0,0,0,0,0,0,0,0,0,0,0,0,1.314,0.028,0,0.099,0.001,0.002,0.317,0.11548,0,0.428466272,0.00201,0.00418,0.01602,0.031713362,0.62173,0,0
"202",0,0,0,0,0,0,0,0,0,0,0,0,0.026,0.156,0,0.126,0.348,0,0.205,17.832942155,0.168925868,4.28895,0.1948,0.00353,0.45031,0,0.00127,0,0.2248685
"203",0,0,0,0,0,0,0,0,0,0,0,0,0.362,0.619,0.403,5.138,0.764,0.027,0.191,0.767069569,0.81441,0.81608,0,0.08264,0.8703,0.039377957,0.12361,0.01054804,0.43552
"204",0,0,0,0,0,0,0,0,0,0,0,0,3.005,0.902,4.034,3.315,0.11,2.374,0.037,0.144481415,0.1344,0.17026,0,4.49814,0.19509,0.07806,0.59679,28.7164799,2.76654
"205",0,0,0,0,0,0,0,0,0,0,0,0,0.819,13.829,3.09,22.591,0.041,5.206,0.197,0,0.00154,0.03097,0.03676,0.11947,0.05434,2.5479,10.557817852,476.00244845,33.24149
"206",0,0,0,0,0,0,0,0,0,0,0,0,1.087,24.078,5.876,22.214,0.02,2.838,0.209,0,2.57517,0.10254,0.12274,0.4821,0.7416,11.60789,21.82727,87.84967,31.44175
"207",0,0,0,0,0,0,0,0,0,0,0,0,8.121,2.843,4.861,0.122,1.048,0.535,1.216,0.22,1.28356,0.06833,0,1.2694,0.22272,29.38,10.10958,12.17293,0.87546
"208",0,0,0,0,0,0,0,0,0,0,0,0,20.606,29.898,2.111,2.901,73.117,25.134,50.655,0.45552,0.15919,0.25028,0.24289,0.440069936,0.49349,19.29076937,43.31939,59.83396,1.107180499
"209",0,0,0,0,0,0,0,0,0,0,0,0,0.214,0.001,0,0,0,0.227,0.387,0,0,0,0,0.132150941,0,0,0.00356,0,0.000542996
"210",0,0,0,0,0,0,0,0,0,0,0,0,0.134,0,0,0,0,0.183,0.112,0.10085,0,0,0,0.052652098,0,0,0,0,0
"211",0,0,0,0,0,0,0,0,0,0,0,0,0.143,0.252,0,0,0,0,2.63,0.003,0,0,0,0,0,14.643870917,10.57892,1.3682,0.3352139
"212",0,0,0,0,0,0,0,0,0,0,0,0,0,0,0,0,0,0,0,0,0,0,0,0,0,0,0,0,8.39e-05
"213",0,0,0,0,0,0,0,0,0,0,0,0,0,0.053,0.065,0,0,0,0,0,0,0,0,0,0,10.58129672,0.00795,48.43683,5.5782
"214",0,0,0,0,0,0,0,0,0,0,0,0,0,0,0,0,0,0,0,0,0,0,0,0,0,1.70843705,0,63.43554,3.2472
"215",0,0,0,0,0,0,0,0,0,0,0,0,0,0,0,0,0,0,0,0,0,0,0,0,0,0,0,19.31275,0
"216",0,0,0,0,0,0,0,0,0,0,0,0,0,0,0,0,0,0,0,0,0,0,0,0,0,0,0,6.71123,0
"217",0,0,0,0,0,0,0,0,0,0,0,0,0,0,0,0,0,0,0,0,0,0,0,0,0,0,0,3.05102,0
"218",0,0,0,0,0,0,0,0,0,0,0,0,0,0,0,0,0,0,0,0,0,0,0,0,0,0,0,7.57943,1.72117
"219",0,0,0,0,0,0,0,0,0,0,0,0,0.02,0.079,0.001,0.009,0.404,0.081,0.657,0.01583,0.00171,0.0898,0,0,0,0,0,0.154456473,0.008032402
"220",0,0,0,0,0,0,0,0,0,0,0,0,0,0,0,0,0.005,0,0,0,0,0,0.00588,0,0.02194,0,0,0.08506,0
"221",0,0,0,0,0,0,0,0,0,0,0,0,0.003,0.006,0,0.018,2.621,0.001,0,0,0,0.00098,0.08504,0.05462,2.6566,0.70766,0,0.0067399,0
"222",0,0,0,0,0,0,0,0,0,0,0,0,0.048,0.101,0,5.888,0.024,0.005,2.61,0.91715083,0.01991,0.95,0.06426,0,0,0.27971,0,0.01246,2.031287813
"223",0,0,0,0,0,0,0,0,0,0,0,0,1.175,0.192,0.002,0.572,0.084,0.046,0,0.06366,0,0,0,0,0.00324,0.03192,0.31496,0.022803098,0.56173
"224",0,0,0,0,0,0,0,0,0,0,0,0,0.229,0.368,0.053,0.721,0.105,0.588,0.034,0.02033,0,0,0.01768,0,0.55377,0.30943,0.87207338,0.137687275,3.18824
"225",0,0,0,0,0,0,0,0,0,0,0,0,0.004,1.219,0.553,1.098,1.667,0.489,0.032,0.0061,0,0.134,0.28426,0.00262,0.04502,0.01765,4.011552585,7.46452929,21.08772
"226",0,0,0,0,0,0,0,0,0,0,0,0,1.175,2.894,7.816,0.263,2.433,0.019,0.442,0,0.13937,0.21829,0.00172,0.21688,0.01751,5.03543011,2.673143756,31.357624244,14.87974
"227",0,0,0,0,0,0,0,0,0,0,0,0,13.283,4.313,4.653,4.237,8.288,14.14,8.95,0.75415,0.01791,0,0.00228,0.02594,0,2.951264267,9.052288539,8.97721,4.05417
"228",0,0,0,0,0,0,0,0,0,0,0,0,8.364,1.706,3.401,0.05,0.016,0.905,0.175,0,0,0,0,0.411385331,0,0.66474,0.69651,1.46813,1.464628032
"229",0,0,0,0,0,0,0,0,0,0,0,0,0,0.001,0.002,0,0,0,0,0,0,0,0,0.024728659,0,0,0,0,0.000504008
"230",0,0,0,0,0,0,0,0,0,0,0,0,0.581,0,0,0,0,0,0,0,0,0,0,0,0,6.918923032,0,1.93556,0.98198
"231",0,0,0,0,0,0,0,0,0,0,0,0,2.275,0,0,0,0,0,0,0,0,0,0,0,0,1.105308875,0,52.891879471,0
"232",0,0,0,0,0,0,0,0,0,0,0,0,0,0,0,0,0,0,0,0,0,0,0,0,0,0,0,22.082417481,0.3939
"233",0,0,0,0,0,0,0,0,0,0,0,0,0,0,0,0,0,0,0,0,0,0,0,0,0,0,0,1.11005,0.02043
"234",0,0,0,0,0,0,0,0,0,0,0,0,0.016,0,0,0,0,0,0,0,0,0,0,0,0,0,0,0,0
"235",0,0,0,0,0,0,0,0,0,0,0,0,0,0,0,0,0,0,0,0,0,0,0,0,0,0,0,0,0.000211277
"236",0,0,0,0,0,0,0,0,0,0,0,0,0,0,0,0,0.252,0,0,0,0,0,0,0,0,0,0,0.013040997,0
"237",0,0,0,0,0,0,0,0,0,0,0,0,0,0,0,0,0,0,0,0,0,0,0,0,0,0,0,0.016981602,0
"238",0,0,0,0,0,0,0,0,0,0,0,0,0,0,0,0,0,0,0,0,0,0,0,0,0,0,0,0,0.000340177
"239",0,0,0,0,0,0,0,0,0,0,0,0,0,0.057,0,0.001,0.05,0,0.011,0,0,0,0,0,0,0,0,0,0.04685
"240",0,0,0,0,0,0,0,0,0,0,0,0,0,0,0,0,0,0,0,0,0,0,0,0.004811628,0,0,0,0,0
"241",0,0,0,0,0,0,0,0,0,0,0,0,0.002,0,0,0,0,0,0,0,0,0.05,0,0,0,0.03656,0.00136,0,0.000170613
"242",0,0,0,0,0,0,0,0,0,0,0,0,0.951,0,0.859,0.071,0.168,0.125,0,0,0,0.00092,0,0.004686147,0,0.50185,1.48871,0.00502,0
"243",0,0,0,0,0,0,0,0,0,0,0,0,0.008,0.228,5.046,0.002,0.244,0.404,0.013,0,0.00156,0,0.11802,0,0.25272,0.02768,0.38144329,0.012182492,3.52579
"244",0,0,0,0,0,0,0,0,0,0,0,0,0.066,0.044,0.012,0.16,0.259,0.728,0.011,0.02463,0.0011,0.01802,0.00675,0.00653,0.00525,0.02569,0.206871286,3.73984296,1.71284
"245",0,0,0,0,0,0,0,0,0,0,0,0,0,0.016,0.003,0.142,0.918,0.4,0,0,0,0.23117,0.35522,0,0.04425,0.08173,1.40530682,2.894301484,3.38497
"246",0,0,0,0,0,0,0,0,0,0,0,0,0.221,0.06,0.057,0,0.382,0.654,0.078,0,0,0.03383,0,0,0,0.07449,2.976032875,2.50457,6.42126
"247",0,0,0,0,0,0,0,0,0,0,0,0,0.538,0.18,2.123,0,0,0.014,0,0,0,0,0,0,0,0.203814721,0.98515,0.84112,4.88639
"248",0,0,0,0,0,0,0,0,0,0,0,0,0.03,0,0.041,0,0,0,0,0,0,0,0,0,0,0,0.17527,0.52776,1.77432
"249",0,0,0,0,0,0,0,0,0,0,0,0,0,0.116,0,0,0,0,0,0,0,0,0,0,0,0,0.01163,2.19606,0.04101
"250",0,0,0,0,0,0,0,0,0,0,0,0,0,0,0,0,0,0,0,0,0,0,0,0,0,0,0,7.192506767,0.01122
"251",0,0,0,0,0,0,0,0,0,0,0,0,0,0,0,0,0,0,0,0,0,0,0,0,0,0,0,0.45453,0.00876
"252",0,0,0,0,0,0,0,0,0,0,0,0,0,0,0,0,0,0,0,0,0,0,0,0,0,0,0,1.913555088,0.000444571
"253",0,0,0,0,0,0,0,0,0,0,0,0,0.006,0,0,0.231,0.07,0.001,0,0,0,0,0.007983745,0.035342603,0,0,0,0.060645912,0.790417444
"254",0,0,0,0,0,0,0,0,0,0,0,0,0,0,0,0,0,0,0,0,0,0,0.004898479,0,0,0,0,0,0
"255",0,0,0,0,0,0,0,0,0,0,0,0,0,0,0.003,0,0.004,0.011,0,0,0,0,0,0,0,0,0,2.178993934,0.104345674
"256",0,0,0,0,0,0,0,0,0,0,0,0,0,0.007,0,0,0,0,0,0,0,0,0,0,0,0,0,0,0
"257",0,0,0,0,0,0,0,0,0,0,0,0,0,0,0,0,0.018,0.003,0,0,0,0,0,0,0,0,0,0,0
"258",0,0,0,0,0,0,0,0,0,0,0,0,0,0,0,0,0.316,0,0,0,0,0,0,0,0,0,0,0,0
"259",0,0,0,0,0,0,0,0,0,0,0,0,0,0,0,0,0,0,0,0,0,0,0,0,0,0,0,0,5.268e-05
"260",0,0,0,0,0,0,0,0,0,0,0,0,0,0,0,0,0,0,0,0,0,0.3722,0,0.044951865,0,0.44821,0,0.02306,0
"261",0,0,0,0,0,0,0,0,0,0,0,0,1.012,0.79,0.107,0.011,2.079,0.236,0.06,0,0.0143,0.02679,0.0402,0,0.12163,1.44452,1.71706,0.04103,0.01293
"262",0,0,0,0,0,0,0,0,0,0,0,0,0.017,0.032,0,0.127,0.665,0.98,0.065,0.02511,0.00511,0,0.01254,0,0,0.116221833,0.02249,0.08601,0.05632
"263",0,0,0,0,0,0,0,0,0,0,0,0,0.003,0.002,0.019,0.217,0.003,0.011,0.035,0.001,0,0,0,0,0,0,0.00669,0.02015,0
"264",0,0,0,0,0,0,0,0,0,0,0,0,0,0,0.082,0.161,1.072,0.048,0.017,0,0,0,0,0,0,0.684295309,0.01489,0.02049,0.0171
"265",0,0,0,0,0,0,0,0,0,0,0,0,0,0.041,0.002,0.005,0.004,0,0.029,0,0,0.068,0,0,0,0.366825106,0,2.19421,0.35439
"266",0,0,0,0,0,0,0,0,0,0,0,0,0,0,0,0,0.003,0,0,0,0,0,0,0,0,0.01346,0.607402991,0.12515,1.56349
"267",0,0,0,0,0,0,0,0,0,0,0,0,0,0.023,0,0,0,0,0,0,0,0,0,0,0,0,0.108929631,0.57869,0.12399
"268",0,0,0,0,0,0,0,0,0,0,0,0,0,0,0,0,0,0,0,0,0,0,0,0,0,0,0,0.0082,0
"269",0,0,0,0,0,0,0,0,0,0,0,0,0,0,0,0,0.004,0.009,0,0,0,0,0,0,0,0,0,0,0
"270",0,0,0,0,0,0,0,0,0,0,0,0,0,0,0,0,0,0.003,0,0,0,0,0,0,0,0,0,0,0
"271",0,0,0,0,0,0,0,0,0,0,0,0,0,0,0.007,0,0.839,0.004,0,0,0,0,0.069967167,0.092902587,0,0,0,0.006802092,0
"272",0,0,0,0,0,0,0,0,0,0,0,0,0,0,0,0,0,0,0,0,0,0,0.012320931,0.026118397,0,0,0,0.02995038,0.783191736
"273",0,0,0,0,0,0,0,0,0,0,0,0,0,0,0,0,0,0,0,0,0,0,0.001036358,0.00021554,0,0,0,0.001962755,0
"274",0,0,0,0,0,0,0,0,0,0,0,0,0,0,0,0,0,0,0,0,0,0,0.027554351,0.045631087,0,0,0,0.000442268,0.074156948
"275",0,0,0,0,0,0,0,0,0,0,0,0,0,0,0,0,0,0,0,0,0,0,0.007497216,0.006878179,0,0,0,0,0.001
"276",0,0,0,0,0,0,0,0,0,0,0,0,0,0,0,0,0,0,0,0,0,0,0.014641123,0,0,0,0,0,0
"277",0,0,0,0,0,0,0,0,0,0,0,0,0,0,0,0,0,0,0,0,0,0,0,0,0,0,0,0,3.4e-05
"278",0,0,0,0,0,0,0,0,0,0,0,0,0,0,0,0.005,0,0,0,0,0,0,0,0.000487377,0,0,0,0,0
"279",0,0,0,0,0,0,0,0,0,0,0,0,0,0,0,0,0,0,0,0,0,0,0.003853228,0,0,0,0,0,0
"280",0,0,0,0,0,0,0,0,0,0,0,0,0.141,0.179,0.09,0.075,2.259,0.037,0.081,0,0,0.05495,0.0715,0,0,0.04348,2.29928,0,0
"281",0,0,0,0,0,0,0,0,0,0,0,0,0,0.01,0.001,0.008,1.036,3.081,0.204,0.08016,0.07201,0,0,0,0,0.0076,1.54399,0.0033707,0
"282",0,0,0,0,0,0,0,0,0,0,0,0,0,0.111,0.002,0.002,0.213,0,0.012,0,0,0,0.00701,0,0,0,0.04423,0.000108328,0.07078
"283",0,0,0,0,0,0,0,0,0,0,0,0,0.001,0,0,0.018,0.317,0.005,0.013,0.00664,0,0,0,0,0,0.062184212,0.087322013,0.00558,0
"284",0,0,0,0,0,0,0,0,0,0,0,0,0,0,0.007,0.474,0.029,0.007,0,0,0,0,0,0,0,0,0.306394788,0.0021,0.00976
"285",0,0,0,0,0,0,0,0,0,0,0,0,0,0,0,0,0,0,0,0,0,0,0,0,0,0.01494,0.005655556,0.00805,0.46021
"286",0,0,0,0,0,0,0,0,0,0,0,0,0,0,0,0,0,0,0,0,0,0,0,0,0,0.00814,0.00742,0,0.3406
"287",0,0,0,0,0,0,0,0,0,0,0,0,0,0,0,0.231,0,0,0,0,0,0,0,0,0,0,0,0,0
"288",0,0,0,0,0,0,0,0,0,0,0,0,0,0,0,0,0,0.001,0,0,0,0,0,0,0,0,0,0,9.26e-05
"289",0,0,0,0,0,0,0,0,0,0,0,0,0,0,0,0.277,0.255,0,0,0,0,0.000784125,0.028028325,0,0,0,0,0.027215473,1.304810046
"290",0,0,0,0,0,0,0,0,0,0,0,0,0,0.067,0,1.221,0,0.003,0,6.18e-05,0,0.033060589,0.016417764,0.00033572,0,0,0,0.000884904,0
"291",0,0,0,0,0,0,0,0,0,0,0,0,0,0,0,1.156,0,0,0,0,0,0.000192121,0.001589774,0.00229413,0,0,0,0.017998817,0.705965115
"292",0,0,0,0,0,0,0,0,0,0,0,0,0,0,1.828,0.174,0.003,0,0,0,0,0,0,0,0,0,0,0,0
"293",0,0,0,0,0,0,0,0,0,0,0,0,0,0.037,0,0,0,0,0,0,0,0,0,0,0,0,0,0,0.000139068
"294",0,0,0,0,0,0,0,0,0,0,0,0,0,0,0.002,0.007,0,0,0,0,0,0,0,0,0,0,0,0,0
"295",0,0,0,0,0,0,0,0,0,0,0,0,0,0.116,0,0.003,0.039,0,0.051,0,0.0108,0,0.16763,0,4.71094,0.03049,0,0,0
"296",0,0,0,0,0,0,0,0,0,0,0,0,0,0,0,0.016,0.566,0.008,0,0.06925,0.0322,0.02545,0,0.01248,0,0.188808459,0.00852,0,0.22656
"297",0,0,0,0,0,0,0,0,0,0,0,0,0,0.262,0.002,0,0.008,0.006,0.001,0.01056,0.0017,0.00479,0,0,0.01131,0.579725163,0,0.0018,0.02264
"298",0,0,0,0,0,0,0,0,0,0,0,0,0,0,0,0,0,0.059,0.016,0,0,0,0,0,0,0.079312466,0.169654165,0,0
"299",0,0,0,0,0,0,0,0,0,0,0,0,0,0,0,0,0,0,0,0,0,0,0,0,0,0,0.213955523,0.01257,0.22074
"300",0,0,0,0,0,0,0,0,0,0,0,0,0,0,0,0.011,0,0,0,0,0,0,0,0,0,0,1.29072,0,0.00824
"301",0,0,0,0,0,0,0,0,0,0,0,0,0,0,0,0,0,0,0,0,0,0,0,0.010214,0,0,0,0,0.000288952
"302",0,0,0,0,0,0,0,0,0,0,0,0,0,0,0,0,0,0.048,0,0,0,0,0,0.005084229,0,0,0.2541,0,0.025620525
"303",0,0,0,0,0,0,0,0,0,0,0,0,0,0,0,0,0,0,0,0,0,0,0,0,0,0,0,0,0.025035782
"304",0,0,0,0,0,0,0,0,0,0,0,0,0,0,0,0,0,0,0,0,0,0,0,0.000444857,0,0,0,0,0
"305",0,0,0,0,0,0,0,0,0,0,0,0,0,0,0,0,0,0,0,0,0,0.00448,0,0,0,0,0,0,0
"306",0,0,0,0,0,0,0,0,0,0,0,0,0,0,0,0,0,0.249,0,0,0,0.00468,0,0,0,0,0.0034,0.00789,0.00828
"307",0,0,0,0,0,0,0,0,0,0,0,0,0,0,0,0,0,0.003,0,0,0.03,0,0,0.00485,0.00188,0.062476678,0.00724,0.00372,0
"308",0,0,0,0,0,0,0,0,0,0,0,0,0,0.143,0.48,0.035,0.002,0.008,0.016,0.00703,0.0373,0.22928,0.04725,0,0,0.011041634,1.673458394,0.00409,0.00531
"309",0,0,0,0,0,0,0,0,0,0,0,0,0,0.07,0,0,0,0,0.018,0,0,0,0,0,0,0,0.00553,0.19856,0.05853
"310",0,0,0,0,0,0,0,0,0,0,0,0,0,0,0,0,0,0,0,0,0,0,0,0,0,0,0,0,0.000979949
"311",0,0,0,0,0,0,0,0,0,0,0,0,0,0,0,0,0,0,0,0,0,0,0,0.003816363,0,0,0,0,0
"312",0,0,0,0,0,0,0,0,0,0,0,0,0,0,0,0.439,0,0,0,0,0,0,0,0,0,0,0,0,0
"313",0,0,0,0,0,0,0,0,0,0,0,0,0,0,0,0,0,0,0,0,0,0,0,0.01056,0,0,0,0,0
"314",0,0,0,0,0,0,0,0,0,0,0,0,0,0,0,0,0.228,0,0,0,0,0,0,0,0,0,0,0,0
"315",0,0,0,0,0,0,0,0,0,0,0,0,0,0,0,0,0,0.193,0.038,0,0,0,0,0,0,0,0,0,0
"316",0,0,0,0,0,0,0,0,0,0,0,0,0,0,0,0,0,0,0,0,0,0,0,0,0,0,0,0,3.034946848
"317",0,0,0,0,0,0,0,0,0,0,0,0,0,0,0,0,0,0,0,0,0,0,0,0,0,0,0,0,0.000357828
"318",0,0,0,0,0,0,0,0,0,0,0,0,0,0,0,0,0,0,0,0,0,0,0,0,0,0,0,0,0.000646579
"319",0,0,0,0,0,0,0,0,0,0,0,0,0,0,0,0,0,0,0,0,0,0,0,0,0,0,0,0,3.46e-05
"320",0,0,0,0,0,0,0,0,0,0,0,0,0,0,0,0,0,0,0,0,0,0,0,0,0,0,0,0,0.001378493
"321",0,0,0,0,0,0,0,0,0,0,0,0,0,0,0,0,0,0,0,0,0.091935484,0,0,0,0,0,0,0,0
