Survey,Year,Species Code,Species Common Name,Species Scientific Name,Stratum,Fish Length (mm),Number of Males,Number of Females,Number Unsexed,Total Number,AKFIN Load Date,Stratum Description,Domain,Density,Area
EBS_SHELF,2017,10210,yellowfin sole,Limanda aspera,1,60,0,0,1205902,1205902,2019-10-03 14:14:21,=stratum 10,,,77871.19482419
EBS_SHELF,2017,10210,yellowfin sole,Limanda aspera,1,80,1021347,583090,1205902,2810340,2019-10-03 14:14:21,=stratum 10,,,77871.19482419
EBS_SHELF,2017,10210,yellowfin sole,Limanda aspera,1,90,3267653,13210259,0,16477911,2019-10-03 14:14:21,=stratum 10,,,77871.19482419
EBS_SHELF,2017,10210,yellowfin sole,Limanda aspera,1,100,7321276,14272360,1641796,23235432,2019-10-03 14:14:21,=stratum 10,,,77871.19482419
EBS_SHELF,2017,10210,yellowfin sole,Limanda aspera,1,110,13841137,7642784,871787,22355708,2019-10-03 14:14:21,=stratum 10,,,77871.19482419
EBS_SHELF,2017,10210,yellowfin sole,Limanda aspera,1,120,26294824,23270289,0,49565113,2019-10-03 14:14:21,=stratum 10,,,77871.19482419
EBS_SHELF,2017,10210,yellowfin sole,Limanda aspera,1,130,31004794,25065328,871787,56941909,2019-10-03 14:14:21,=stratum 10,,,77871.19482419
EBS_SHELF,2017,10210,yellowfin sole,Limanda aspera,1,140,34156084,62764120,0,96920203,2019-10-03 14:14:21,=stratum 10,,,77871.19482419
EBS_SHELF,2017,10210,yellowfin sole,Limanda aspera,1,150,46025572,58101441,0,104127013,2019-10-03 14:14:21,=stratum 10,,,77871.19482419
EBS_SHELF,2017,10210,yellowfin sole,Limanda aspera,1,160,56114699,76100438,0,132215138,2019-10-03 14:14:21,=stratum 10,,,77871.19482419
EBS_SHELF,2017,10210,yellowfin sole,Limanda aspera,1,170,58907996,70576472,0,129484468,2019-10-03 14:14:21,=stratum 10,,,77871.19482419
EBS_SHELF,2017,10210,yellowfin sole,Limanda aspera,1,180,78494405,74856128,0,153350533,2019-10-03 14:14:21,=stratum 10,,,77871.19482419
EBS_SHELF,2017,10210,yellowfin sole,Limanda aspera,1,190,72835074,73818444,508652,147162170,2019-10-03 14:14:21,=stratum 10,,,77871.19482419
EBS_SHELF,2017,10210,yellowfin sole,Limanda aspera,1,200,83432359,78130403,0,161562762,2019-10-03 14:14:21,=stratum 10,,,77871.19482419
EBS_SHELF,2017,10210,yellowfin sole,Limanda aspera,1,210,107852465,100220159,0,208072624,2019-10-03 14:14:21,=stratum 10,,,77871.19482419
EBS_SHELF,2017,10210,yellowfin sole,Limanda aspera,1,220,99329192,90295779,0,189624971,2019-10-03 14:14:21,=stratum 10,,,77871.19482419
EBS_SHELF,2017,10210,yellowfin sole,Limanda aspera,1,230,114470418,91882046,0,206352464,2019-10-03 14:14:21,=stratum 10,,,77871.19482419
EBS_SHELF,2017,10210,yellowfin sole,Limanda aspera,1,240,106924823,59733624,0,166658446,2019-10-03 14:14:21,=stratum 10,,,77871.19482419
EBS_SHELF,2017,10210,yellowfin sole,Limanda aspera,1,250,73206918,102273229,0,175480148,2019-10-03 14:14:21,=stratum 10,,,77871.19482419
EBS_SHELF,2017,10210,yellowfin sole,Limanda aspera,1,260,104462476,68528948,0,172991424,2019-10-03 14:14:21,=stratum 10,,,77871.19482419
EBS_SHELF,2017,10210,yellowfin sole,Limanda aspera,1,270,107192171,63665263,0,170857433,2019-10-03 14:14:21,=stratum 10,,,77871.19482419
EBS_SHELF,2017,10210,yellowfin sole,Limanda aspera,1,280,96446774,46804452,0,143251226,2019-10-03 14:14:21,=stratum 10,,,77871.19482419
EBS_SHELF,2017,10210,yellowfin sole,Limanda aspera,1,290,113817572,36316699,0,150134272,2019-10-03 14:14:21,=stratum 10,,,77871.19482419
EBS_SHELF,2017,10210,yellowfin sole,Limanda aspera,1,300,150713093,47605147,0,198318241,2019-10-03 14:14:21,=stratum 10,,,77871.19482419
EBS_SHELF,2017,10210,yellowfin sole,Limanda aspera,1,310,225851701,64703979,0,290555679,2019-10-03 14:14:21,=stratum 10,,,77871.19482419
EBS_SHELF,2017,10210,yellowfin sole,Limanda aspera,1,320,252599619,104028864,0,356628484,2019-10-03 14:14:21,=stratum 10,,,77871.19482419
EBS_SHELF,2017,10210,yellowfin sole,Limanda aspera,1,330,194524374,123632070,0,318156444,2019-10-03 14:14:21,=stratum 10,,,77871.19482419
EBS_SHELF,2017,10210,yellowfin sole,Limanda aspera,1,340,178595007,141595222,0,320190228,2019-10-03 14:14:21,=stratum 10,,,77871.19482419
EBS_SHELF,2017,10210,yellowfin sole,Limanda aspera,1,350,88471469,133954584,0,222426053,2019-10-03 14:14:21,=stratum 10,,,77871.19482419
EBS_SHELF,2017,10210,yellowfin sole,Limanda aspera,1,360,36588014,99340729,0,135928743,2019-10-03 14:14:21,=stratum 10,,,77871.19482419
EBS_SHELF,2017,10210,yellowfin sole,Limanda aspera,1,370,22919063,65739804,0,88658867,2019-10-03 14:14:21,=stratum 10,,,77871.19482419
EBS_SHELF,2017,10210,yellowfin sole,Limanda aspera,1,380,8440606,47637330,0,56077936,2019-10-03 14:14:21,=stratum 10,,,77871.19482419
EBS_SHELF,2017,10210,yellowfin sole,Limanda aspera,1,390,2524868,42052100,0,44576968,2019-10-03 14:14:21,=stratum 10,,,77871.19482419
EBS_SHELF,2017,10210,yellowfin sole,Limanda aspera,1,400,0,23561241,0,23561241,2019-10-03 14:14:21,=stratum 10,,,77871.19482419
EBS_SHELF,2017,10210,yellowfin sole,Limanda aspera,1,410,0,9162935,0,9162935,2019-10-03 14:14:21,=stratum 10,,,77871.19482419
EBS_SHELF,2017,10210,yellowfin sole,Limanda aspera,1,420,0,2881677,0,2881677,2019-10-03 14:14:21,=stratum 10,,,77871.19482419
EBS_SHELF,2017,10210,yellowfin sole,Limanda aspera,1,430,0,854940,0,854940,2019-10-03 14:14:21,=stratum 10,,,77871.19482419
EBS_SHELF,2017,10210,yellowfin sole,Limanda aspera,1,450,0,583090,0,583090,2019-10-03 14:14:21,=stratum 10,,,77871.19482419
EBS_SHELF,2017,10210,yellowfin sole,Limanda aspera,2,90,689098,229699,0,918797,2019-10-03 14:14:21,=stratum 20,,,41027.07031248
EBS_SHELF,2017,10210,yellowfin sole,Limanda aspera,2,100,4795128,0,0,4795128,2019-10-03 14:14:21,=stratum 20,,,41027.07031248
EBS_SHELF,2017,10210,yellowfin sole,Limanda aspera,2,110,1121446,2067430,221927,3410803,2019-10-03 14:14:21,=stratum 20,,,41027.07031248
EBS_SHELF,2017,10210,yellowfin sole,Limanda aspera,2,120,10121120,3121242,0,13242362,2019-10-03 14:14:21,=stratum 20,,,41027.07031248
EBS_SHELF,2017,10210,yellowfin sole,Limanda aspera,2,130,10501223,6899566,0,17400789,2019-10-03 14:14:21,=stratum 20,,,41027.07031248
EBS_SHELF,2017,10210,yellowfin sole,Limanda aspera,2,140,14543209,14878971,0,29422180,2019-10-03 14:14:21,=stratum 20,,,41027.07031248
EBS_SHELF,2017,10210,yellowfin sole,Limanda aspera,2,150,16608444,16888007,0,33496451,2019-10-03 14:14:21,=stratum 20,,,41027.07031248
EBS_SHELF,2017,10210,yellowfin sole,Limanda aspera,2,160,36374119,32222368,0,68596488,2019-10-03 14:14:21,=stratum 20,,,41027.07031248
EBS_SHELF,2017,10210,yellowfin sole,Limanda aspera,2,170,32753702,61338510,0,94092212,2019-10-03 14:14:21,=stratum 20,,,41027.07031248
EBS_SHELF,2017,10210,yellowfin sole,Limanda aspera,2,180,69341315,70582047,0,139923362,2019-10-03 14:14:21,=stratum 20,,,41027.07031248
EBS_SHELF,2017,10210,yellowfin sole,Limanda aspera,2,190,114843807,105277191,0,220120998,2019-10-03 14:14:21,=stratum 20,,,41027.07031248
EBS_SHELF,2017,10210,yellowfin sole,Limanda aspera,2,200,106067999,98641185,0,204709183,2019-10-03 14:14:21,=stratum 20,,,41027.07031248
EBS_SHELF,2017,10210,yellowfin sole,Limanda aspera,2,210,66153119,71556670,0,137709790,2019-10-03 14:14:21,=stratum 20,,,41027.07031248
EBS_SHELF,2017,10210,yellowfin sole,Limanda aspera,2,220,77601215,63027950,0,140629165,2019-10-03 14:14:21,=stratum 20,,,41027.07031248
EBS_SHELF,2017,10210,yellowfin sole,Limanda aspera,2,230,37815184,72202687,0,110017871,2019-10-03 14:14:21,=stratum 20,,,41027.07031248
EBS_SHELF,2017,10210,yellowfin sole,Limanda aspera,2,240,38554047,51949227,0,90503274,2019-10-03 14:14:21,=stratum 20,,,41027.07031248
EBS_SHELF,2017,10210,yellowfin sole,Limanda aspera,2,250,24584225,23739107,0,48323332,2019-10-03 14:14:21,=stratum 20,,,41027.07031248
EBS_SHELF,2017,10210,yellowfin sole,Limanda aspera,2,260,12007245,16511365,0,28518609,2019-10-03 14:14:21,=stratum 20,,,41027.07031248
EBS_SHELF,2017,10210,yellowfin sole,Limanda aspera,2,270,15211347,15145689,0,30357036,2019-10-03 14:14:21,=stratum 20,,,41027.07031248
EBS_SHELF,2017,10210,yellowfin sole,Limanda aspera,2,280,13811317,18410886,0,32222202,2019-10-03 14:14:21,=stratum 20,,,41027.07031248
EBS_SHELF,2017,10210,yellowfin sole,Limanda aspera,2,290,11049229,5305253,0,16354482,2019-10-03 14:14:21,=stratum 20,,,41027.07031248
EBS_SHELF,2017,10210,yellowfin sole,Limanda aspera,2,300,10696707,9715835,0,20412542,2019-10-03 14:14:21,=stratum 20,,,41027.07031248
EBS_SHELF,2017,10210,yellowfin sole,Limanda aspera,2,310,11290354,4616351,0,15906705,2019-10-03 14:14:21,=stratum 20,,,41027.07031248
EBS_SHELF,2017,10210,yellowfin sole,Limanda aspera,2,320,13528928,8265211,0,21794139,2019-10-03 14:14:21,=stratum 20,,,41027.07031248
EBS_SHELF,2017,10210,yellowfin sole,Limanda aspera,2,330,22685486,11414428,0,34099914,2019-10-03 14:14:21,=stratum 20,,,41027.07031248
EBS_SHELF,2017,10210,yellowfin sole,Limanda aspera,2,340,18780814,20125279,0,38906094,2019-10-03 14:14:21,=stratum 20,,,41027.07031248
EBS_SHELF,2017,10210,yellowfin sole,Limanda aspera,2,350,13212249,24360082,0,37572331,2019-10-03 14:14:21,=stratum 20,,,41027.07031248
EBS_SHELF,2017,10210,yellowfin sole,Limanda aspera,2,360,8511710,33862426,0,42374136,2019-10-03 14:14:21,=stratum 20,,,41027.07031248
EBS_SHELF,2017,10210,yellowfin sole,Limanda aspera,2,370,6204389,39827852,0,46032241,2019-10-03 14:14:21,=stratum 20,,,41027.07031248
EBS_SHELF,2017,10210,yellowfin sole,Limanda aspera,2,380,1285419,33748354,0,35033773,2019-10-03 14:14:21,=stratum 20,,,41027.07031248
EBS_SHELF,2017,10210,yellowfin sole,Limanda aspera,2,390,224788,23500342,0,23725130,2019-10-03 14:14:21,=stratum 20,,,41027.07031248
EBS_SHELF,2017,10210,yellowfin sole,Limanda aspera,2,400,0,26979170,0,26979170,2019-10-03 14:14:21,=stratum 20,,,41027.07031248
EBS_SHELF,2017,10210,yellowfin sole,Limanda aspera,2,410,156472,9586132,0,9742605,2019-10-03 14:14:21,=stratum 20,,,41027.07031248
EBS_SHELF,2017,10210,yellowfin sole,Limanda aspera,2,420,0,7947084,0,7947084,2019-10-03 14:14:21,=stratum 20,,,41027.07031248
EBS_SHELF,2017,10210,yellowfin sole,Limanda aspera,2,430,0,1763000,0,1763000,2019-10-03 14:14:21,=stratum 20,,,41027.07031248
EBS_SHELF,2017,10210,yellowfin sole,Limanda aspera,2,440,0,625658,0,625658,2019-10-03 14:14:21,=stratum 20,,,41027.07031248
EBS_SHELF,2017,10210,yellowfin sole,Limanda aspera,2,450,0,221927,0,221927,2019-10-03 14:14:21,=stratum 20,,,41027.07031248
EBS_SHELF,2017,10210,yellowfin sole,Limanda aspera,3,120,314448,0,0,314448,2019-10-03 14:14:21,"=strata 31, 32 combined",,,103300.22729512
EBS_SHELF,2017,10210,yellowfin sole,Limanda aspera,3,170,69829,111692,0,181521,2019-10-03 14:14:21,"=strata 31, 32 combined",,,103300.22729512
EBS_SHELF,2017,10210,yellowfin sole,Limanda aspera,3,180,0,149090,0,149090,2019-10-03 14:14:21,"=strata 31, 32 combined",,,103300.22729512
EBS_SHELF,2017,10210,yellowfin sole,Limanda aspera,3,190,827430,373932,0,1201362,2019-10-03 14:14:21,"=strata 31, 32 combined",,,103300.22729512
EBS_SHELF,2017,10210,yellowfin sole,Limanda aspera,3,200,1209787,3199948,0,4409735,2019-10-03 14:14:21,"=strata 31, 32 combined",,,103300.22729512
EBS_SHELF,2017,10210,yellowfin sole,Limanda aspera,3,210,3943058,14516932,0,18459990,2019-10-03 14:14:21,"=strata 31, 32 combined",,,103300.22729512
EBS_SHELF,2017,10210,yellowfin sole,Limanda aspera,3,220,8406443,12935735,0,21342178,2019-10-03 14:14:21,"=strata 31, 32 combined",,,103300.22729512
EBS_SHELF,2017,10210,yellowfin sole,Limanda aspera,3,230,24480752,43036209,0,67516961,2019-10-03 14:14:21,"=strata 31, 32 combined",,,103300.22729512
EBS_SHELF,2017,10210,yellowfin sole,Limanda aspera,3,240,43940862,52828207,0,96769069,2019-10-03 14:14:21,"=strata 31, 32 combined",,,103300.22729512
EBS_SHELF,2017,10210,yellowfin sole,Limanda aspera,3,250,52721452,64018511,0,116739963,2019-10-03 14:14:21,"=strata 31, 32 combined",,,103300.22729512
EBS_SHELF,2017,10210,yellowfin sole,Limanda aspera,3,260,56420266,80459144,0,136879411,2019-10-03 14:14:21,"=strata 31, 32 combined",,,103300.22729512
EBS_SHELF,2017,10210,yellowfin sole,Limanda aspera,3,270,60432645,72317935,0,132750581,2019-10-03 14:14:21,"=strata 31, 32 combined",,,103300.22729512
EBS_SHELF,2017,10210,yellowfin sole,Limanda aspera,3,280,73899117,61706324,0,135605441,2019-10-03 14:14:21,"=strata 31, 32 combined",,,103300.22729512
EBS_SHELF,2017,10210,yellowfin sole,Limanda aspera,3,290,62362791,67617628,0,129980419,2019-10-03 14:14:21,"=strata 31, 32 combined",,,103300.22729512
EBS_SHELF,2017,10210,yellowfin sole,Limanda aspera,3,300,85962586,91904408,0,177866995,2019-10-03 14:14:21,"=strata 31, 32 combined",,,103300.22729512
EBS_SHELF,2017,10210,yellowfin sole,Limanda aspera,3,310,86159841,106932007,0,193091849,2019-10-03 14:14:21,"=strata 31, 32 combined",,,103300.22729512
EBS_SHELF,2017,10210,yellowfin sole,Limanda aspera,3,320,79154357,138104499,0,217258856,2019-10-03 14:14:21,"=strata 31, 32 combined",,,103300.22729512
EBS_SHELF,2017,10210,yellowfin sole,Limanda aspera,3,330,62893595,171119593,0,234013188,2019-10-03 14:14:21,"=strata 31, 32 combined",,,103300.22729512
EBS_SHELF,2017,10210,yellowfin sole,Limanda aspera,3,340,30429456,152435117,0,182864573,2019-10-03 14:14:21,"=strata 31, 32 combined",,,103300.22729512
EBS_SHELF,2017,10210,yellowfin sole,Limanda aspera,3,350,19070334,142253203,0,161323537,2019-10-03 14:14:21,"=strata 31, 32 combined",,,103300.22729512
EBS_SHELF,2017,10210,yellowfin sole,Limanda aspera,3,360,5360740,93267973,0,98628713,2019-10-03 14:14:21,"=strata 31, 32 combined",,,103300.22729512
EBS_SHELF,2017,10210,yellowfin sole,Limanda aspera,3,370,2414729,66485764,0,68900494,2019-10-03 14:14:21,"=strata 31, 32 combined",,,103300.22729512
EBS_SHELF,2017,10210,yellowfin sole,Limanda aspera,3,380,880256,38797561,0,39677816,2019-10-03 14:14:21,"=strata 31, 32 combined",,,103300.22729512
EBS_SHELF,2017,10210,yellowfin sole,Limanda aspera,3,390,136623,17657300,0,17793923,2019-10-03 14:14:21,"=strata 31, 32 combined",,,103300.22729512
EBS_SHELF,2017,10210,yellowfin sole,Limanda aspera,3,400,0,9059720,0,9059720,2019-10-03 14:14:21,"=strata 31, 32 combined",,,103300.22729512
EBS_SHELF,2017,10210,yellowfin sole,Limanda aspera,3,410,0,2610814,0,2610814,2019-10-03 14:14:21,"=strata 31, 32 combined",,,103300.22729512
EBS_SHELF,2017,10210,yellowfin sole,Limanda aspera,3,420,0,1828186,0,1828186,2019-10-03 14:14:21,"=strata 31, 32 combined",,,103300.22729512
EBS_SHELF,2017,10210,yellowfin sole,Limanda aspera,3,430,0,26561,0,26561,2019-10-03 14:14:21,"=strata 31, 32 combined",,,103300.22729512
EBS_SHELF,2017,10210,yellowfin sole,Limanda aspera,4,90,0,0,80196,80196,2019-10-03 14:14:21,"=strata 41, 42, 43 combined",,,107822.24743647
EBS_SHELF,2017,10210,yellowfin sole,Limanda aspera,4,170,0,200453,0,200453,2019-10-03 14:14:21,"=strata 41, 42, 43 combined",,,107822.24743647
EBS_SHELF,2017,10210,yellowfin sole,Limanda aspera,4,180,275017,134834,0,409851,2019-10-03 14:14:21,"=strata 41, 42, 43 combined",,,107822.24743647
EBS_SHELF,2017,10210,yellowfin sole,Limanda aspera,4,190,736083,881323,0,1617406,2019-10-03 14:14:21,"=strata 41, 42, 43 combined",,,107822.24743647
EBS_SHELF,2017,10210,yellowfin sole,Limanda aspera,4,200,1782886,1276962,0,3059848,2019-10-03 14:14:21,"=strata 41, 42, 43 combined",,,107822.24743647
EBS_SHELF,2017,10210,yellowfin sole,Limanda aspera,4,210,1188239,4855914,0,6044153,2019-10-03 14:14:21,"=strata 41, 42, 43 combined",,,107822.24743647
EBS_SHELF,2017,10210,yellowfin sole,Limanda aspera,4,220,6525967,7285752,100633,13912352,2019-10-03 14:14:21,"=strata 41, 42, 43 combined",,,107822.24743647
EBS_SHELF,2017,10210,yellowfin sole,Limanda aspera,4,230,10277706,19391147,201266,29870119,2019-10-03 14:14:21,"=strata 41, 42, 43 combined",,,107822.24743647
EBS_SHELF,2017,10210,yellowfin sole,Limanda aspera,4,240,17287953,26943515,402532,44634000,2019-10-03 14:14:21,"=strata 41, 42, 43 combined",,,107822.24743647
EBS_SHELF,2017,10210,yellowfin sole,Limanda aspera,4,250,18934407,32789251,905696,52629354,2019-10-03 14:14:21,"=strata 41, 42, 43 combined",,,107822.24743647
EBS_SHELF,2017,10210,yellowfin sole,Limanda aspera,4,260,20631990,38139144,805063,59576198,2019-10-03 14:14:21,"=strata 41, 42, 43 combined",,,107822.24743647
EBS_SHELF,2017,10210,yellowfin sole,Limanda aspera,4,270,18260088,37510149,201266,55971503,2019-10-03 14:14:21,"=strata 41, 42, 43 combined",,,107822.24743647
EBS_SHELF,2017,10210,yellowfin sole,Limanda aspera,4,280,23199703,34736326,704431,58640459,2019-10-03 14:14:21,"=strata 41, 42, 43 combined",,,107822.24743647
EBS_SHELF,2017,10210,yellowfin sole,Limanda aspera,4,290,12020711,29477795,603798,42102304,2019-10-03 14:14:21,"=strata 41, 42, 43 combined",,,107822.24743647
EBS_SHELF,2017,10210,yellowfin sole,Limanda aspera,4,300,12238310,36641889,503165,49383364,2019-10-03 14:14:21,"=strata 41, 42, 43 combined",,,107822.24743647
EBS_SHELF,2017,10210,yellowfin sole,Limanda aspera,4,310,10600162,36504278,603798,47708238,2019-10-03 14:14:21,"=strata 41, 42, 43 combined",,,107822.24743647
EBS_SHELF,2017,10210,yellowfin sole,Limanda aspera,4,320,11945432,38431164,603798,50980394,2019-10-03 14:14:21,"=strata 41, 42, 43 combined",,,107822.24743647
EBS_SHELF,2017,10210,yellowfin sole,Limanda aspera,4,330,12094504,40558340,805063,53457908,2019-10-03 14:14:21,"=strata 41, 42, 43 combined",,,107822.24743647
EBS_SHELF,2017,10210,yellowfin sole,Limanda aspera,4,340,6925466,44378122,1509494,52813081,2019-10-03 14:14:21,"=strata 41, 42, 43 combined",,,107822.24743647
EBS_SHELF,2017,10210,yellowfin sole,Limanda aspera,4,350,7664192,50656498,1710760,60031450,2019-10-03 14:14:21,"=strata 41, 42, 43 combined",,,107822.24743647
EBS_SHELF,2017,10210,yellowfin sole,Limanda aspera,4,360,1836681,55906251,1710760,59453692,2019-10-03 14:14:21,"=strata 41, 42, 43 combined",,,107822.24743647
EBS_SHELF,2017,10210,yellowfin sole,Limanda aspera,4,370,797288,44448009,1106962,46352260,2019-10-03 14:14:21,"=strata 41, 42, 43 combined",,,107822.24743647
EBS_SHELF,2017,10210,yellowfin sole,Limanda aspera,4,380,419295,37932504,805063,39156863,2019-10-03 14:14:21,"=strata 41, 42, 43 combined",,,107822.24743647
EBS_SHELF,2017,10210,yellowfin sole,Limanda aspera,4,390,377454,25045570,1207595,26630620,2019-10-03 14:14:21,"=strata 41, 42, 43 combined",,,107822.24743647
EBS_SHELF,2017,10210,yellowfin sole,Limanda aspera,4,400,66523,15101629,301899,15470052,2019-10-03 14:14:21,"=strata 41, 42, 43 combined",,,107822.24743647
EBS_SHELF,2017,10210,yellowfin sole,Limanda aspera,4,410,55237,6450774,201266,6707276,2019-10-03 14:14:21,"=strata 41, 42, 43 combined",,,107822.24743647
EBS_SHELF,2017,10210,yellowfin sole,Limanda aspera,4,420,0,4043413,0,4043413,2019-10-03 14:14:21,"=strata 41, 42, 43 combined",,,107822.24743647
EBS_SHELF,2017,10210,yellowfin sole,Limanda aspera,4,430,0,731540,0,731540,2019-10-03 14:14:21,"=strata 41, 42, 43 combined",,,107822.24743647
EBS_SHELF,2017,10210,yellowfin sole,Limanda aspera,4,440,0,571028,0,571028,2019-10-03 14:14:21,"=strata 41, 42, 43 combined",,,107822.24743647
EBS_SHELF,2017,10210,yellowfin sole,Limanda aspera,4,450,0,355889,0,355889,2019-10-03 14:14:21,"=strata 41, 42, 43 combined",,,107822.24743647
EBS_SHELF,2017,10210,yellowfin sole,Limanda aspera,5,300,0,32496,0,32496,2019-10-03 14:14:21,=stratum 50,,,38792.43627929
EBS_SHELF,2017,10210,yellowfin sole,Limanda aspera,5,310,0,215485,0,215485,2019-10-03 14:14:21,=stratum 50,,,38792.43627929
EBS_SHELF,2017,10210,yellowfin sole,Limanda aspera,5,320,32496,32496,0,64992,2019-10-03 14:14:21,=stratum 50,,,38792.43627929
EBS_SHELF,2017,10210,yellowfin sole,Limanda aspera,5,330,0,215485,0,215485,2019-10-03 14:14:21,=stratum 50,,,38792.43627929
EBS_SHELF,2017,10210,yellowfin sole,Limanda aspera,5,340,0,64992,0,64992,2019-10-03 14:14:21,=stratum 50,,,38792.43627929
EBS_SHELF,2017,10210,yellowfin sole,Limanda aspera,5,350,0,203498,0,203498,2019-10-03 14:14:21,=stratum 50,,,38792.43627929
EBS_SHELF,2017,10210,yellowfin sole,Limanda aspera,5,360,0,150493,0,150493,2019-10-03 14:14:21,=stratum 50,,,38792.43627929
EBS_SHELF,2017,10210,yellowfin sole,Limanda aspera,5,370,0,117997,0,117997,2019-10-03 14:14:21,=stratum 50,,,38792.43627929
EBS_SHELF,2017,10210,yellowfin sole,Limanda aspera,5,380,0,32496,0,32496,2019-10-03 14:14:21,=stratum 50,,,38792.43627929
EBS_SHELF,2017,10210,yellowfin sole,Limanda aspera,5,390,0,85501,0,85501,2019-10-03 14:14:21,=stratum 50,,,38792.43627929
EBS_SHELF,2017,10210,yellowfin sole,Limanda aspera,6,230,0,27938,0,27938,2019-10-03 14:14:21,"=strata 61, 62 combined",,,94562.32836934
EBS_SHELF,2017,10210,yellowfin sole,Limanda aspera,6,280,30156,0,0,30156,2019-10-03 14:14:21,"=strata 61, 62 combined",,,94562.32836934
EBS_SHELF,2017,10210,yellowfin sole,Limanda aspera,8,250,0,31558,0,31558,2019-10-03 14:14:21,=stratum 82,,,17954
EBS_SHELF,2017,10210,yellowfin sole,Limanda aspera,8,260,98228,0,0,98228,2019-10-03 14:14:21,=stratum 82,,,17954
EBS_SHELF,2017,10210,yellowfin sole,Limanda aspera,8,270,0,62892,0,62892,2019-10-03 14:14:21,=stratum 82,,,17954
EBS_SHELF,2017,10210,yellowfin sole,Limanda aspera,8,280,0,33188,0,33188,2019-10-03 14:14:21,=stratum 82,,,17954
EBS_SHELF,2017,10210,yellowfin sole,Limanda aspera,8,290,0,30370,0,30370,2019-10-03 14:14:21,=stratum 82,,,17954
EBS_SHELF,2017,10210,yellowfin sole,Limanda aspera,8,300,0,93032,0,93032,2019-10-03 14:14:21,=stratum 82,,,17954
EBS_SHELF,2017,10210,yellowfin sole,Limanda aspera,8,310,0,29703,0,29703,2019-10-03 14:14:21,=stratum 82,,,17954
EBS_SHELF,2017,10210,yellowfin sole,Limanda aspera,8,330,30370,0,0,30370,2019-10-03 14:14:21,=stratum 82,,,17954
EBS_SHELF,2017,10210,yellowfin sole,Limanda aspera,8,370,0,30370,0,30370,2019-10-03 14:14:21,=stratum 82,,,17954
EBS_SHELF,2017,10210,yellowfin sole,Limanda aspera,9,-9,0,0,0,58942,2019-10-03 14:14:21,=stratum 90,,,11567.95970497
EBS_SHELF,2017,10210,yellowfin sole,Limanda aspera,999,-9,0,0,0,58942,2019-10-03 14:14:21,All standard EBS shelf strata combined,,,492897.46422186
EBS_SHELF,2017,10210,yellowfin sole,Limanda aspera,999,60,0,0,1205902,1205902,2019-10-03 14:14:21,All standard EBS shelf strata combined,,,492897.46422186
EBS_SHELF,2017,10210,yellowfin sole,Limanda aspera,999,80,1021347,583090,1205902,2810340,2019-10-03 14:14:21,All standard EBS shelf strata combined,,,492897.46422186
EBS_SHELF,2017,10210,yellowfin sole,Limanda aspera,999,90,3956750,13439958,80196,17476904,2019-10-03 14:14:21,All standard EBS shelf strata combined,,,492897.46422186
EBS_SHELF,2017,10210,yellowfin sole,Limanda aspera,999,100,12116404,14272360,1641796,28030560,2019-10-03 14:14:21,All standard EBS shelf strata combined,,,492897.46422186
EBS_SHELF,2017,10210,yellowfin sole,Limanda aspera,999,110,14962583,9710214,1093714,25766511,2019-10-03 14:14:21,All standard EBS shelf strata combined,,,492897.46422186
EBS_SHELF,2017,10210,yellowfin sole,Limanda aspera,999,120,36730392,26391530,0,63121923,2019-10-03 14:14:21,All standard EBS shelf strata combined,,,492897.46422186
EBS_SHELF,2017,10210,yellowfin sole,Limanda aspera,999,130,41506017,31964894,871787,74342698,2019-10-03 14:14:21,All standard EBS shelf strata combined,,,492897.46422186
EBS_SHELF,2017,10210,yellowfin sole,Limanda aspera,999,140,48699292,77643090,0,126342383,2019-10-03 14:14:21,All standard EBS shelf strata combined,,,492897.46422186
EBS_SHELF,2017,10210,yellowfin sole,Limanda aspera,999,150,62634016,74989448,0,137623464,2019-10-03 14:14:21,All standard EBS shelf strata combined,,,492897.46422186
EBS_SHELF,2017,10210,yellowfin sole,Limanda aspera,999,160,92488819,108322807,0,200811625,2019-10-03 14:14:21,All standard EBS shelf strata combined,,,492897.46422186
EBS_SHELF,2017,10210,yellowfin sole,Limanda aspera,999,170,91731527,132227127,0,223958655,2019-10-03 14:14:21,All standard EBS shelf strata combined,,,492897.46422186
EBS_SHELF,2017,10210,yellowfin sole,Limanda aspera,999,180,148110738,145722098,0,293832836,2019-10-03 14:14:21,All standard EBS shelf strata combined,,,492897.46422186
EBS_SHELF,2017,10210,yellowfin sole,Limanda aspera,999,190,189242394,180350890,508652,370101936,2019-10-03 14:14:21,All standard EBS shelf strata combined,,,492897.46422186
EBS_SHELF,2017,10210,yellowfin sole,Limanda aspera,999,200,192493030,181248499,0,373741529,2019-10-03 14:14:21,All standard EBS shelf strata combined,,,492897.46422186
EBS_SHELF,2017,10210,yellowfin sole,Limanda aspera,999,210,179136881,191149675,0,370286555,2019-10-03 14:14:21,All standard EBS shelf strata combined,,,492897.46422186
EBS_SHELF,2017,10210,yellowfin sole,Limanda aspera,999,220,191862817,173545216,100633,365508666,2019-10-03 14:14:21,All standard EBS shelf strata combined,,,492897.46422186
EBS_SHELF,2017,10210,yellowfin sole,Limanda aspera,999,230,187044060,226540028,201266,413785354,2019-10-03 14:14:21,All standard EBS shelf strata combined,,,492897.46422186
EBS_SHELF,2017,10210,yellowfin sole,Limanda aspera,999,240,206707685,191454573,402532,398564789,2019-10-03 14:14:21,All standard EBS shelf strata combined,,,492897.46422186
EBS_SHELF,2017,10210,yellowfin sole,Limanda aspera,999,250,169447001,222851656,905696,393204354,2019-10-03 14:14:21,All standard EBS shelf strata combined,,,492897.46422186
EBS_SHELF,2017,10210,yellowfin sole,Limanda aspera,999,260,193620205,203638601,805063,398063870,2019-10-03 14:14:21,All standard EBS shelf strata combined,,,492897.46422186
EBS_SHELF,2017,10210,yellowfin sole,Limanda aspera,999,270,201096251,188701928,201266,389999445,2019-10-03 14:14:21,All standard EBS shelf strata combined,,,492897.46422186
EBS_SHELF,2017,10210,yellowfin sole,Limanda aspera,999,280,207387066,161691176,704431,369782672,2019-10-03 14:14:21,All standard EBS shelf strata combined,,,492897.46422186
EBS_SHELF,2017,10210,yellowfin sole,Limanda aspera,999,290,199250303,138747746,603798,338601847,2019-10-03 14:14:21,All standard EBS shelf strata combined,,,492897.46422186
EBS_SHELF,2017,10210,yellowfin sole,Limanda aspera,999,300,259610698,185992807,503165,446106669,2019-10-03 14:14:21,All standard EBS shelf strata combined,,,492897.46422186
EBS_SHELF,2017,10210,yellowfin sole,Limanda aspera,999,310,333902058,213001803,603798,547507659,2019-10-03 14:14:21,All standard EBS shelf strata combined,,,492897.46422186
EBS_SHELF,2017,10210,yellowfin sole,Limanda aspera,999,320,357260833,288862235,603798,646726865,2019-10-03 14:14:21,All standard EBS shelf strata combined,,,492897.46422186
EBS_SHELF,2017,10210,yellowfin sole,Limanda aspera,999,330,292228330,346939916,805063,639973309,2019-10-03 14:14:21,All standard EBS shelf strata combined,,,492897.46422186
EBS_SHELF,2017,10210,yellowfin sole,Limanda aspera,999,340,234730742,358598732,1509494,594838968,2019-10-03 14:14:21,All standard EBS shelf strata combined,,,492897.46422186
EBS_SHELF,2017,10210,yellowfin sole,Limanda aspera,999,350,128418244,351427865,1710760,481556869,2019-10-03 14:14:21,All standard EBS shelf strata combined,,,492897.46422186
EBS_SHELF,2017,10210,yellowfin sole,Limanda aspera,999,360,52297145,282527872,1710760,336535777,2019-10-03 14:14:21,All standard EBS shelf strata combined,,,492897.46422186
EBS_SHELF,2017,10210,yellowfin sole,Limanda aspera,999,370,32335470,216649796,1106962,250092228,2019-10-03 14:14:21,All standard EBS shelf strata combined,,,492897.46422186
EBS_SHELF,2017,10210,yellowfin sole,Limanda aspera,999,380,11025576,158148245,805063,169978885,2019-10-03 14:14:21,All standard EBS shelf strata combined,,,492897.46422186
EBS_SHELF,2017,10210,yellowfin sole,Limanda aspera,999,390,3263733,108340813,1207595,112812140,2019-10-03 14:14:21,All standard EBS shelf strata combined,,,492897.46422186
EBS_SHELF,2017,10210,yellowfin sole,Limanda aspera,999,400,66523,74701761,301899,75070184,2019-10-03 14:14:21,All standard EBS shelf strata combined,,,492897.46422186
EBS_SHELF,2017,10210,yellowfin sole,Limanda aspera,999,410,211709,27810655,201266,28223630,2019-10-03 14:14:21,All standard EBS shelf strata combined,,,492897.46422186
EBS_SHELF,2017,10210,yellowfin sole,Limanda aspera,999,420,0,16700360,0,16700360,2019-10-03 14:14:21,All standard EBS shelf strata combined,,,492897.46422186
EBS_SHELF,2017,10210,yellowfin sole,Limanda aspera,999,430,0,3376041,0,3376041,2019-10-03 14:14:21,All standard EBS shelf strata combined,,,492897.46422186
EBS_SHELF,2017,10210,yellowfin sole,Limanda aspera,999,440,0,1196686,0,1196686,2019-10-03 14:14:21,All standard EBS shelf strata combined,,,492897.46422186
EBS_SHELF,2017,10210,yellowfin sole,Limanda aspera,999,450,0,1160906,0,1160906,2019-10-03 14:14:21,All standard EBS shelf strata combined,,,492897.46422186
EBS_SHELF,2018,10210,yellowfin sole,Limanda aspera,1,90,287366,0,0,287366,2019-10-03 14:14:21,=stratum 10,,,77871.19482419
EBS_SHELF,2018,10210,yellowfin sole,Limanda aspera,1,100,257011,452722,0,709732,2019-10-03 14:14:21,=stratum 10,,,77871.19482419
EBS_SHELF,2018,10210,yellowfin sole,Limanda aspera,1,110,3275578,1651022,213536,5140135,2019-10-03 14:14:21,=stratum 10,,,77871.19482419
EBS_SHELF,2018,10210,yellowfin sole,Limanda aspera,1,120,6453291,6526165,205352793,218332248,2019-10-03 14:14:21,=stratum 10,,,77871.19482419
EBS_SHELF,2018,10210,yellowfin sole,Limanda aspera,1,130,17274062,12011622,103391906,132677591,2019-10-03 14:14:21,=stratum 10,,,77871.19482419
EBS_SHELF,2018,10210,yellowfin sole,Limanda aspera,1,140,16711356,28292369,103301599,148305324,2019-10-03 14:14:21,=stratum 10,,,77871.19482419
EBS_SHELF,2018,10210,yellowfin sole,Limanda aspera,1,150,33526222,35254562,182728,68963512,2019-10-03 14:14:21,=stratum 10,,,77871.19482419
EBS_SHELF,2018,10210,yellowfin sole,Limanda aspera,1,160,36646957,34369634,0,71016592,2019-10-03 14:14:21,=stratum 10,,,77871.19482419
EBS_SHELF,2018,10210,yellowfin sole,Limanda aspera,1,170,41627561,47016681,182728,88826970,2019-10-03 14:14:21,=stratum 10,,,77871.19482419
EBS_SHELF,2018,10210,yellowfin sole,Limanda aspera,1,180,49806862,50064577,0,99871439,2019-10-03 14:14:21,=stratum 10,,,77871.19482419
EBS_SHELF,2018,10210,yellowfin sole,Limanda aspera,1,190,54222534,42958133,0,97180667,2019-10-03 14:14:21,=stratum 10,,,77871.19482419
EBS_SHELF,2018,10210,yellowfin sole,Limanda aspera,1,200,54689148,48369674,0,103058822,2019-10-03 14:14:21,=stratum 10,,,77871.19482419
EBS_SHELF,2018,10210,yellowfin sole,Limanda aspera,1,210,41754697,36646063,0,78400760,2019-10-03 14:14:21,=stratum 10,,,77871.19482419
EBS_SHELF,2018,10210,yellowfin sole,Limanda aspera,1,220,49483927,30261426,0,79745352,2019-10-03 14:14:21,=stratum 10,,,77871.19482419
EBS_SHELF,2018,10210,yellowfin sole,Limanda aspera,1,230,46940686,31564800,0,78505485,2019-10-03 14:14:21,=stratum 10,,,77871.19482419
EBS_SHELF,2018,10210,yellowfin sole,Limanda aspera,1,240,44834832,33547322,0,78382155,2019-10-03 14:14:21,=stratum 10,,,77871.19482419
EBS_SHELF,2018,10210,yellowfin sole,Limanda aspera,1,250,50710626,28689021,0,79399647,2019-10-03 14:14:21,=stratum 10,,,77871.19482419
EBS_SHELF,2018,10210,yellowfin sole,Limanda aspera,1,260,50373215,29308697,0,79681912,2019-10-03 14:14:21,=stratum 10,,,77871.19482419
EBS_SHELF,2018,10210,yellowfin sole,Limanda aspera,1,270,60901735,20872883,0,81774618,2019-10-03 14:14:21,=stratum 10,,,77871.19482419
EBS_SHELF,2018,10210,yellowfin sole,Limanda aspera,1,280,72922061,22929944,0,95852005,2019-10-03 14:14:21,=stratum 10,,,77871.19482419
EBS_SHELF,2018,10210,yellowfin sole,Limanda aspera,1,290,72142959,26033143,0,98176102,2019-10-03 14:14:21,=stratum 10,,,77871.19482419
EBS_SHELF,2018,10210,yellowfin sole,Limanda aspera,1,300,101931016,25884135,0,127815151,2019-10-03 14:14:21,=stratum 10,,,77871.19482419
EBS_SHELF,2018,10210,yellowfin sole,Limanda aspera,1,310,131204566,24334250,0,155538815,2019-10-03 14:14:21,=stratum 10,,,77871.19482419
EBS_SHELF,2018,10210,yellowfin sole,Limanda aspera,1,320,151002935,48622987,0,199625922,2019-10-03 14:14:21,=stratum 10,,,77871.19482419
EBS_SHELF,2018,10210,yellowfin sole,Limanda aspera,1,330,121247680,62772333,0,184020013,2019-10-03 14:14:21,=stratum 10,,,77871.19482419
EBS_SHELF,2018,10210,yellowfin sole,Limanda aspera,1,340,91059600,59139844,0,150199444,2019-10-03 14:14:21,=stratum 10,,,77871.19482419
EBS_SHELF,2018,10210,yellowfin sole,Limanda aspera,1,350,56903951,53093748,0,109997698,2019-10-03 14:14:21,=stratum 10,,,77871.19482419
EBS_SHELF,2018,10210,yellowfin sole,Limanda aspera,1,360,24560553,47300340,0,71860894,2019-10-03 14:14:21,=stratum 10,,,77871.19482419
EBS_SHELF,2018,10210,yellowfin sole,Limanda aspera,1,370,7889563,34660372,0,42549936,2019-10-03 14:14:21,=stratum 10,,,77871.19482419
EBS_SHELF,2018,10210,yellowfin sole,Limanda aspera,1,380,4337768,22710978,0,27048746,2019-10-03 14:14:21,=stratum 10,,,77871.19482419
EBS_SHELF,2018,10210,yellowfin sole,Limanda aspera,1,390,0,13459927,0,13459927,2019-10-03 14:14:21,=stratum 10,,,77871.19482419
EBS_SHELF,2018,10210,yellowfin sole,Limanda aspera,1,400,288819,7947232,0,8236051,2019-10-03 14:14:21,=stratum 10,,,77871.19482419
EBS_SHELF,2018,10210,yellowfin sole,Limanda aspera,1,410,0,4138937,0,4138937,2019-10-03 14:14:21,=stratum 10,,,77871.19482419
EBS_SHELF,2018,10210,yellowfin sole,Limanda aspera,1,420,0,1328628,0,1328628,2019-10-03 14:14:21,=stratum 10,,,77871.19482419
EBS_SHELF,2018,10210,yellowfin sole,Limanda aspera,1,430,0,354229,0,354229,2019-10-03 14:14:21,=stratum 10,,,77871.19482419
EBS_SHELF,2018,10210,yellowfin sole,Limanda aspera,1,450,0,111572,0,111572,2019-10-03 14:14:21,=stratum 10,,,77871.19482419
EBS_SHELF,2018,10210,yellowfin sole,Limanda aspera,1,460,0,288819,0,288819,2019-10-03 14:14:21,=stratum 10,,,77871.19482419
EBS_SHELF,2018,10210,yellowfin sole,Limanda aspera,2,100,0,340704,0,340704,2019-10-03 14:14:21,=stratum 20,,,41027.07031248
EBS_SHELF,2018,10210,yellowfin sole,Limanda aspera,2,110,280152,1607192,491138,2378482,2019-10-03 14:14:21,=stratum 20,,,41027.07031248
EBS_SHELF,2018,10210,yellowfin sole,Limanda aspera,2,120,1163765,1624496,2455691,5243952,2019-10-03 14:14:21,=stratum 20,,,41027.07031248
EBS_SHELF,2018,10210,yellowfin sole,Limanda aspera,2,130,8525282,5256537,4420243,18202062,2019-10-03 14:14:21,=stratum 20,,,41027.07031248
EBS_SHELF,2018,10210,yellowfin sole,Limanda aspera,2,140,12250108,17498660,2455691,32204458,2019-10-03 14:14:21,=stratum 20,,,41027.07031248
EBS_SHELF,2018,10210,yellowfin sole,Limanda aspera,2,150,12565688,22971057,0,35536745,2019-10-03 14:14:21,=stratum 20,,,41027.07031248
EBS_SHELF,2018,10210,yellowfin sole,Limanda aspera,2,160,13782945,18611938,0,32394883,2019-10-03 14:14:21,=stratum 20,,,41027.07031248
EBS_SHELF,2018,10210,yellowfin sole,Limanda aspera,2,170,21752311,21650263,0,43402574,2019-10-03 14:14:21,=stratum 20,,,41027.07031248
EBS_SHELF,2018,10210,yellowfin sole,Limanda aspera,2,180,19261980,24678113,0,43940093,2019-10-03 14:14:21,=stratum 20,,,41027.07031248
EBS_SHELF,2018,10210,yellowfin sole,Limanda aspera,2,190,31295933,25527085,0,56823018,2019-10-03 14:14:21,=stratum 20,,,41027.07031248
EBS_SHELF,2018,10210,yellowfin sole,Limanda aspera,2,200,25798430,32510936,0,58309366,2019-10-03 14:14:21,=stratum 20,,,41027.07031248
EBS_SHELF,2018,10210,yellowfin sole,Limanda aspera,2,210,34080865,35161476,0,69242342,2019-10-03 14:14:21,=stratum 20,,,41027.07031248
EBS_SHELF,2018,10210,yellowfin sole,Limanda aspera,2,220,25206015,33866957,0,59072972,2019-10-03 14:14:21,=stratum 20,,,41027.07031248
EBS_SHELF,2018,10210,yellowfin sole,Limanda aspera,2,230,21779557,27470399,0,49249956,2019-10-03 14:14:21,=stratum 20,,,41027.07031248
EBS_SHELF,2018,10210,yellowfin sole,Limanda aspera,2,240,17323921,21975680,0,39299600,2019-10-03 14:14:21,=stratum 20,,,41027.07031248
EBS_SHELF,2018,10210,yellowfin sole,Limanda aspera,2,250,23958317,24659196,0,48617513,2019-10-03 14:14:21,=stratum 20,,,41027.07031248
EBS_SHELF,2018,10210,yellowfin sole,Limanda aspera,2,260,18740950,19902232,0,38643182,2019-10-03 14:14:21,=stratum 20,,,41027.07031248
EBS_SHELF,2018,10210,yellowfin sole,Limanda aspera,2,270,20917885,17805936,0,38723821,2019-10-03 14:14:21,=stratum 20,,,41027.07031248
EBS_SHELF,2018,10210,yellowfin sole,Limanda aspera,2,280,21865516,13865014,0,35730529,2019-10-03 14:14:21,=stratum 20,,,41027.07031248
EBS_SHELF,2018,10210,yellowfin sole,Limanda aspera,2,290,17441461,11053348,0,28494809,2019-10-03 14:14:21,=stratum 20,,,41027.07031248
EBS_SHELF,2018,10210,yellowfin sole,Limanda aspera,2,300,15121100,12018292,0,27139393,2019-10-03 14:14:21,=stratum 20,,,41027.07031248
EBS_SHELF,2018,10210,yellowfin sole,Limanda aspera,2,310,17358521,11393144,0,28751665,2019-10-03 14:14:21,=stratum 20,,,41027.07031248
EBS_SHELF,2018,10210,yellowfin sole,Limanda aspera,2,320,13369611,10927527,0,24297138,2019-10-03 14:14:21,=stratum 20,,,41027.07031248
EBS_SHELF,2018,10210,yellowfin sole,Limanda aspera,2,330,20190654,12340285,0,32530939,2019-10-03 14:14:21,=stratum 20,,,41027.07031248
EBS_SHELF,2018,10210,yellowfin sole,Limanda aspera,2,340,17945608,18403695,0,36349303,2019-10-03 14:14:21,=stratum 20,,,41027.07031248
EBS_SHELF,2018,10210,yellowfin sole,Limanda aspera,2,350,13362160,25288561,0,38650721,2019-10-03 14:14:21,=stratum 20,,,41027.07031248
EBS_SHELF,2018,10210,yellowfin sole,Limanda aspera,2,360,16013429,34840057,0,50853485,2019-10-03 14:14:21,=stratum 20,,,41027.07031248
EBS_SHELF,2018,10210,yellowfin sole,Limanda aspera,2,370,8597361,28624383,0,37221744,2019-10-03 14:14:21,=stratum 20,,,41027.07031248
EBS_SHELF,2018,10210,yellowfin sole,Limanda aspera,2,380,3802629,24547271,0,28349900,2019-10-03 14:14:21,=stratum 20,,,41027.07031248
EBS_SHELF,2018,10210,yellowfin sole,Limanda aspera,2,390,1037677,25220969,0,26258646,2019-10-03 14:14:21,=stratum 20,,,41027.07031248
EBS_SHELF,2018,10210,yellowfin sole,Limanda aspera,2,400,828141,14565336,0,15393477,2019-10-03 14:14:21,=stratum 20,,,41027.07031248
EBS_SHELF,2018,10210,yellowfin sole,Limanda aspera,2,410,575916,11625093,0,12201009,2019-10-03 14:14:21,=stratum 20,,,41027.07031248
EBS_SHELF,2018,10210,yellowfin sole,Limanda aspera,2,420,0,4051369,0,4051369,2019-10-03 14:14:21,=stratum 20,,,41027.07031248
EBS_SHELF,2018,10210,yellowfin sole,Limanda aspera,2,430,0,2437852,0,2437852,2019-10-03 14:14:21,=stratum 20,,,41027.07031248
EBS_SHELF,2018,10210,yellowfin sole,Limanda aspera,2,440,0,466898,0,466898,2019-10-03 14:14:21,=stratum 20,,,41027.07031248
EBS_SHELF,2018,10210,yellowfin sole,Limanda aspera,2,460,0,315023,0,315023,2019-10-03 14:14:21,=stratum 20,,,41027.07031248
EBS_SHELF,2018,10210,yellowfin sole,Limanda aspera,3,120,0,64110,0,64110,2019-10-03 14:14:21,"=strata 31, 32 combined",,,103300.22729512
EBS_SHELF,2018,10210,yellowfin sole,Limanda aspera,3,130,0,186641,0,186641,2019-10-03 14:14:21,"=strata 31, 32 combined",,,103300.22729512
EBS_SHELF,2018,10210,yellowfin sole,Limanda aspera,3,140,0,228869,0,228869,2019-10-03 14:14:21,"=strata 31, 32 combined",,,103300.22729512
EBS_SHELF,2018,10210,yellowfin sole,Limanda aspera,3,150,1178200,0,0,1178200,2019-10-03 14:14:21,"=strata 31, 32 combined",,,103300.22729512
EBS_SHELF,2018,10210,yellowfin sole,Limanda aspera,3,160,1073224,1347254,0,2420478,2019-10-03 14:14:21,"=strata 31, 32 combined",,,103300.22729512
EBS_SHELF,2018,10210,yellowfin sole,Limanda aspera,3,170,1377250,2253799,0,3631048,2019-10-03 14:14:21,"=strata 31, 32 combined",,,103300.22729512
EBS_SHELF,2018,10210,yellowfin sole,Limanda aspera,3,180,2424427,2525435,0,4949862,2019-10-03 14:14:21,"=strata 31, 32 combined",,,103300.22729512
EBS_SHELF,2018,10210,yellowfin sole,Limanda aspera,3,190,2873001,3777389,0,6650391,2019-10-03 14:14:21,"=strata 31, 32 combined",,,103300.22729512
EBS_SHELF,2018,10210,yellowfin sole,Limanda aspera,3,200,5544102,8111942,0,13656044,2019-10-03 14:14:21,"=strata 31, 32 combined",,,103300.22729512
EBS_SHELF,2018,10210,yellowfin sole,Limanda aspera,3,210,8591216,8504450,0,17095666,2019-10-03 14:14:21,"=strata 31, 32 combined",,,103300.22729512
EBS_SHELF,2018,10210,yellowfin sole,Limanda aspera,3,220,11054335,16743458,175590,27973384,2019-10-03 14:14:21,"=strata 31, 32 combined",,,103300.22729512
EBS_SHELF,2018,10210,yellowfin sole,Limanda aspera,3,230,19710200,23334017,0,43044218,2019-10-03 14:14:21,"=strata 31, 32 combined",,,103300.22729512
EBS_SHELF,2018,10210,yellowfin sole,Limanda aspera,3,240,26667655,36777938,175590,63621183,2019-10-03 14:14:21,"=strata 31, 32 combined",,,103300.22729512
EBS_SHELF,2018,10210,yellowfin sole,Limanda aspera,3,250,34495484,62877741,175590,97548815,2019-10-03 14:14:21,"=strata 31, 32 combined",,,103300.22729512
EBS_SHELF,2018,10210,yellowfin sole,Limanda aspera,3,260,45179942,62950901,702361,108833204,2019-10-03 14:14:21,"=strata 31, 32 combined",,,103300.22729512
EBS_SHELF,2018,10210,yellowfin sole,Limanda aspera,3,270,40961331,74602495,175590,115739417,2019-10-03 14:14:21,"=strata 31, 32 combined",,,103300.22729512
EBS_SHELF,2018,10210,yellowfin sole,Limanda aspera,3,280,36169869,59289035,0,95458904,2019-10-03 14:14:21,"=strata 31, 32 combined",,,103300.22729512
EBS_SHELF,2018,10210,yellowfin sole,Limanda aspera,3,290,42076798,71029858,702361,113809018,2019-10-03 14:14:21,"=strata 31, 32 combined",,,103300.22729512
EBS_SHELF,2018,10210,yellowfin sole,Limanda aspera,3,300,47897287,64180644,702361,112780292,2019-10-03 14:14:21,"=strata 31, 32 combined",,,103300.22729512
EBS_SHELF,2018,10210,yellowfin sole,Limanda aspera,3,310,61058997,96489546,702361,158250904,2019-10-03 14:14:21,"=strata 31, 32 combined",,,103300.22729512
EBS_SHELF,2018,10210,yellowfin sole,Limanda aspera,3,320,68986461,104566723,351181,173904365,2019-10-03 14:14:21,"=strata 31, 32 combined",,,103300.22729512
EBS_SHELF,2018,10210,yellowfin sole,Limanda aspera,3,330,40270209,124058485,1053542,165382236,2019-10-03 14:14:21,"=strata 31, 32 combined",,,103300.22729512
EBS_SHELF,2018,10210,yellowfin sole,Limanda aspera,3,340,22976628,111070887,1404723,135452238,2019-10-03 14:14:21,"=strata 31, 32 combined",,,103300.22729512
EBS_SHELF,2018,10210,yellowfin sole,Limanda aspera,3,350,7162145,90137742,1580313,98880200,2019-10-03 14:14:21,"=strata 31, 32 combined",,,103300.22729512
EBS_SHELF,2018,10210,yellowfin sole,Limanda aspera,3,360,3795011,61880479,1053542,66729032,2019-10-03 14:14:21,"=strata 31, 32 combined",,,103300.22729512
EBS_SHELF,2018,10210,yellowfin sole,Limanda aspera,3,370,909857,40472935,351181,41733973,2019-10-03 14:14:21,"=strata 31, 32 combined",,,103300.22729512
EBS_SHELF,2018,10210,yellowfin sole,Limanda aspera,3,380,95262,24788024,0,24883286,2019-10-03 14:14:21,"=strata 31, 32 combined",,,103300.22729512
EBS_SHELF,2018,10210,yellowfin sole,Limanda aspera,3,390,0,14244694,175590,14420284,2019-10-03 14:14:21,"=strata 31, 32 combined",,,103300.22729512
EBS_SHELF,2018,10210,yellowfin sole,Limanda aspera,3,400,0,3640258,0,3640258,2019-10-03 14:14:21,"=strata 31, 32 combined",,,103300.22729512
EBS_SHELF,2018,10210,yellowfin sole,Limanda aspera,3,410,0,2291936,0,2291936,2019-10-03 14:14:21,"=strata 31, 32 combined",,,103300.22729512
EBS_SHELF,2018,10210,yellowfin sole,Limanda aspera,3,420,0,1673997,0,1673997,2019-10-03 14:14:21,"=strata 31, 32 combined",,,103300.22729512
EBS_SHELF,2018,10210,yellowfin sole,Limanda aspera,3,430,0,270852,0,270852,2019-10-03 14:14:21,"=strata 31, 32 combined",,,103300.22729512
EBS_SHELF,2018,10210,yellowfin sole,Limanda aspera,4,110,0,64480,0,64480,2019-10-03 14:14:21,"=strata 41, 42, 43 combined",,,107822.24743647
EBS_SHELF,2018,10210,yellowfin sole,Limanda aspera,4,150,0,64480,0,64480,2019-10-03 14:14:21,"=strata 41, 42, 43 combined",,,107822.24743647
EBS_SHELF,2018,10210,yellowfin sole,Limanda aspera,4,170,0,157851,0,157851,2019-10-03 14:14:21,"=strata 41, 42, 43 combined",,,107822.24743647
EBS_SHELF,2018,10210,yellowfin sole,Limanda aspera,4,180,122666,827851,0,950517,2019-10-03 14:14:21,"=strata 41, 42, 43 combined",,,107822.24743647
EBS_SHELF,2018,10210,yellowfin sole,Limanda aspera,4,190,315702,943986,0,1259688,2019-10-03 14:14:21,"=strata 41, 42, 43 combined",,,107822.24743647
EBS_SHELF,2018,10210,yellowfin sole,Limanda aspera,4,200,798336,2327615,0,3125952,2019-10-03 14:14:21,"=strata 41, 42, 43 combined",,,107822.24743647
EBS_SHELF,2018,10210,yellowfin sole,Limanda aspera,4,210,2527992,5700532,0,8228524,2019-10-03 14:14:21,"=strata 41, 42, 43 combined",,,107822.24743647
EBS_SHELF,2018,10210,yellowfin sole,Limanda aspera,4,220,5458553,4804554,0,10263107,2019-10-03 14:14:21,"=strata 41, 42, 43 combined",,,107822.24743647
EBS_SHELF,2018,10210,yellowfin sole,Limanda aspera,4,230,9784975,10486223,0,20271198,2019-10-03 14:14:21,"=strata 41, 42, 43 combined",,,107822.24743647
EBS_SHELF,2018,10210,yellowfin sole,Limanda aspera,4,240,14111620,18375414,0,32487034,2019-10-03 14:14:21,"=strata 41, 42, 43 combined",,,107822.24743647
EBS_SHELF,2018,10210,yellowfin sole,Limanda aspera,4,250,15371695,24538402,535947,40446043,2019-10-03 14:14:21,"=strata 41, 42, 43 combined",,,107822.24743647
EBS_SHELF,2018,10210,yellowfin sole,Limanda aspera,4,260,17607956,30892089,267973,48768018,2019-10-03 14:14:21,"=strata 41, 42, 43 combined",,,107822.24743647
EBS_SHELF,2018,10210,yellowfin sole,Limanda aspera,4,270,18750294,34721616,178649,53650559,2019-10-03 14:14:21,"=strata 41, 42, 43 combined",,,107822.24743647
EBS_SHELF,2018,10210,yellowfin sole,Limanda aspera,4,280,16744629,28868484,625271,46238383,2019-10-03 14:14:21,"=strata 41, 42, 43 combined",,,107822.24743647
EBS_SHELF,2018,10210,yellowfin sole,Limanda aspera,4,290,14317463,28888902,714595,43920961,2019-10-03 14:14:21,"=strata 41, 42, 43 combined",,,107822.24743647
EBS_SHELF,2018,10210,yellowfin sole,Limanda aspera,4,300,10049483,36889139,625271,47563893,2019-10-03 14:14:21,"=strata 41, 42, 43 combined",,,107822.24743647
EBS_SHELF,2018,10210,yellowfin sole,Limanda aspera,4,310,11587787,34349937,893244,46830968,2019-10-03 14:14:21,"=strata 41, 42, 43 combined",,,107822.24743647
EBS_SHELF,2018,10210,yellowfin sole,Limanda aspera,4,320,16281990,28850184,267973,45400147,2019-10-03 14:14:21,"=strata 41, 42, 43 combined",,,107822.24743647
EBS_SHELF,2018,10210,yellowfin sole,Limanda aspera,4,330,14053004,37516235,446622,52015861,2019-10-03 14:14:21,"=strata 41, 42, 43 combined",,,107822.24743647
EBS_SHELF,2018,10210,yellowfin sole,Limanda aspera,4,340,10208148,46575894,893244,57677287,2019-10-03 14:14:21,"=strata 41, 42, 43 combined",,,107822.24743647
EBS_SHELF,2018,10210,yellowfin sole,Limanda aspera,4,350,3971412,54771824,1339866,60083103,2019-10-03 14:14:21,"=strata 41, 42, 43 combined",,,107822.24743647
EBS_SHELF,2018,10210,yellowfin sole,Limanda aspera,4,360,4315929,55743035,1250542,61309506,2019-10-03 14:14:21,"=strata 41, 42, 43 combined",,,107822.24743647
EBS_SHELF,2018,10210,yellowfin sole,Limanda aspera,4,370,2298246,52736243,1161218,56195707,2019-10-03 14:14:21,"=strata 41, 42, 43 combined",,,107822.24743647
EBS_SHELF,2018,10210,yellowfin sole,Limanda aspera,4,380,591124,46094839,1429191,48115154,2019-10-03 14:14:21,"=strata 41, 42, 43 combined",,,107822.24743647
EBS_SHELF,2018,10210,yellowfin sole,Limanda aspera,4,390,198152,27504316,714595,28417064,2019-10-03 14:14:21,"=strata 41, 42, 43 combined",,,107822.24743647
EBS_SHELF,2018,10210,yellowfin sole,Limanda aspera,4,400,0,13942852,267973,14210826,2019-10-03 14:14:21,"=strata 41, 42, 43 combined",,,107822.24743647
EBS_SHELF,2018,10210,yellowfin sole,Limanda aspera,4,410,0,6807631,178649,6986280,2019-10-03 14:14:21,"=strata 41, 42, 43 combined",,,107822.24743647
EBS_SHELF,2018,10210,yellowfin sole,Limanda aspera,4,420,0,3115670,0,3115670,2019-10-03 14:14:21,"=strata 41, 42, 43 combined",,,107822.24743647
EBS_SHELF,2018,10210,yellowfin sole,Limanda aspera,4,430,0,1103065,0,1103065,2019-10-03 14:14:21,"=strata 41, 42, 43 combined",,,107822.24743647
EBS_SHELF,2018,10210,yellowfin sole,Limanda aspera,4,440,0,518457,0,518457,2019-10-03 14:14:21,"=strata 41, 42, 43 combined",,,107822.24743647
EBS_SHELF,2018,10210,yellowfin sole,Limanda aspera,4,450,0,161686,0,161686,2019-10-03 14:14:21,"=strata 41, 42, 43 combined",,,107822.24743647
EBS_SHELF,2018,10210,yellowfin sole,Limanda aspera,5,290,0,272319,0,272319,2019-10-03 14:14:21,=stratum 50,,,38792.43627929
EBS_SHELF,2018,10210,yellowfin sole,Limanda aspera,5,300,0,223642,0,223642,2019-10-03 14:14:21,=stratum 50,,,38792.43627929
EBS_SHELF,2018,10210,yellowfin sole,Limanda aspera,5,310,29932,251261,0,281193,2019-10-03 14:14:21,=stratum 50,,,38792.43627929
EBS_SHELF,2018,10210,yellowfin sole,Limanda aspera,5,320,0,438410,0,438410,2019-10-03 14:14:21,=stratum 50,,,38792.43627929
EBS_SHELF,2018,10210,yellowfin sole,Limanda aspera,5,330,0,166091,0,166091,2019-10-03 14:14:21,=stratum 50,,,38792.43627929
EBS_SHELF,2018,10210,yellowfin sole,Limanda aspera,5,340,29932,191397,0,221329,2019-10-03 14:14:21,=stratum 50,,,38792.43627929
EBS_SHELF,2018,10210,yellowfin sole,Limanda aspera,5,350,29932,495961,0,525893,2019-10-03 14:14:21,=stratum 50,,,38792.43627929
EBS_SHELF,2018,10210,yellowfin sole,Limanda aspera,5,360,0,740660,0,740660,2019-10-03 14:14:21,=stratum 50,,,38792.43627929
EBS_SHELF,2018,10210,yellowfin sole,Limanda aspera,5,370,0,544637,0,544637,2019-10-03 14:14:21,=stratum 50,,,38792.43627929
EBS_SHELF,2018,10210,yellowfin sole,Limanda aspera,5,380,0,57551,0,57551,2019-10-03 14:14:21,=stratum 50,,,38792.43627929
EBS_SHELF,2018,10210,yellowfin sole,Limanda aspera,5,400,0,272319,0,272319,2019-10-03 14:14:21,=stratum 50,,,38792.43627929
EBS_SHELF,2018,10210,yellowfin sole,Limanda aspera,5,410,0,136159,0,136159,2019-10-03 14:14:21,=stratum 50,,,38792.43627929
EBS_SHELF,2018,10210,yellowfin sole,Limanda aspera,6,280,0,31942,0,31942,2019-10-03 14:14:21,"=strata 61, 62 combined",,,94562.32836934
EBS_SHELF,2018,10210,yellowfin sole,Limanda aspera,8,230,0,62138,0,62138,2019-10-03 14:14:21,=stratum 82,,,17954
EBS_SHELF,2018,10210,yellowfin sole,Limanda aspera,8,250,0,64856,0,64856,2019-10-03 14:14:21,=stratum 82,,,17954
EBS_SHELF,2018,10210,yellowfin sole,Limanda aspera,8,260,34219,194444,0,228662,2019-10-03 14:14:21,=stratum 82,,,17954
EBS_SHELF,2018,10210,yellowfin sole,Limanda aspera,8,270,94505,30637,0,125141,2019-10-03 14:14:21,=stratum 82,,,17954
EBS_SHELF,2018,10210,yellowfin sole,Limanda aspera,8,280,94505,94505,0,189009,2019-10-03 14:14:21,=stratum 82,,,17954
EBS_SHELF,2018,10210,yellowfin sole,Limanda aspera,8,290,31502,356805,0,388306,2019-10-03 14:14:21,=stratum 82,,,17954
EBS_SHELF,2018,10210,yellowfin sole,Limanda aspera,8,300,0,128723,0,128723,2019-10-03 14:14:21,=stratum 82,,,17954
EBS_SHELF,2018,10210,yellowfin sole,Limanda aspera,8,310,97222,385983,0,483205,2019-10-03 14:14:21,=stratum 82,,,17954
EBS_SHELF,2018,10210,yellowfin sole,Limanda aspera,8,320,34219,516048,0,550267,2019-10-03 14:14:21,=stratum 82,,,17954
EBS_SHELF,2018,10210,yellowfin sole,Limanda aspera,8,330,0,455846,0,455846,2019-10-03 14:14:21,=stratum 82,,,17954
EBS_SHELF,2018,10210,yellowfin sole,Limanda aspera,8,340,154718,556700,0,711417,2019-10-03 14:14:21,=stratum 82,,,17954
EBS_SHELF,2018,10210,yellowfin sole,Limanda aspera,8,350,99939,394409,0,494348,2019-10-03 14:14:21,=stratum 82,,,17954
EBS_SHELF,2018,10210,yellowfin sole,Limanda aspera,8,360,0,769048,0,769048,2019-10-03 14:14:21,=stratum 82,,,17954
EBS_SHELF,2018,10210,yellowfin sole,Limanda aspera,8,370,64856,982715,0,1047570,2019-10-03 14:14:21,=stratum 82,,,17954
EBS_SHELF,2018,10210,yellowfin sole,Limanda aspera,8,380,31502,698758,0,730260,2019-10-03 14:14:21,=stratum 82,,,17954
EBS_SHELF,2018,10210,yellowfin sole,Limanda aspera,8,390,0,289071,0,289071,2019-10-03 14:14:21,=stratum 82,,,17954
EBS_SHELF,2018,10210,yellowfin sole,Limanda aspera,8,400,0,63003,0,63003,2019-10-03 14:14:21,=stratum 82,,,17954
EBS_SHELF,2018,10210,yellowfin sole,Limanda aspera,8,410,0,127672,0,127672,2019-10-03 14:14:21,=stratum 82,,,17954
EBS_SHELF,2018,10210,yellowfin sole,Limanda aspera,999,90,287366,0,0,287366,2019-10-03 14:14:21,All standard EBS shelf strata combined,,,492897.46422186
EBS_SHELF,2018,10210,yellowfin sole,Limanda aspera,999,100,257011,793426,0,1050437,2019-10-03 14:14:21,All standard EBS shelf strata combined,,,492897.46422186
EBS_SHELF,2018,10210,yellowfin sole,Limanda aspera,999,110,3555730,3322693,704674,7583096,2019-10-03 14:14:21,All standard EBS shelf strata combined,,,492897.46422186
EBS_SHELF,2018,10210,yellowfin sole,Limanda aspera,999,120,7617056,8214771,207808483,223640310,2019-10-03 14:14:21,All standard EBS shelf strata combined,,,492897.46422186
EBS_SHELF,2018,10210,yellowfin sole,Limanda aspera,999,130,25799345,17454800,107812149,151066294,2019-10-03 14:14:21,All standard EBS shelf strata combined,,,492897.46422186
EBS_SHELF,2018,10210,yellowfin sole,Limanda aspera,999,140,28961463,46019898,105757290,180738651,2019-10-03 14:14:21,All standard EBS shelf strata combined,,,492897.46422186
EBS_SHELF,2018,10210,yellowfin sole,Limanda aspera,999,150,47270110,58290099,182728,105742937,2019-10-03 14:14:21,All standard EBS shelf strata combined,,,492897.46422186
EBS_SHELF,2018,10210,yellowfin sole,Limanda aspera,999,160,51503126,54328826,0,105831952,2019-10-03 14:14:21,All standard EBS shelf strata combined,,,492897.46422186
EBS_SHELF,2018,10210,yellowfin sole,Limanda aspera,999,170,64757122,71078594,182728,136018444,2019-10-03 14:14:21,All standard EBS shelf strata combined,,,492897.46422186
EBS_SHELF,2018,10210,yellowfin sole,Limanda aspera,999,180,71615935,78095975,0,149711910,2019-10-03 14:14:21,All standard EBS shelf strata combined,,,492897.46422186
EBS_SHELF,2018,10210,yellowfin sole,Limanda aspera,999,190,88707170,73206593,0,161913764,2019-10-03 14:14:21,All standard EBS shelf strata combined,,,492897.46422186
EBS_SHELF,2018,10210,yellowfin sole,Limanda aspera,999,200,86830017,91320168,0,178150185,2019-10-03 14:14:21,All standard EBS shelf strata combined,,,492897.46422186
EBS_SHELF,2018,10210,yellowfin sole,Limanda aspera,999,210,86954770,86012522,0,172967292,2019-10-03 14:14:21,All standard EBS shelf strata combined,,,492897.46422186
EBS_SHELF,2018,10210,yellowfin sole,Limanda aspera,999,220,91202830,85676395,175590,177054815,2019-10-03 14:14:21,All standard EBS shelf strata combined,,,492897.46422186
EBS_SHELF,2018,10210,yellowfin sole,Limanda aspera,999,230,98215418,92917577,0,191132995,2019-10-03 14:14:21,All standard EBS shelf strata combined,,,492897.46422186
EBS_SHELF,2018,10210,yellowfin sole,Limanda aspera,999,240,102938028,110676354,175590,213789972,2019-10-03 14:14:21,All standard EBS shelf strata combined,,,492897.46422186
EBS_SHELF,2018,10210,yellowfin sole,Limanda aspera,999,250,124536123,140829215,711537,266076874,2019-10-03 14:14:21,All standard EBS shelf strata combined,,,492897.46422186
EBS_SHELF,2018,10210,yellowfin sole,Limanda aspera,999,260,131936281,143248364,970335,276154979,2019-10-03 14:14:21,All standard EBS shelf strata combined,,,492897.46422186
EBS_SHELF,2018,10210,yellowfin sole,Limanda aspera,999,270,141625750,148033566,354239,290013556,2019-10-03 14:14:21,All standard EBS shelf strata combined,,,492897.46422186
EBS_SHELF,2018,10210,yellowfin sole,Limanda aspera,999,280,147796579,125078923,625271,273500772,2019-10-03 14:14:21,All standard EBS shelf strata combined,,,492897.46422186
EBS_SHELF,2018,10210,yellowfin sole,Limanda aspera,999,290,146010183,137634375,1416957,285061514,2019-10-03 14:14:21,All standard EBS shelf strata combined,,,492897.46422186
EBS_SHELF,2018,10210,yellowfin sole,Limanda aspera,999,300,174998886,139324576,1327632,315651094,2019-10-03 14:14:21,All standard EBS shelf strata combined,,,492897.46422186
EBS_SHELF,2018,10210,yellowfin sole,Limanda aspera,999,310,221337025,167204120,1595606,390136750,2019-10-03 14:14:21,All standard EBS shelf strata combined,,,492897.46422186
EBS_SHELF,2018,10210,yellowfin sole,Limanda aspera,999,320,249675215,193921879,619154,444216248,2019-10-03 14:14:21,All standard EBS shelf strata combined,,,492897.46422186
EBS_SHELF,2018,10210,yellowfin sole,Limanda aspera,999,330,195761547,237309275,1500164,434570986,2019-10-03 14:14:21,All standard EBS shelf strata combined,,,492897.46422186
EBS_SHELF,2018,10210,yellowfin sole,Limanda aspera,999,340,142374634,235938417,2297967,380611018,2019-10-03 14:14:21,All standard EBS shelf strata combined,,,492897.46422186
EBS_SHELF,2018,10210,yellowfin sole,Limanda aspera,999,350,81529539,224182244,2920180,308631963,2019-10-03 14:14:21,All standard EBS shelf strata combined,,,492897.46422186
EBS_SHELF,2018,10210,yellowfin sole,Limanda aspera,999,360,48684922,201273620,2304084,252262626,2019-10-03 14:14:21,All standard EBS shelf strata combined,,,492897.46422186
EBS_SHELF,2018,10210,yellowfin sole,Limanda aspera,999,370,19759883,158021285,1512398,179293567,2019-10-03 14:14:21,All standard EBS shelf strata combined,,,492897.46422186
EBS_SHELF,2018,10210,yellowfin sole,Limanda aspera,999,380,8858285,118897421,1429191,129184897,2019-10-03 14:14:21,All standard EBS shelf strata combined,,,492897.46422186
EBS_SHELF,2018,10210,yellowfin sole,Limanda aspera,999,390,1235829,80718977,890186,82844991,2019-10-03 14:14:21,All standard EBS shelf strata combined,,,492897.46422186
EBS_SHELF,2018,10210,yellowfin sole,Limanda aspera,999,400,1116960,40431000,267973,41815933,2019-10-03 14:14:21,All standard EBS shelf strata combined,,,492897.46422186
EBS_SHELF,2018,10210,yellowfin sole,Limanda aspera,999,410,575916,25127429,178649,25881993,2019-10-03 14:14:21,All standard EBS shelf strata combined,,,492897.46422186
EBS_SHELF,2018,10210,yellowfin sole,Limanda aspera,999,420,0,10169664,0,10169664,2019-10-03 14:14:21,All standard EBS shelf strata combined,,,492897.46422186
EBS_SHELF,2018,10210,yellowfin sole,Limanda aspera,999,430,0,4165997,0,4165997,2019-10-03 14:14:21,All standard EBS shelf strata combined,,,492897.46422186
EBS_SHELF,2018,10210,yellowfin sole,Limanda aspera,999,440,0,985354,0,985354,2019-10-03 14:14:21,All standard EBS shelf strata combined,,,492897.46422186
EBS_SHELF,2018,10210,yellowfin sole,Limanda aspera,999,450,0,273258,0,273258,2019-10-03 14:14:21,All standard EBS shelf strata combined,,,492897.46422186
EBS_SHELF,2018,10210,yellowfin sole,Limanda aspera,999,460,0,603841,0,603841,2019-10-03 14:14:21,All standard EBS shelf strata combined,,,492897.46422186
EBS_SHELF,2019,10210,yellowfin sole,Limanda aspera,1,90,262450,0,262450,524901,2019-10-03 14:14:21,=stratum 10,,,77871.19482419
EBS_SHELF,2019,10210,yellowfin sole,Limanda aspera,1,100,6718172,3407056,3679187,13804415,2019-10-03 14:14:21,=stratum 10,,,77871.19482419
EBS_SHELF,2019,10210,yellowfin sole,Limanda aspera,1,110,13338489,10622817,11846152,35807458,2019-10-03 14:14:21,=stratum 10,,,77871.19482419
EBS_SHELF,2019,10210,yellowfin sole,Limanda aspera,1,120,35910260,35792835,5510832,77213927,2019-10-03 14:14:21,=stratum 10,,,77871.19482419
EBS_SHELF,2019,10210,yellowfin sole,Limanda aspera,1,130,38065682,42226134,8248662,88540477,2019-10-03 14:14:21,=stratum 10,,,77871.19482419
EBS_SHELF,2019,10210,yellowfin sole,Limanda aspera,1,140,35467909,42259411,3130603,80857923,2019-10-03 14:14:21,=stratum 10,,,77871.19482419
EBS_SHELF,2019,10210,yellowfin sole,Limanda aspera,1,150,42054956,37771395,510546,80336898,2019-10-03 14:14:21,=stratum 10,,,77871.19482419
EBS_SHELF,2019,10210,yellowfin sole,Limanda aspera,1,160,41240866,36025691,0,77266558,2019-10-03 14:14:21,=stratum 10,,,77871.19482419
EBS_SHELF,2019,10210,yellowfin sole,Limanda aspera,1,170,44193739,35563756,0,79757494,2019-10-03 14:14:21,=stratum 10,,,77871.19482419
EBS_SHELF,2019,10210,yellowfin sole,Limanda aspera,1,180,36234529,36393774,0,72628303,2019-10-03 14:14:21,=stratum 10,,,77871.19482419
EBS_SHELF,2019,10210,yellowfin sole,Limanda aspera,1,190,29450495,29678739,0,59129234,2019-10-03 14:14:21,=stratum 10,,,77871.19482419
EBS_SHELF,2019,10210,yellowfin sole,Limanda aspera,1,200,45708553,52173773,0,97882327,2019-10-03 14:14:21,=stratum 10,,,77871.19482419
EBS_SHELF,2019,10210,yellowfin sole,Limanda aspera,1,210,43302363,33670227,0,76972590,2019-10-03 14:14:21,=stratum 10,,,77871.19482419
EBS_SHELF,2019,10210,yellowfin sole,Limanda aspera,1,220,37490087,31195806,0,68685893,2019-10-03 14:14:21,=stratum 10,,,77871.19482419
EBS_SHELF,2019,10210,yellowfin sole,Limanda aspera,1,230,45956204,42073364,0,88029568,2019-10-03 14:14:21,=stratum 10,,,77871.19482419
EBS_SHELF,2019,10210,yellowfin sole,Limanda aspera,1,240,43333888,33277666,0,76611554,2019-10-03 14:14:21,=stratum 10,,,77871.19482419
EBS_SHELF,2019,10210,yellowfin sole,Limanda aspera,1,250,51445549,37717905,0,89163454,2019-10-03 14:14:21,=stratum 10,,,77871.19482419
EBS_SHELF,2019,10210,yellowfin sole,Limanda aspera,1,260,78999697,29974147,0,108973844,2019-10-03 14:14:21,=stratum 10,,,77871.19482419
EBS_SHELF,2019,10210,yellowfin sole,Limanda aspera,1,270,84680084,42355088,0,127035172,2019-10-03 14:14:21,=stratum 10,,,77871.19482419
EBS_SHELF,2019,10210,yellowfin sole,Limanda aspera,1,280,94486496,43198061,0,137684557,2019-10-03 14:14:21,=stratum 10,,,77871.19482419
EBS_SHELF,2019,10210,yellowfin sole,Limanda aspera,1,290,100296527,30708585,0,131005112,2019-10-03 14:14:21,=stratum 10,,,77871.19482419
EBS_SHELF,2019,10210,yellowfin sole,Limanda aspera,1,300,133775973,52241371,0,186017344,2019-10-03 14:14:21,=stratum 10,,,77871.19482419
EBS_SHELF,2019,10210,yellowfin sole,Limanda aspera,1,310,182823957,50312438,0,233136394,2019-10-03 14:14:21,=stratum 10,,,77871.19482419
EBS_SHELF,2019,10210,yellowfin sole,Limanda aspera,1,320,233709321,65012020,0,298721341,2019-10-03 14:14:21,=stratum 10,,,77871.19482419
EBS_SHELF,2019,10210,yellowfin sole,Limanda aspera,1,330,177341780,95669613,0,273011394,2019-10-03 14:14:21,=stratum 10,,,77871.19482419
EBS_SHELF,2019,10210,yellowfin sole,Limanda aspera,1,340,123201506,51224416,0,174425922,2019-10-03 14:14:21,=stratum 10,,,77871.19482419
EBS_SHELF,2019,10210,yellowfin sole,Limanda aspera,1,350,53822807,60734115,0,114556922,2019-10-03 14:14:21,=stratum 10,,,77871.19482419
EBS_SHELF,2019,10210,yellowfin sole,Limanda aspera,1,360,34767128,59526322,0,94293449,2019-10-03 14:14:21,=stratum 10,,,77871.19482419
EBS_SHELF,2019,10210,yellowfin sole,Limanda aspera,1,370,5796514,31428113,0,37224627,2019-10-03 14:14:21,=stratum 10,,,77871.19482419
EBS_SHELF,2019,10210,yellowfin sole,Limanda aspera,1,380,887167,32017017,0,32904184,2019-10-03 14:14:21,=stratum 10,,,77871.19482419
EBS_SHELF,2019,10210,yellowfin sole,Limanda aspera,1,390,655488,13914037,0,14569524,2019-10-03 14:14:21,=stratum 10,,,77871.19482419
EBS_SHELF,2019,10210,yellowfin sole,Limanda aspera,1,400,584510,3173575,0,3758085,2019-10-03 14:14:21,=stratum 10,,,77871.19482419
EBS_SHELF,2019,10210,yellowfin sole,Limanda aspera,1,410,0,2919537,0,2919537,2019-10-03 14:14:21,=stratum 10,,,77871.19482419
EBS_SHELF,2019,10210,yellowfin sole,Limanda aspera,1,420,0,752409,0,752409,2019-10-03 14:14:21,=stratum 10,,,77871.19482419
EBS_SHELF,2019,10210,yellowfin sole,Limanda aspera,1,430,0,438718,0,438718,2019-10-03 14:14:21,=stratum 10,,,77871.19482419
EBS_SHELF,2019,10210,yellowfin sole,Limanda aspera,1,440,0,495679,0,495679,2019-10-03 14:14:21,=stratum 10,,,77871.19482419
EBS_SHELF,2019,10210,yellowfin sole,Limanda aspera,1,450,0,198602,0,198602,2019-10-03 14:14:21,=stratum 10,,,77871.19482419
EBS_SHELF,2019,10210,yellowfin sole,Limanda aspera,2,90,237748,0,0,237748,2019-10-03 14:14:21,=stratum 20,,,41027.07031248
EBS_SHELF,2019,10210,yellowfin sole,Limanda aspera,2,100,2503641,1250752,0,3754394,2019-10-03 14:14:21,=stratum 20,,,41027.07031248
EBS_SHELF,2019,10210,yellowfin sole,Limanda aspera,2,110,9631485,10257882,225633,20115000,2019-10-03 14:14:21,=stratum 20,,,41027.07031248
EBS_SHELF,2019,10210,yellowfin sole,Limanda aspera,2,120,18099720,13938691,610538,32648950,2019-10-03 14:14:21,=stratum 20,,,41027.07031248
EBS_SHELF,2019,10210,yellowfin sole,Limanda aspera,2,130,14386193,18788093,982167,34156453,2019-10-03 14:14:21,=stratum 20,,,41027.07031248
EBS_SHELF,2019,10210,yellowfin sole,Limanda aspera,2,140,15423047,19281501,1128163,35832711,2019-10-03 14:14:21,=stratum 20,,,41027.07031248
EBS_SHELF,2019,10210,yellowfin sole,Limanda aspera,2,150,18253874,20050358,1128163,39432395,2019-10-03 14:14:21,=stratum 20,,,41027.07031248
EBS_SHELF,2019,10210,yellowfin sole,Limanda aspera,2,160,18477973,21666790,0,40144763,2019-10-03 14:14:21,=stratum 20,,,41027.07031248
EBS_SHELF,2019,10210,yellowfin sole,Limanda aspera,2,170,25321315,21138809,0,46460123,2019-10-03 14:14:21,=stratum 20,,,41027.07031248
EBS_SHELF,2019,10210,yellowfin sole,Limanda aspera,2,180,21693398,24574733,0,46268131,2019-10-03 14:14:21,=stratum 20,,,41027.07031248
EBS_SHELF,2019,10210,yellowfin sole,Limanda aspera,2,190,21647518,19751743,0,41399260,2019-10-03 14:14:21,=stratum 20,,,41027.07031248
EBS_SHELF,2019,10210,yellowfin sole,Limanda aspera,2,200,17274435,20933673,0,38208108,2019-10-03 14:14:21,=stratum 20,,,41027.07031248
EBS_SHELF,2019,10210,yellowfin sole,Limanda aspera,2,210,17167425,17545717,0,34713143,2019-10-03 14:14:21,=stratum 20,,,41027.07031248
EBS_SHELF,2019,10210,yellowfin sole,Limanda aspera,2,220,13248367,17112802,0,30361169,2019-10-03 14:14:21,=stratum 20,,,41027.07031248
EBS_SHELF,2019,10210,yellowfin sole,Limanda aspera,2,230,15989392,15833664,0,31823057,2019-10-03 14:14:21,=stratum 20,,,41027.07031248
EBS_SHELF,2019,10210,yellowfin sole,Limanda aspera,2,240,13477715,18768382,0,32246097,2019-10-03 14:14:21,=stratum 20,,,41027.07031248
EBS_SHELF,2019,10210,yellowfin sole,Limanda aspera,2,250,11320325,12311882,0,23632207,2019-10-03 14:14:21,=stratum 20,,,41027.07031248
EBS_SHELF,2019,10210,yellowfin sole,Limanda aspera,2,260,16412131,12242613,0,28654743,2019-10-03 14:14:21,=stratum 20,,,41027.07031248
EBS_SHELF,2019,10210,yellowfin sole,Limanda aspera,2,270,14340332,11652115,0,25992446,2019-10-03 14:14:21,=stratum 20,,,41027.07031248
EBS_SHELF,2019,10210,yellowfin sole,Limanda aspera,2,280,15575621,11850531,0,27426152,2019-10-03 14:14:21,=stratum 20,,,41027.07031248
EBS_SHELF,2019,10210,yellowfin sole,Limanda aspera,2,290,17850375,9928223,0,27778598,2019-10-03 14:14:21,=stratum 20,,,41027.07031248
EBS_SHELF,2019,10210,yellowfin sole,Limanda aspera,2,300,18693322,11500628,0,30193950,2019-10-03 14:14:21,=stratum 20,,,41027.07031248
EBS_SHELF,2019,10210,yellowfin sole,Limanda aspera,2,310,18473269,12643087,0,31116357,2019-10-03 14:14:21,=stratum 20,,,41027.07031248
EBS_SHELF,2019,10210,yellowfin sole,Limanda aspera,2,320,14947285,12059629,0,27006914,2019-10-03 14:14:21,=stratum 20,,,41027.07031248
EBS_SHELF,2019,10210,yellowfin sole,Limanda aspera,2,330,20093107,11172841,0,31265948,2019-10-03 14:14:21,=stratum 20,,,41027.07031248
EBS_SHELF,2019,10210,yellowfin sole,Limanda aspera,2,340,17100975,19878796,0,36979771,2019-10-03 14:14:21,=stratum 20,,,41027.07031248
EBS_SHELF,2019,10210,yellowfin sole,Limanda aspera,2,350,15303539,18684660,0,33988198,2019-10-03 14:14:21,=stratum 20,,,41027.07031248
EBS_SHELF,2019,10210,yellowfin sole,Limanda aspera,2,360,9154030,22050703,0,31204733,2019-10-03 14:14:21,=stratum 20,,,41027.07031248
EBS_SHELF,2019,10210,yellowfin sole,Limanda aspera,2,370,9750276,33994687,0,43744963,2019-10-03 14:14:21,=stratum 20,,,41027.07031248
EBS_SHELF,2019,10210,yellowfin sole,Limanda aspera,2,380,3125368,25944770,0,29070139,2019-10-03 14:14:21,=stratum 20,,,41027.07031248
EBS_SHELF,2019,10210,yellowfin sole,Limanda aspera,2,390,1328290,30302318,0,31630608,2019-10-03 14:14:21,=stratum 20,,,41027.07031248
EBS_SHELF,2019,10210,yellowfin sole,Limanda aspera,2,400,226650,16170236,0,16396886,2019-10-03 14:14:21,=stratum 20,,,41027.07031248
EBS_SHELF,2019,10210,yellowfin sole,Limanda aspera,2,410,225633,10482423,0,10708055,2019-10-03 14:14:21,=stratum 20,,,41027.07031248
EBS_SHELF,2019,10210,yellowfin sole,Limanda aspera,2,420,0,5126430,0,5126430,2019-10-03 14:14:21,=stratum 20,,,41027.07031248
EBS_SHELF,2019,10210,yellowfin sole,Limanda aspera,2,430,0,2579523,0,2579523,2019-10-03 14:14:21,=stratum 20,,,41027.07031248
EBS_SHELF,2019,10210,yellowfin sole,Limanda aspera,2,440,0,458694,0,458694,2019-10-03 14:14:21,=stratum 20,,,41027.07031248
EBS_SHELF,2019,10210,yellowfin sole,Limanda aspera,3,140,582437,62006,0,644444,2019-10-03 14:14:21,"=strata 31, 32 combined",,,103300.22729512
EBS_SHELF,2019,10210,yellowfin sole,Limanda aspera,3,160,120823,592214,0,713037,2019-10-03 14:14:21,"=strata 31, 32 combined",,,103300.22729512
EBS_SHELF,2019,10210,yellowfin sole,Limanda aspera,3,170,1291394,1380450,0,2671844,2019-10-03 14:14:21,"=strata 31, 32 combined",,,103300.22729512
EBS_SHELF,2019,10210,yellowfin sole,Limanda aspera,3,180,1382695,1718178,0,3100873,2019-10-03 14:14:21,"=strata 31, 32 combined",,,103300.22729512
EBS_SHELF,2019,10210,yellowfin sole,Limanda aspera,3,190,3671877,2476395,0,6148272,2019-10-03 14:14:21,"=strata 31, 32 combined",,,103300.22729512
EBS_SHELF,2019,10210,yellowfin sole,Limanda aspera,3,200,3497092,2851314,0,6348406,2019-10-03 14:14:21,"=strata 31, 32 combined",,,103300.22729512
EBS_SHELF,2019,10210,yellowfin sole,Limanda aspera,3,210,2990919,5104064,0,8094984,2019-10-03 14:14:21,"=strata 31, 32 combined",,,103300.22729512
EBS_SHELF,2019,10210,yellowfin sole,Limanda aspera,3,220,4738053,7587667,0,12325720,2019-10-03 14:14:21,"=strata 31, 32 combined",,,103300.22729512
EBS_SHELF,2019,10210,yellowfin sole,Limanda aspera,3,230,10787558,8521217,0,19308775,2019-10-03 14:14:21,"=strata 31, 32 combined",,,103300.22729512
EBS_SHELF,2019,10210,yellowfin sole,Limanda aspera,3,240,15551212,15733266,0,31284478,2019-10-03 14:14:21,"=strata 31, 32 combined",,,103300.22729512
EBS_SHELF,2019,10210,yellowfin sole,Limanda aspera,3,250,21147136,26553995,0,47701131,2019-10-03 14:14:21,"=strata 31, 32 combined",,,103300.22729512
EBS_SHELF,2019,10210,yellowfin sole,Limanda aspera,3,260,28035736,33621690,0,61657426,2019-10-03 14:14:21,"=strata 31, 32 combined",,,103300.22729512
EBS_SHELF,2019,10210,yellowfin sole,Limanda aspera,3,270,33964147,49817934,0,83782082,2019-10-03 14:14:21,"=strata 31, 32 combined",,,103300.22729512
EBS_SHELF,2019,10210,yellowfin sole,Limanda aspera,3,280,38689013,50770153,0,89459166,2019-10-03 14:14:21,"=strata 31, 32 combined",,,103300.22729512
EBS_SHELF,2019,10210,yellowfin sole,Limanda aspera,3,290,46472412,59496593,0,105969005,2019-10-03 14:14:21,"=strata 31, 32 combined",,,103300.22729512
EBS_SHELF,2019,10210,yellowfin sole,Limanda aspera,3,300,44208867,60754824,0,104963691,2019-10-03 14:14:21,"=strata 31, 32 combined",,,103300.22729512
EBS_SHELF,2019,10210,yellowfin sole,Limanda aspera,3,310,59224591,74050735,0,133275326,2019-10-03 14:14:21,"=strata 31, 32 combined",,,103300.22729512
EBS_SHELF,2019,10210,yellowfin sole,Limanda aspera,3,320,64105028,89528605,0,153633634,2019-10-03 14:14:21,"=strata 31, 32 combined",,,103300.22729512
EBS_SHELF,2019,10210,yellowfin sole,Limanda aspera,3,330,50890710,104882124,0,155772834,2019-10-03 14:14:21,"=strata 31, 32 combined",,,103300.22729512
EBS_SHELF,2019,10210,yellowfin sole,Limanda aspera,3,340,28794974,109908959,0,138703933,2019-10-03 14:14:21,"=strata 31, 32 combined",,,103300.22729512
EBS_SHELF,2019,10210,yellowfin sole,Limanda aspera,3,350,12159889,77712488,0,89872376,2019-10-03 14:14:21,"=strata 31, 32 combined",,,103300.22729512
EBS_SHELF,2019,10210,yellowfin sole,Limanda aspera,3,360,3964921,54277290,0,58242211,2019-10-03 14:14:21,"=strata 31, 32 combined",,,103300.22729512
EBS_SHELF,2019,10210,yellowfin sole,Limanda aspera,3,370,1408362,35291346,0,36699708,2019-10-03 14:14:21,"=strata 31, 32 combined",,,103300.22729512
EBS_SHELF,2019,10210,yellowfin sole,Limanda aspera,3,380,517663,18916485,0,19434149,2019-10-03 14:14:21,"=strata 31, 32 combined",,,103300.22729512
EBS_SHELF,2019,10210,yellowfin sole,Limanda aspera,3,390,0,8220614,0,8220614,2019-10-03 14:14:21,"=strata 31, 32 combined",,,103300.22729512
EBS_SHELF,2019,10210,yellowfin sole,Limanda aspera,3,400,0,5678545,0,5678545,2019-10-03 14:14:21,"=strata 31, 32 combined",,,103300.22729512
EBS_SHELF,2019,10210,yellowfin sole,Limanda aspera,3,410,58092,1591121,0,1649213,2019-10-03 14:14:21,"=strata 31, 32 combined",,,103300.22729512
EBS_SHELF,2019,10210,yellowfin sole,Limanda aspera,3,420,0,908508,0,908508,2019-10-03 14:14:21,"=strata 31, 32 combined",,,103300.22729512
EBS_SHELF,2019,10210,yellowfin sole,Limanda aspera,3,430,0,60281,0,60281,2019-10-03 14:14:21,"=strata 31, 32 combined",,,103300.22729512
EBS_SHELF,2019,10210,yellowfin sole,Limanda aspera,3,440,0,30141,0,30141,2019-10-03 14:14:21,"=strata 31, 32 combined",,,103300.22729512
EBS_SHELF,2019,10210,yellowfin sole,Limanda aspera,4,180,0,183493,0,183493,2019-10-03 14:14:21,"=strata 41, 42, 43 combined",,,107822.24743647
EBS_SHELF,2019,10210,yellowfin sole,Limanda aspera,4,190,0,28633,180866,209499,2019-10-03 14:14:21,"=strata 41, 42, 43 combined",,,107822.24743647
EBS_SHELF,2019,10210,yellowfin sole,Limanda aspera,4,200,28633,1093621,0,1122254,2019-10-03 14:14:21,"=strata 41, 42, 43 combined",,,107822.24743647
EBS_SHELF,2019,10210,yellowfin sole,Limanda aspera,4,210,913646,1183173,904329,3001148,2019-10-03 14:14:21,"=strata 41, 42, 43 combined",,,107822.24743647
EBS_SHELF,2019,10210,yellowfin sole,Limanda aspera,4,220,740089,2034457,1808658,4583204,2019-10-03 14:14:21,"=strata 41, 42, 43 combined",,,107822.24743647
EBS_SHELF,2019,10210,yellowfin sole,Limanda aspera,4,230,2746220,8762784,2893852,14402856,2019-10-03 14:14:21,"=strata 41, 42, 43 combined",,,107822.24743647
EBS_SHELF,2019,10210,yellowfin sole,Limanda aspera,4,240,3518764,8925367,2893852,15337984,2019-10-03 14:14:21,"=strata 41, 42, 43 combined",,,107822.24743647
EBS_SHELF,2019,10210,yellowfin sole,Limanda aspera,4,250,8735844,12827874,3255584,24819302,2019-10-03 14:14:21,"=strata 41, 42, 43 combined",,,107822.24743647
EBS_SHELF,2019,10210,yellowfin sole,Limanda aspera,4,260,12458181,25070541,3255584,40784306,2019-10-03 14:14:21,"=strata 41, 42, 43 combined",,,107822.24743647
EBS_SHELF,2019,10210,yellowfin sole,Limanda aspera,4,270,15906196,33998626,723463,50628285,2019-10-03 14:14:21,"=strata 41, 42, 43 combined",,,107822.24743647
EBS_SHELF,2019,10210,yellowfin sole,Limanda aspera,4,280,13573088,32881302,180866,46635256,2019-10-03 14:14:21,"=strata 41, 42, 43 combined",,,107822.24743647
EBS_SHELF,2019,10210,yellowfin sole,Limanda aspera,4,290,12351985,36420508,1266060,50038554,2019-10-03 14:14:21,"=strata 41, 42, 43 combined",,,107822.24743647
EBS_SHELF,2019,10210,yellowfin sole,Limanda aspera,4,300,11757535,41970241,723463,54451239,2019-10-03 14:14:21,"=strata 41, 42, 43 combined",,,107822.24743647
EBS_SHELF,2019,10210,yellowfin sole,Limanda aspera,4,310,9618603,36981935,542597,47143135,2019-10-03 14:14:21,"=strata 41, 42, 43 combined",,,107822.24743647
EBS_SHELF,2019,10210,yellowfin sole,Limanda aspera,4,320,7589736,45323799,542597,53456133,2019-10-03 14:14:21,"=strata 41, 42, 43 combined",,,107822.24743647
EBS_SHELF,2019,10210,yellowfin sole,Limanda aspera,4,330,8775548,42969293,1085195,52830036,2019-10-03 14:14:21,"=strata 41, 42, 43 combined",,,107822.24743647
EBS_SHELF,2019,10210,yellowfin sole,Limanda aspera,4,340,11153645,56978088,361732,68493465,2019-10-03 14:14:21,"=strata 41, 42, 43 combined",,,107822.24743647
EBS_SHELF,2019,10210,yellowfin sole,Limanda aspera,4,350,8045423,63109926,361732,71517080,2019-10-03 14:14:21,"=strata 41, 42, 43 combined",,,107822.24743647
EBS_SHELF,2019,10210,yellowfin sole,Limanda aspera,4,360,5646248,50999715,904329,57550292,2019-10-03 14:14:21,"=strata 41, 42, 43 combined",,,107822.24743647
EBS_SHELF,2019,10210,yellowfin sole,Limanda aspera,4,370,1536793,57687342,361732,59585866,2019-10-03 14:14:21,"=strata 41, 42, 43 combined",,,107822.24743647
EBS_SHELF,2019,10210,yellowfin sole,Limanda aspera,4,380,616052,46656199,542597,47814848,2019-10-03 14:14:21,"=strata 41, 42, 43 combined",,,107822.24743647
EBS_SHELF,2019,10210,yellowfin sole,Limanda aspera,4,390,198182,31772543,361732,32332456,2019-10-03 14:14:21,"=strata 41, 42, 43 combined",,,107822.24743647
EBS_SHELF,2019,10210,yellowfin sole,Limanda aspera,4,400,817710,14481638,0,15299348,2019-10-03 14:14:21,"=strata 41, 42, 43 combined",,,107822.24743647
EBS_SHELF,2019,10210,yellowfin sole,Limanda aspera,4,410,28276,9950688,180866,10159830,2019-10-03 14:14:21,"=strata 41, 42, 43 combined",,,107822.24743647
EBS_SHELF,2019,10210,yellowfin sole,Limanda aspera,4,420,0,3695660,0,3695660,2019-10-03 14:14:21,"=strata 41, 42, 43 combined",,,107822.24743647
EBS_SHELF,2019,10210,yellowfin sole,Limanda aspera,4,430,0,1036582,0,1036582,2019-10-03 14:14:21,"=strata 41, 42, 43 combined",,,107822.24743647
EBS_SHELF,2019,10210,yellowfin sole,Limanda aspera,4,440,0,150263,0,150263,2019-10-03 14:14:21,"=strata 41, 42, 43 combined",,,107822.24743647
EBS_SHELF,2019,10210,yellowfin sole,Limanda aspera,4,450,0,109103,0,109103,2019-10-03 14:14:21,"=strata 41, 42, 43 combined",,,107822.24743647
EBS_SHELF,2019,10210,yellowfin sole,Limanda aspera,4,500,0,29499,0,29499,2019-10-03 14:14:21,"=strata 41, 42, 43 combined",,,107822.24743647
EBS_SHELF,2019,10210,yellowfin sole,Limanda aspera,5,330,0,28539,0,28539,2019-10-03 14:14:21,=stratum 50,,,38792.43627929
EBS_SHELF,2019,10210,yellowfin sole,Limanda aspera,5,340,0,57078,0,57078,2019-10-03 14:14:21,=stratum 50,,,38792.43627929
EBS_SHELF,2019,10210,yellowfin sole,Limanda aspera,5,350,0,85617,0,85617,2019-10-03 14:14:21,=stratum 50,,,38792.43627929
EBS_SHELF,2019,10210,yellowfin sole,Limanda aspera,5,360,0,57078,0,57078,2019-10-03 14:14:21,=stratum 50,,,38792.43627929
EBS_SHELF,2019,10210,yellowfin sole,Limanda aspera,5,370,0,28539,0,28539,2019-10-03 14:14:21,=stratum 50,,,38792.43627929
EBS_SHELF,2019,10210,yellowfin sole,Limanda aspera,5,380,0,28539,0,28539,2019-10-03 14:14:21,=stratum 50,,,38792.43627929
EBS_SHELF,2019,10210,yellowfin sole,Limanda aspera,6,260,0,131641,0,131641,2019-10-03 14:14:21,"=strata 61, 62 combined",,,94562.32836934
EBS_SHELF,2019,10210,yellowfin sole,Limanda aspera,6,320,0,131641,0,131641,2019-10-03 14:14:21,"=strata 61, 62 combined",,,94562.32836934
EBS_SHELF,2019,10210,yellowfin sole,Limanda aspera,6,340,0,131641,0,131641,2019-10-03 14:14:21,"=strata 61, 62 combined",,,94562.32836934
EBS_SHELF,2019,10210,yellowfin sole,Limanda aspera,6,370,0,17415,0,17415,2019-10-03 14:14:21,"=strata 61, 62 combined",,,94562.32836934
EBS_SHELF,2019,10210,yellowfin sole,Limanda aspera,6,380,0,97419,0,97419,2019-10-03 14:14:21,"=strata 61, 62 combined",,,94562.32836934
EBS_SHELF,2019,10210,yellowfin sole,Limanda aspera,6,400,17415,0,0,17415,2019-10-03 14:14:21,"=strata 61, 62 combined",,,94562.32836934
EBS_SHELF,2019,10210,yellowfin sole,Limanda aspera,6,410,0,97419,0,97419,2019-10-03 14:14:21,"=strata 61, 62 combined",,,94562.32836934
EBS_SHELF,2019,10210,yellowfin sole,Limanda aspera,8,210,44175,44175,0,88350,2019-10-03 14:14:21,=stratum 82,,,17954
EBS_SHELF,2019,10210,yellowfin sole,Limanda aspera,8,220,44175,0,0,44175,2019-10-03 14:14:21,=stratum 82,,,17954
EBS_SHELF,2019,10210,yellowfin sole,Limanda aspera,8,230,0,176700,0,176700,2019-10-03 14:14:21,=stratum 82,,,17954
EBS_SHELF,2019,10210,yellowfin sole,Limanda aspera,8,240,91648,88350,0,179998,2019-10-03 14:14:21,=stratum 82,,,17954
EBS_SHELF,2019,10210,yellowfin sole,Limanda aspera,8,250,0,129238,0,129238,2019-10-03 14:14:21,=stratum 82,,,17954
EBS_SHELF,2019,10210,yellowfin sole,Limanda aspera,8,260,214301,173413,0,387713,2019-10-03 14:14:21,=stratum 82,,,17954
EBS_SHELF,2019,10210,yellowfin sole,Limanda aspera,8,270,217588,438463,0,656050,2019-10-03 14:14:21,=stratum 82,,,17954
EBS_SHELF,2019,10210,yellowfin sole,Limanda aspera,8,280,173413,557839,0,731252,2019-10-03 14:14:21,=stratum 82,,,17954
EBS_SHELF,2019,10210,yellowfin sole,Limanda aspera,8,290,94474,773620,0,868094,2019-10-03 14:14:21,=stratum 82,,,17954
EBS_SHELF,2019,10210,yellowfin sole,Limanda aspera,8,300,88350,539365,0,627715,2019-10-03 14:14:21,=stratum 82,,,17954
EBS_SHELF,2019,10210,yellowfin sole,Limanda aspera,8,310,87830,670777,0,758607,2019-10-03 14:14:21,=stratum 82,,,17954
EBS_SHELF,2019,10210,yellowfin sole,Limanda aspera,8,320,0,823780,0,823780,2019-10-03 14:14:21,=stratum 82,,,17954
EBS_SHELF,2019,10210,yellowfin sole,Limanda aspera,8,330,170126,665143,0,835268,2019-10-03 14:14:21,=stratum 82,,,17954
EBS_SHELF,2019,10210,yellowfin sole,Limanda aspera,8,340,167708,737376,0,905083,2019-10-03 14:14:21,=stratum 82,,,17954
EBS_SHELF,2019,10210,yellowfin sole,Limanda aspera,8,350,214301,661502,0,875802,2019-10-03 14:14:21,=stratum 82,,,17954
EBS_SHELF,2019,10210,yellowfin sole,Limanda aspera,8,360,179537,1051628,0,1231165,2019-10-03 14:14:21,=stratum 82,,,17954
EBS_SHELF,2019,10210,yellowfin sole,Limanda aspera,8,370,0,829145,0,829145,2019-10-03 14:14:21,=stratum 82,,,17954
EBS_SHELF,2019,10210,yellowfin sole,Limanda aspera,8,380,0,915877,0,915877,2019-10-03 14:14:21,=stratum 82,,,17954
EBS_SHELF,2019,10210,yellowfin sole,Limanda aspera,8,390,29314,274472,0,303785,2019-10-03 14:14:21,=stratum 82,,,17954
EBS_SHELF,2019,10210,yellowfin sole,Limanda aspera,8,400,0,170004,0,170004,2019-10-03 14:14:21,=stratum 82,,,17954
EBS_SHELF,2019,10210,yellowfin sole,Limanda aspera,8,410,0,415659,0,415659,2019-10-03 14:14:21,=stratum 82,,,17954
EBS_SHELF,2019,10210,yellowfin sole,Limanda aspera,8,420,29314,0,0,29314,2019-10-03 14:14:21,=stratum 82,,,17954
EBS_SHELF,2019,10210,yellowfin sole,Limanda aspera,8,430,0,123533,0,123533,2019-10-03 14:14:21,=stratum 82,,,17954
EBS_SHELF,2019,10210,yellowfin sole,Limanda aspera,9,300,60065,0,0,60065,2019-10-03 14:14:21,=stratum 90,,,11567.95970497
EBS_SHELF,2019,10210,yellowfin sole,Limanda aspera,9,330,0,60065,0,60065,2019-10-03 14:14:21,=stratum 90,,,11567.95970497
EBS_SHELF,2019,10210,yellowfin sole,Limanda aspera,9,340,0,60065,0,60065,2019-10-03 14:14:21,=stratum 90,,,11567.95970497
EBS_SHELF,2019,10210,yellowfin sole,Limanda aspera,9,400,0,60065,0,60065,2019-10-03 14:14:21,=stratum 90,,,11567.95970497
EBS_SHELF,2019,10210,yellowfin sole,Limanda aspera,999,90,500198,0,262450,762649,2019-10-03 14:14:21,All standard EBS shelf strata combined,,,492897.46422186
EBS_SHELF,2019,10210,yellowfin sole,Limanda aspera,999,100,9221814,4657808,3679187,17558809,2019-10-03 14:14:21,All standard EBS shelf strata combined,,,492897.46422186
EBS_SHELF,2019,10210,yellowfin sole,Limanda aspera,999,110,22969973,20880700,12071784,55922458,2019-10-03 14:14:21,All standard EBS shelf strata combined,,,492897.46422186
EBS_SHELF,2019,10210,yellowfin sole,Limanda aspera,999,120,54009981,49731526,6121370,109862877,2019-10-03 14:14:21,All standard EBS shelf strata combined,,,492897.46422186
EBS_SHELF,2019,10210,yellowfin sole,Limanda aspera,999,130,52451875,61014227,9230829,122696931,2019-10-03 14:14:21,All standard EBS shelf strata combined,,,492897.46422186
EBS_SHELF,2019,10210,yellowfin sole,Limanda aspera,999,140,51473393,61602918,4258766,117335078,2019-10-03 14:14:21,All standard EBS shelf strata combined,,,492897.46422186
EBS_SHELF,2019,10210,yellowfin sole,Limanda aspera,999,150,60308830,57821754,1638710,119769294,2019-10-03 14:14:21,All standard EBS shelf strata combined,,,492897.46422186
EBS_SHELF,2019,10210,yellowfin sole,Limanda aspera,999,160,59839663,58284695,0,118124358,2019-10-03 14:14:21,All standard EBS shelf strata combined,,,492897.46422186
EBS_SHELF,2019,10210,yellowfin sole,Limanda aspera,999,170,70806447,58083015,0,128889462,2019-10-03 14:14:21,All standard EBS shelf strata combined,,,492897.46422186
EBS_SHELF,2019,10210,yellowfin sole,Limanda aspera,999,180,59310622,62870178,0,122180800,2019-10-03 14:14:21,All standard EBS shelf strata combined,,,492897.46422186
EBS_SHELF,2019,10210,yellowfin sole,Limanda aspera,999,190,54769890,51935510,180866,106886266,2019-10-03 14:14:21,All standard EBS shelf strata combined,,,492897.46422186
EBS_SHELF,2019,10210,yellowfin sole,Limanda aspera,999,200,66508713,77052381,0,143561094,2019-10-03 14:14:21,All standard EBS shelf strata combined,,,492897.46422186
EBS_SHELF,2019,10210,yellowfin sole,Limanda aspera,999,210,64418528,57547357,904329,122870214,2019-10-03 14:14:21,All standard EBS shelf strata combined,,,492897.46422186
EBS_SHELF,2019,10210,yellowfin sole,Limanda aspera,999,220,56260771,57930733,1808658,116000162,2019-10-03 14:14:21,All standard EBS shelf strata combined,,,492897.46422186
EBS_SHELF,2019,10210,yellowfin sole,Limanda aspera,999,230,75479373,75367730,2893852,153740956,2019-10-03 14:14:21,All standard EBS shelf strata combined,,,492897.46422186
EBS_SHELF,2019,10210,yellowfin sole,Limanda aspera,999,240,75973227,76793032,2893852,155660111,2019-10-03 14:14:21,All standard EBS shelf strata combined,,,492897.46422186
EBS_SHELF,2019,10210,yellowfin sole,Limanda aspera,999,250,92648855,89540894,3255584,185445332,2019-10-03 14:14:21,All standard EBS shelf strata combined,,,492897.46422186
EBS_SHELF,2019,10210,yellowfin sole,Limanda aspera,999,260,136120045,101214044,3255584,240589673,2019-10-03 14:14:21,All standard EBS shelf strata combined,,,492897.46422186
EBS_SHELF,2019,10210,yellowfin sole,Limanda aspera,999,270,149108347,138262226,723463,288094036,2019-10-03 14:14:21,All standard EBS shelf strata combined,,,492897.46422186
EBS_SHELF,2019,10210,yellowfin sole,Limanda aspera,999,280,162497631,139257887,180866,301936383,2019-10-03 14:14:21,All standard EBS shelf strata combined,,,492897.46422186
EBS_SHELF,2019,10210,yellowfin sole,Limanda aspera,999,290,177065773,137327529,1266060,315659363,2019-10-03 14:14:21,All standard EBS shelf strata combined,,,492897.46422186
EBS_SHELF,2019,10210,yellowfin sole,Limanda aspera,999,300,208584111,167006429,723463,376314003,2019-10-03 14:14:21,All standard EBS shelf strata combined,,,492897.46422186
EBS_SHELF,2019,10210,yellowfin sole,Limanda aspera,999,310,270228250,174658971,542597,445429819,2019-10-03 14:14:21,All standard EBS shelf strata combined,,,492897.46422186
EBS_SHELF,2019,10210,yellowfin sole,Limanda aspera,999,320,320351370,212879475,542597,533773443,2019-10-03 14:14:21,All standard EBS shelf strata combined,,,492897.46422186
EBS_SHELF,2019,10210,yellowfin sole,Limanda aspera,999,330,257271271,255447618,1085195,513804084,2019-10-03 14:14:21,All standard EBS shelf strata combined,,,492897.46422186
EBS_SHELF,2019,10210,yellowfin sole,Limanda aspera,999,340,180418807,238976418,361732,419756957,2019-10-03 14:14:21,All standard EBS shelf strata combined,,,492897.46422186
EBS_SHELF,2019,10210,yellowfin sole,Limanda aspera,999,350,89545958,220988306,361732,310895996,2019-10-03 14:14:21,All standard EBS shelf strata combined,,,492897.46422186
EBS_SHELF,2019,10210,yellowfin sole,Limanda aspera,999,360,53711863,187962736,904329,242578928,2019-10-03 14:14:21,All standard EBS shelf strata combined,,,492897.46422186
EBS_SHELF,2019,10210,yellowfin sole,Limanda aspera,999,370,18491945,159276585,361732,178130262,2019-10-03 14:14:21,All standard EBS shelf strata combined,,,492897.46422186
EBS_SHELF,2019,10210,yellowfin sole,Limanda aspera,999,380,5146250,124576307,542597,130265155,2019-10-03 14:14:21,All standard EBS shelf strata combined,,,492897.46422186
EBS_SHELF,2019,10210,yellowfin sole,Limanda aspera,999,390,2211273,84483984,361732,87056988,2019-10-03 14:14:21,All standard EBS shelf strata combined,,,492897.46422186
EBS_SHELF,2019,10210,yellowfin sole,Limanda aspera,999,400,1646285,39734063,0,41380348,2019-10-03 14:14:21,All standard EBS shelf strata combined,,,492897.46422186
EBS_SHELF,2019,10210,yellowfin sole,Limanda aspera,999,410,312001,25456847,180866,25949714,2019-10-03 14:14:21,All standard EBS shelf strata combined,,,492897.46422186
EBS_SHELF,2019,10210,yellowfin sole,Limanda aspera,999,420,29314,10483006,0,10512320,2019-10-03 14:14:21,All standard EBS shelf strata combined,,,492897.46422186
EBS_SHELF,2019,10210,yellowfin sole,Limanda aspera,999,430,0,4238637,0,4238637,2019-10-03 14:14:21,All standard EBS shelf strata combined,,,492897.46422186
EBS_SHELF,2019,10210,yellowfin sole,Limanda aspera,999,440,0,1134777,0,1134777,2019-10-03 14:14:21,All standard EBS shelf strata combined,,,492897.46422186
EBS_SHELF,2019,10210,yellowfin sole,Limanda aspera,999,450,0,307705,0,307705,2019-10-03 14:14:21,All standard EBS shelf strata combined,,,492897.46422186
EBS_SHELF,2019,10210,yellowfin sole,Limanda aspera,999,500,0,29499,0,29499,2019-10-03 14:14:21,All standard EBS shelf strata combined,,,492897.46422186