"","Latitude","Longitude","Weight","Year"
"1",52.3,181.1,0,2020
"2",52.3,183.1,0,2020
"3",52.3,185.1,0,2020
"4",52.3,187.1,0,2020
"5",52.3,189.1,0,2020
"6",52.3,191.1,0,2020
"7",52.3,193.1,0,2020
"8",52.3,195.1,0,2020
"9",52.3,197.1,0,2020
"10",52.3,199.1,0,2020
"11",52.3,201.1,0,2020
"12",54.3,181.1,0,2020
"13",54.3,183.1,0,2020
"14",54.3,185.1,0,2020
"15",54.3,187.1,0,2020
"16",54.3,189.1,0,2020
"17",54.3,191.1,0,2020
"18",54.3,193.1,13.75,2020
"19",54.3,195.1,12035.52,2020
"20",54.3,197.1,82.98,2020
"21",54.3,199.1,0,2020
"22",54.3,201.1,0,2020
"23",56.3,181.1,0,2020
"24",56.3,183.1,0,2020
"25",56.3,185.1,0,2020
"26",56.3,187.1,0,2020
"27",56.3,189.1,147.13,2020
"28",56.3,191.1,10983.76,2020
"29",56.3,193.1,20419.56,2020
"30",56.3,195.1,0,2020
"31",56.3,197.1,0,2020
"32",56.3,199.1,0,2020
"33",56.3,201.1,0,2020
"34",58.3,181.1,0,2020
"35",58.3,183.1,0,2020
"36",58.3,185.1,0,2020
"37",58.3,187.1,234.08,2020
"38",58.3,189.1,1962.89,2020
"39",58.3,191.1,90.65,2020
"40",58.3,193.1,0,2020
"41",58.3,195.1,0,2020
"42",58.3,197.1,0,2020
"43",58.3,199.1,0,2020
"44",58.3,201.1,0,2020
"45",60.3,181.1,0,2020
"46",60.3,183.1,0,2020
"47",60.3,185.1,0,2020
"48",60.3,187.1,0,2020
"49",60.3,189.1,0,2020
"50",60.3,191.1,0,2020
"51",60.3,193.1,0,2020
"52",60.3,195.1,0,2020
"53",60.3,197.1,0,2020
"54",60.3,199.1,0,2020
"55",60.3,201.1,0,2020
"56",62.3,181.1,0,2020
"57",62.3,183.1,0,2020
"58",62.3,185.1,0,2020
"59",62.3,187.1,0,2020
"60",62.3,189.1,0,2020
"61",62.3,191.1,0,2020
"62",62.3,193.1,32.71,2020
"63",62.3,195.1,0,2020
"64",62.3,197.1,0,2020
"65",62.3,199.1,0,2020
"66",62.3,201.1,0,2020
"67",64.3,181.1,0,2020
"68",64.3,183.1,0,2020
"69",64.3,185.1,0,2020
"70",64.3,187.1,0,2020
"71",64.3,189.1,0,2020
"72",64.3,191.1,0,2020
"73",64.3,193.1,0,2020
"74",64.3,195.1,0,2020
"75",64.3,197.1,0,2020
"76",64.3,199.1,0,2020
"77",64.3,201.1,0,2020
"78",66.3,181.1,0,2020
"79",66.3,183.1,0,2020
"80",66.3,185.1,0,2020
"81",66.3,187.1,0,2020
"82",66.3,189.1,0,2020
"83",66.3,191.1,0,2020
"84",66.3,193.1,0,2020
"85",66.3,195.1,0,2020
"86",66.3,197.1,0,2020
"87",66.3,199.1,0,2020
"88",66.3,201.1,0,2020
"89",52.3,181.1,0,2019
"90",52.3,183.1,0,2019
"91",52.3,185.1,0,2019
"92",52.3,187.1,0,2019
"93",52.3,189.1,0,2019
"94",52.3,191.1,0,2019
"95",52.3,193.1,13.87,2019
"96",52.3,195.1,0,2019
"97",52.3,197.1,0,2019
"98",52.3,199.1,0,2019
"99",52.3,201.1,0,2019
"100",54.3,181.1,0,2019
"101",54.3,183.1,0,2019
"102",54.3,185.1,0,2019
"103",54.3,187.1,0,2019
"104",54.3,189.1,0,2019
"105",54.3,191.1,0,2019
"106",54.3,193.1,118.62,2019
"107",54.3,195.1,24453.32,2019
"108",54.3,197.1,4334.14,2019
"109",54.3,199.1,0,2019
"110",54.3,201.1,0,2019
"111",56.3,181.1,0,2019
"112",56.3,183.1,0,2019
"113",56.3,185.1,0,2019
"114",56.3,187.1,0,2019
"115",56.3,189.1,361.01,2019
"116",56.3,191.1,14964.96,2019
"117",56.3,193.1,1072.48,2019
"118",56.3,195.1,0,2019
"119",56.3,197.1,32784.59,2019
"120",56.3,199.1,0,2019
"121",56.3,201.1,0,2019
"122",58.3,181.1,0,2019
"123",58.3,183.1,0,2019
"124",58.3,185.1,0,2019
"125",58.3,187.1,1042.87,2019
"126",58.3,189.1,3255.08,2019
"127",58.3,191.1,0,2019
"128",58.3,193.1,0,2019
"129",58.3,195.1,0,2019
"130",58.3,197.1,0,2019
"131",58.3,199.1,0,2019
"132",58.3,201.1,0,2019
"133",60.3,181.1,0,2019
"134",60.3,183.1,0,2019
"135",60.3,185.1,0,2019
"136",60.3,187.1,0,2019
"137",60.3,189.1,0,2019
"138",60.3,191.1,0,2019
"139",60.3,193.1,0,2019
"140",60.3,195.1,0,2019
"141",60.3,197.1,0,2019
"142",60.3,199.1,0,2019
"143",60.3,201.1,0,2019
"144",62.3,181.1,0,2019
"145",62.3,183.1,0,2019
"146",62.3,185.1,0,2019
"147",62.3,187.1,0,2019
"148",62.3,189.1,0,2019
"149",62.3,191.1,0,2019
"150",62.3,193.1,0,2019
"151",62.3,195.1,0,2019
"152",62.3,197.1,0,2019
"153",62.3,199.1,0,2019
"154",62.3,201.1,0,2019
"155",64.3,181.1,0,2019
"156",64.3,183.1,0,2019
"157",64.3,185.1,0,2019
"158",64.3,187.1,0,2019
"159",64.3,189.1,0,2019
"160",64.3,191.1,0,2019
"161",64.3,193.1,0,2019
"162",64.3,195.1,0,2019
"163",64.3,197.1,0,2019
"164",64.3,199.1,0,2019
"165",64.3,201.1,0,2019
"166",66.3,181.1,0,2019
"167",66.3,183.1,0,2019
"168",66.3,185.1,0,2019
"169",66.3,187.1,0,2019
"170",66.3,189.1,0,2019
"171",66.3,191.1,0,2019
"172",66.3,193.1,0,2019
"173",66.3,195.1,0,2019
"174",66.3,197.1,0,2019
"175",66.3,199.1,0,2019
"176",66.3,201.1,0,2019
"177",52.3,181.1,0,2018
"178",52.3,183.1,0,2018
"179",52.3,185.1,0,2018
"180",52.3,187.1,0,2018
"181",52.3,189.1,0,2018
"182",52.3,191.1,0,2018
"183",52.3,193.1,0,2018
"184",52.3,195.1,0,2018
"185",52.3,197.1,0,2018
"186",52.3,199.1,0,2018
"187",52.3,201.1,0,2018
"188",54.3,181.1,0,2018
"189",54.3,183.1,0,2018
"190",54.3,185.1,0,2018
"191",54.3,187.1,0,2018
"192",54.3,189.1,0,2018
"193",54.3,191.1,0,2018
"194",54.3,193.1,338.45,2018
"195",54.3,195.1,12701.98,2018
"196",54.3,197.1,2336.63,2018
"197",54.3,199.1,0,2018
"198",54.3,201.1,0,2018
"199",56.3,181.1,0,2018
"200",56.3,183.1,0,2018
"201",56.3,185.1,0,2018
"202",56.3,187.1,0,2018
"203",56.3,189.1,523.8,2018
"204",56.3,191.1,0,2018
"205",56.3,193.1,0,2018
"206",56.3,195.1,8193.09,2018
"207",56.3,197.1,22232.4,2018
"208",56.3,199.1,0,2018
"209",56.3,201.1,0,2018
"210",58.3,181.1,0,2018
"211",58.3,183.1,0,2018
"212",58.3,185.1,1856.31,2018
"213",58.3,187.1,31873.46,2018
"214",58.3,189.1,0,2018
"215",58.3,191.1,0,2018
"216",58.3,193.1,0,2018
"217",58.3,195.1,0,2018
"218",58.3,197.1,0,2018
"219",58.3,199.1,0,2018
"220",58.3,201.1,0,2018
"221",60.3,181.1,0,2018
"222",60.3,183.1,0,2018
"223",60.3,185.1,0,2018
"224",60.3,187.1,7698.43,2018
"225",60.3,189.1,0,2018
"226",60.3,191.1,0,2018
"227",60.3,193.1,0,2018
"228",60.3,195.1,0,2018
"229",60.3,197.1,0,2018
"230",60.3,199.1,0,2018
"231",60.3,201.1,0,2018
"232",62.3,181.1,0,2018
"233",62.3,183.1,0,2018
"234",62.3,185.1,0,2018
"235",62.3,187.1,0,2018
"236",62.3,189.1,0,2018
"237",62.3,191.1,0,2018
"238",62.3,193.1,0,2018
"239",62.3,195.1,0,2018
"240",62.3,197.1,0,2018
"241",62.3,199.1,0,2018
"242",62.3,201.1,0,2018
"243",64.3,181.1,0,2018
"244",64.3,183.1,0,2018
"245",64.3,185.1,0,2018
"246",64.3,187.1,0,2018
"247",64.3,189.1,0,2018
"248",64.3,191.1,0,2018
"249",64.3,193.1,0,2018
"250",64.3,195.1,0,2018
"251",64.3,197.1,0,2018
"252",64.3,199.1,0,2018
"253",64.3,201.1,0,2018
"254",66.3,181.1,0,2018
"255",66.3,183.1,0,2018
"256",66.3,185.1,0,2018
"257",66.3,187.1,0,2018
"258",66.3,189.1,0,2018
"259",66.3,191.1,0,2018
"260",66.3,193.1,0,2018
"261",66.3,195.1,0,2018
"262",66.3,197.1,0,2018
"263",66.3,199.1,0,2018
"264",66.3,201.1,0,2018
"265",52.3,181.1,0,2017
"266",52.3,183.1,0,2017
"267",52.3,185.1,0,2017
"268",52.3,187.1,0,2017
"269",52.3,189.1,0,2017
"270",52.3,191.1,0,2017
"271",52.3,193.1,0,2017
"272",52.3,195.1,0,2017
"273",52.3,197.1,0,2017
"274",52.3,199.1,0,2017
"275",52.3,201.1,0,2017
"276",54.3,181.1,0,2017
"277",54.3,183.1,0,2017
"278",54.3,185.1,0,2017
"279",54.3,187.1,0,2017
"280",54.3,189.1,0,2017
"281",54.3,191.1,0,2017
"282",54.3,193.1,671.93,2017
"283",54.3,195.1,14476.18,2017
"284",54.3,197.1,7536.13,2017
"285",54.3,199.1,0,2017
"286",54.3,201.1,0,2017
"287",56.3,181.1,0,2017
"288",56.3,183.1,0,2017
"289",56.3,185.1,0,2017
"290",56.3,187.1,0,2017
"291",56.3,189.1,0,2017
"292",56.3,191.1,993.48,2017
"293",56.3,193.1,7857.87,2017
"294",56.3,195.1,0,2017
"295",56.3,197.1,17366.63,2017
"296",56.3,199.1,0,2017
"297",56.3,201.1,0,2017
"298",58.3,181.1,0,2017
"299",58.3,183.1,0,2017
"300",58.3,185.1,46.51,2017
"301",58.3,187.1,6007.68,2017
"302",58.3,189.1,0,2017
"303",58.3,191.1,0,2017
"304",58.3,193.1,0,2017
"305",58.3,195.1,0,2017
"306",58.3,197.1,0,2017
"307",58.3,199.1,0,2017
"308",58.3,201.1,0,2017
"309",60.3,181.1,0,2017
"310",60.3,183.1,0,2017
"311",60.3,185.1,0,2017
"312",60.3,187.1,9953.77,2017
"313",60.3,189.1,0,2017
"314",60.3,191.1,0,2017
"315",60.3,193.1,0,2017
"316",60.3,195.1,0,2017
"317",60.3,197.1,0,2017
"318",60.3,199.1,0,2017
"319",60.3,201.1,0,2017
"320",62.3,181.1,0,2017
"321",62.3,183.1,0,2017
"322",62.3,185.1,0,2017
"323",62.3,187.1,0,2017
"324",62.3,189.1,0,2017
"325",62.3,191.1,0,2017
"326",62.3,193.1,0,2017
"327",62.3,195.1,0,2017
"328",62.3,197.1,0,2017
"329",62.3,199.1,0,2017
"330",62.3,201.1,0,2017
"331",64.3,181.1,0,2017
"332",64.3,183.1,0,2017
"333",64.3,185.1,0,2017
"334",64.3,187.1,0,2017
"335",64.3,189.1,0,2017
"336",64.3,191.1,0,2017
"337",64.3,193.1,0,2017
"338",64.3,195.1,0,2017
"339",64.3,197.1,0,2017
"340",64.3,199.1,0,2017
"341",64.3,201.1,0,2017
"342",66.3,181.1,0,2017
"343",66.3,183.1,0,2017
"344",66.3,185.1,0,2017
"345",66.3,187.1,0,2017
"346",66.3,189.1,0,2017
"347",66.3,191.1,0,2017
"348",66.3,193.1,0,2017
"349",66.3,195.1,0,2017
"350",66.3,197.1,0,2017
"351",66.3,199.1,0,2017
"352",66.3,201.1,0,2017
"353",52.3,181.1,0,2016
"354",52.3,183.1,0,2016
"355",52.3,185.1,0,2016
"356",52.3,187.1,0,2016
"357",52.3,189.1,0,2016
"358",52.3,191.1,0,2016
"359",52.3,193.1,0,2016
"360",52.3,195.1,0,2016
"361",52.3,197.1,0,2016
"362",52.3,199.1,0,2016
"363",52.3,201.1,0,2016
"364",54.3,181.1,0,2016
"365",54.3,183.1,0,2016
"366",54.3,185.1,0,2016
"367",54.3,187.1,0,2016
"368",54.3,189.1,0,2016
"369",54.3,191.1,0,2016
"370",54.3,193.1,1030.31,2016
"371",54.3,195.1,36976.26,2016
"372",54.3,197.1,331.83,2016
"373",54.3,199.1,0,2016
"374",54.3,201.1,0,2016
"375",56.3,181.1,0,2016
"376",56.3,183.1,0,2016
"377",56.3,185.1,0,2016
"378",56.3,187.1,0,2016
"379",56.3,189.1,0,2016
"380",56.3,191.1,2519.04,2016
"381",56.3,193.1,1144.38,2016
"382",56.3,195.1,106.65,2016
"383",56.3,197.1,688.9,2016
"384",56.3,199.1,0,2016
"385",56.3,201.1,0,2016
"386",58.3,181.1,0,2016
"387",58.3,183.1,0,2016
"388",58.3,185.1,365.72,2016
"389",58.3,187.1,15755.03,2016
"390",58.3,189.1,0,2016
"391",58.3,191.1,0,2016
"392",58.3,193.1,0,2016
"393",58.3,195.1,0,2016
"394",58.3,197.1,0,2016
"395",58.3,199.1,0,2016
"396",58.3,201.1,0,2016
"397",60.3,181.1,0,2016
"398",60.3,183.1,0,2016
"399",60.3,185.1,0,2016
"400",60.3,187.1,0,2016
"401",60.3,189.1,0,2016
"402",60.3,191.1,0,2016
"403",60.3,193.1,0,2016
"404",60.3,195.1,0,2016
"405",60.3,197.1,0,2016
"406",60.3,199.1,0,2016
"407",60.3,201.1,0,2016
"408",62.3,181.1,0,2016
"409",62.3,183.1,0,2016
"410",62.3,185.1,0,2016
"411",62.3,187.1,0,2016
"412",62.3,189.1,0,2016
"413",62.3,191.1,0,2016
"414",62.3,193.1,0,2016
"415",62.3,195.1,0,2016
"416",62.3,197.1,0,2016
"417",62.3,199.1,0,2016
"418",62.3,201.1,0,2016
"419",64.3,181.1,0,2016
"420",64.3,183.1,0,2016
"421",64.3,185.1,0,2016
"422",64.3,187.1,0,2016
"423",64.3,189.1,0,2016
"424",64.3,191.1,0,2016
"425",64.3,193.1,0,2016
"426",64.3,195.1,0,2016
"427",64.3,197.1,0,2016
"428",64.3,199.1,0,2016
"429",64.3,201.1,0,2016
"430",66.3,181.1,0,2016
"431",66.3,183.1,0,2016
"432",66.3,185.1,0,2016
"433",66.3,187.1,0,2016
"434",66.3,189.1,0,2016
"435",66.3,191.1,0,2016
"436",66.3,193.1,0,2016
"437",66.3,195.1,0,2016
"438",66.3,197.1,0,2016
"439",66.3,199.1,0,2016
"440",66.3,201.1,0,2016
"441",52.3,181.1,0,2015
"442",52.3,183.1,0,2015
"443",52.3,185.1,0,2015
"444",52.3,187.1,0,2015
"445",52.3,189.1,0,2015
"446",52.3,191.1,0,2015
"447",52.3,193.1,0,2015
"448",52.3,195.1,0,2015
"449",52.3,197.1,0,2015
"450",52.3,199.1,0,2015
"451",52.3,201.1,0,2015
"452",54.3,181.1,0,2015
"453",54.3,183.1,0,2015
"454",54.3,185.1,0,2015
"455",54.3,187.1,0,2015
"456",54.3,189.1,0,2015
"457",54.3,191.1,0,2015
"458",54.3,193.1,243.31,2015
"459",54.3,195.1,93916.72,2015
"460",54.3,197.1,23586.42,2015
"461",54.3,199.1,0,2015
"462",54.3,201.1,0,2015
"463",56.3,181.1,0,2015
"464",56.3,183.1,0,2015
"465",56.3,185.1,0,2015
"466",56.3,187.1,0,2015
"467",56.3,189.1,2.4,2015
"468",56.3,191.1,0,2015
"469",56.3,193.1,0,2015
"470",56.3,195.1,3935.4,2015
"471",56.3,197.1,49789.57,2015
"472",56.3,199.1,0,2015
"473",56.3,201.1,0,2015
"474",58.3,181.1,0,2015
"475",58.3,183.1,0,2015
"476",58.3,185.1,7.39,2015
"477",58.3,187.1,0,2015
"478",58.3,189.1,0,2015
"479",58.3,191.1,0,2015
"480",58.3,193.1,0,2015
"481",58.3,195.1,0,2015
"482",58.3,197.1,0,2015
"483",58.3,199.1,0,2015
"484",58.3,201.1,0,2015
"485",60.3,181.1,0,2015
"486",60.3,183.1,0,2015
"487",60.3,185.1,0,2015
"488",60.3,187.1,0,2015
"489",60.3,189.1,0,2015
"490",60.3,191.1,0,2015
"491",60.3,193.1,0,2015
"492",60.3,195.1,0,2015
"493",60.3,197.1,0,2015
"494",60.3,199.1,0,2015
"495",60.3,201.1,0,2015
"496",62.3,181.1,0,2015
"497",62.3,183.1,0,2015
"498",62.3,185.1,0,2015
"499",62.3,187.1,0,2015
"500",62.3,189.1,0,2015
"501",62.3,191.1,0,2015
"502",62.3,193.1,0,2015
"503",62.3,195.1,0,2015
"504",62.3,197.1,0,2015
"505",62.3,199.1,0,2015
"506",62.3,201.1,0,2015
"507",64.3,181.1,0,2015
"508",64.3,183.1,0,2015
"509",64.3,185.1,0,2015
"510",64.3,187.1,0,2015
"511",64.3,189.1,0,2015
"512",64.3,191.1,0,2015
"513",64.3,193.1,0,2015
"514",64.3,195.1,0,2015
"515",64.3,197.1,0,2015
"516",64.3,199.1,0,2015
"517",64.3,201.1,0,2015
"518",66.3,181.1,0,2015
"519",66.3,183.1,0,2015
"520",66.3,185.1,0,2015
"521",66.3,187.1,0,2015
"522",66.3,189.1,0,2015
"523",66.3,191.1,0,2015
"524",66.3,193.1,0,2015
"525",66.3,195.1,0,2015
"526",66.3,197.1,0,2015
"527",66.3,199.1,0,2015
"528",66.3,201.1,0,2015
"529",52.3,181.1,0,2014
"530",52.3,183.1,0,2014
"531",52.3,185.1,0,2014
"532",52.3,187.1,0,2014
"533",52.3,189.1,0,2014
"534",52.3,191.1,0,2014
"535",52.3,193.1,0,2014
"536",52.3,195.1,0,2014
"537",52.3,197.1,0,2014
"538",52.3,199.1,0,2014
"539",52.3,201.1,0,2014
"540",54.3,181.1,0,2014
"541",54.3,183.1,0,2014
"542",54.3,185.1,0,2014
"543",54.3,187.1,0,2014
"544",54.3,189.1,0,2014
"545",54.3,191.1,0,2014
"546",54.3,193.1,88.16,2014
"547",54.3,195.1,87719.76,2014
"548",54.3,197.1,7136.25,2014
"549",54.3,199.1,0,2014
"550",54.3,201.1,0,2014
"551",56.3,181.1,0,2014
"552",56.3,183.1,0,2014
"553",56.3,185.1,0,2014
"554",56.3,187.1,0,2014
"555",56.3,189.1,0,2014
"556",56.3,191.1,0,2014
"557",56.3,193.1,0,2014
"558",56.3,195.1,784.06,2014
"559",56.3,197.1,52106.29,2014
"560",56.3,199.1,0,2014
"561",56.3,201.1,0,2014
"562",58.3,181.1,0,2014
"563",58.3,183.1,0,2014
"564",58.3,185.1,0,2014
"565",58.3,187.1,0,2014
"566",58.3,189.1,0,2014
"567",58.3,191.1,0,2014
"568",58.3,193.1,0,2014
"569",58.3,195.1,0,2014
"570",58.3,197.1,0,2014
"571",58.3,199.1,0,2014
"572",58.3,201.1,0,2014
"573",60.3,181.1,0,2014
"574",60.3,183.1,0,2014
"575",60.3,185.1,0,2014
"576",60.3,187.1,0,2014
"577",60.3,189.1,0,2014
"578",60.3,191.1,0,2014
"579",60.3,193.1,0,2014
"580",60.3,195.1,0,2014
"581",60.3,197.1,0,2014
"582",60.3,199.1,0,2014
"583",60.3,201.1,0,2014
"584",62.3,181.1,0,2014
"585",62.3,183.1,0,2014
"586",62.3,185.1,0,2014
"587",62.3,187.1,0,2014
"588",62.3,189.1,0,2014
"589",62.3,191.1,0,2014
"590",62.3,193.1,0,2014
"591",62.3,195.1,0,2014
"592",62.3,197.1,0,2014
"593",62.3,199.1,0,2014
"594",62.3,201.1,0,2014
"595",64.3,181.1,0,2014
"596",64.3,183.1,0,2014
"597",64.3,185.1,0,2014
"598",64.3,187.1,0,2014
"599",64.3,189.1,0,2014
"600",64.3,191.1,0,2014
"601",64.3,193.1,0,2014
"602",64.3,195.1,0,2014
"603",64.3,197.1,0,2014
"604",64.3,199.1,0,2014
"605",64.3,201.1,0,2014
"606",66.3,181.1,0,2014
"607",66.3,183.1,0,2014
"608",66.3,185.1,0,2014
"609",66.3,187.1,0,2014
"610",66.3,189.1,0,2014
"611",66.3,191.1,0,2014
"612",66.3,193.1,0,2014
"613",66.3,195.1,0,2014
"614",66.3,197.1,0,2014
"615",66.3,199.1,0,2014
"616",66.3,201.1,0,2014
"617",52.3,181.1,0,2013
"618",52.3,183.1,0,2013
"619",52.3,185.1,0,2013
"620",52.3,187.1,0,2013
"621",52.3,189.1,0,2013
"622",52.3,191.1,0,2013
"623",52.3,193.1,0,2013
"624",52.3,195.1,0,2013
"625",52.3,197.1,0,2013
"626",52.3,199.1,0,2013
"627",52.3,201.1,0,2013
"628",54.3,181.1,0,2013
"629",54.3,183.1,0,2013
"630",54.3,185.1,0,2013
"631",54.3,187.1,0,2013
"632",54.3,189.1,0,2013
"633",54.3,191.1,0,2013
"634",54.3,193.1,66.31,2013
"635",54.3,195.1,89817.66,2013
"636",54.3,197.1,0,2013
"637",54.3,199.1,0,2013
"638",54.3,201.1,0,2013
"639",56.3,181.1,0,2013
"640",56.3,183.1,0,2013
"641",56.3,185.1,0,2013
"642",56.3,187.1,0,2013
"643",56.3,189.1,0,2013
"644",56.3,191.1,0,2013
"645",56.3,193.1,0,2013
"646",56.3,195.1,0,2013
"647",56.3,197.1,46479.63,2013
"648",56.3,199.1,0,2013
"649",56.3,201.1,0,2013
"650",58.3,181.1,0,2013
"651",58.3,183.1,0,2013
"652",58.3,185.1,0,2013
"653",58.3,187.1,0,2013
"654",58.3,189.1,0,2013
"655",58.3,191.1,0,2013
"656",58.3,193.1,0,2013
"657",58.3,195.1,0,2013
"658",58.3,197.1,0,2013
"659",58.3,199.1,0,2013
"660",58.3,201.1,0,2013
"661",60.3,181.1,0,2013
"662",60.3,183.1,0,2013
"663",60.3,185.1,0,2013
"664",60.3,187.1,0,2013
"665",60.3,189.1,0,2013
"666",60.3,191.1,0,2013
"667",60.3,193.1,0,2013
"668",60.3,195.1,0,2013
"669",60.3,197.1,0,2013
"670",60.3,199.1,0,2013
"671",60.3,201.1,0,2013
"672",62.3,181.1,0,2013
"673",62.3,183.1,0,2013
"674",62.3,185.1,0,2013
"675",62.3,187.1,0,2013
"676",62.3,189.1,0,2013
"677",62.3,191.1,0,2013
"678",62.3,193.1,0,2013
"679",62.3,195.1,0,2013
"680",62.3,197.1,0,2013
"681",62.3,199.1,0,2013
"682",62.3,201.1,0,2013
"683",64.3,181.1,0,2013
"684",64.3,183.1,0,2013
"685",64.3,185.1,0,2013
"686",64.3,187.1,0,2013
"687",64.3,189.1,0,2013
"688",64.3,191.1,0,2013
"689",64.3,193.1,0,2013
"690",64.3,195.1,0,2013
"691",64.3,197.1,0,2013
"692",64.3,199.1,0,2013
"693",64.3,201.1,0,2013
"694",66.3,181.1,0,2013
"695",66.3,183.1,0,2013
"696",66.3,185.1,0,2013
"697",66.3,187.1,0,2013
"698",66.3,189.1,0,2013
"699",66.3,191.1,0,2013
"700",66.3,193.1,0,2013
"701",66.3,195.1,0,2013
"702",66.3,197.1,0,2013
"703",66.3,199.1,0,2013
"704",66.3,201.1,0,2013
"705",52.3,181.1,0,2012
"706",52.3,183.1,0,2012
"707",52.3,185.1,0,2012
"708",52.3,187.1,0,2012
"709",52.3,189.1,0,2012
"710",52.3,191.1,0,2012
"711",52.3,193.1,0,2012
"712",52.3,195.1,0,2012
"713",52.3,197.1,0,2012
"714",52.3,199.1,0,2012
"715",52.3,201.1,0,2012
"716",54.3,181.1,0,2012
"717",54.3,183.1,0,2012
"718",54.3,185.1,0,2012
"719",54.3,187.1,0,2012
"720",54.3,189.1,0,2012
"721",54.3,191.1,0,2012
"722",54.3,193.1,947.23,2012
"723",54.3,195.1,12408.9,2012
"724",54.3,197.1,179.58,2012
"725",54.3,199.1,0,2012
"726",54.3,201.1,0,2012
"727",56.3,181.1,0,2012
"728",56.3,183.1,0,2012
"729",56.3,185.1,0,2012
"730",56.3,187.1,0,2012
"731",56.3,189.1,0,2012
"732",56.3,191.1,0,2012
"733",56.3,193.1,0,2012
"734",56.3,195.1,0,2012
"735",56.3,197.1,7140.07,2012
"736",56.3,199.1,0,2012
"737",56.3,201.1,0,2012
"738",58.3,181.1,0,2012
"739",58.3,183.1,0,2012
"740",58.3,185.1,0,2012
"741",58.3,187.1,0,2012
"742",58.3,189.1,0,2012
"743",58.3,191.1,0,2012
"744",58.3,193.1,0,2012
"745",58.3,195.1,0,2012
"746",58.3,197.1,0,2012
"747",58.3,199.1,0,2012
"748",58.3,201.1,0,2012
"749",60.3,181.1,0,2012
"750",60.3,183.1,0,2012
"751",60.3,185.1,0,2012
"752",60.3,187.1,0,2012
"753",60.3,189.1,0,2012
"754",60.3,191.1,0,2012
"755",60.3,193.1,0,2012
"756",60.3,195.1,0,2012
"757",60.3,197.1,0,2012
"758",60.3,199.1,0,2012
"759",60.3,201.1,0,2012
"760",62.3,181.1,0,2012
"761",62.3,183.1,0,2012
"762",62.3,185.1,0,2012
"763",62.3,187.1,0,2012
"764",62.3,189.1,0,2012
"765",62.3,191.1,0,2012
"766",62.3,193.1,0,2012
"767",62.3,195.1,0,2012
"768",62.3,197.1,0,2012
"769",62.3,199.1,0,2012
"770",62.3,201.1,0,2012
"771",64.3,181.1,0,2012
"772",64.3,183.1,0,2012
"773",64.3,185.1,0,2012
"774",64.3,187.1,0,2012
"775",64.3,189.1,0,2012
"776",64.3,191.1,0,2012
"777",64.3,193.1,0,2012
"778",64.3,195.1,0,2012
"779",64.3,197.1,0,2012
"780",64.3,199.1,0,2012
"781",64.3,201.1,0,2012
"782",66.3,181.1,0,2012
"783",66.3,183.1,0,2012
"784",66.3,185.1,0,2012
"785",66.3,187.1,0,2012
"786",66.3,189.1,0,2012
"787",66.3,191.1,0,2012
"788",66.3,193.1,0,2012
"789",66.3,195.1,0,2012
"790",66.3,197.1,0,2012
"791",66.3,199.1,0,2012
"792",66.3,201.1,0,2012
"793",52.3,181.1,0,2011
"794",52.3,183.1,0,2011
"795",52.3,185.1,0,2011
"796",52.3,187.1,0,2011
"797",52.3,189.1,0,2011
"798",52.3,191.1,0,2011
"799",52.3,193.1,0,2011
"800",52.3,195.1,0,2011
"801",52.3,197.1,0,2011
"802",52.3,199.1,0,2011
"803",52.3,201.1,0,2011
"804",54.3,181.1,0,2011
"805",54.3,183.1,0,2011
"806",54.3,185.1,0,2011
"807",54.3,187.1,0,2011
"808",54.3,189.1,0,2011
"809",54.3,191.1,0,2011
"810",54.3,193.1,358.5,2011
"811",54.3,195.1,2375.6,2011
"812",54.3,197.1,0,2011
"813",54.3,199.1,0,2011
"814",54.3,201.1,0,2011
"815",56.3,181.1,0,2011
"816",56.3,183.1,0,2011
"817",56.3,185.1,0,2011
"818",56.3,187.1,0,2011
"819",56.3,189.1,682.21,2011
"820",56.3,191.1,0,2011
"821",56.3,193.1,0,2011
"822",56.3,195.1,0,2011
"823",56.3,197.1,1813.02,2011
"824",56.3,199.1,0,2011
"825",56.3,201.1,0,2011
"826",58.3,181.1,0,2011
"827",58.3,183.1,0,2011
"828",58.3,185.1,0,2011
"829",58.3,187.1,0,2011
"830",58.3,189.1,0,2011
"831",58.3,191.1,0,2011
"832",58.3,193.1,0,2011
"833",58.3,195.1,0,2011
"834",58.3,197.1,0,2011
"835",58.3,199.1,0,2011
"836",58.3,201.1,0,2011
"837",60.3,181.1,0,2011
"838",60.3,183.1,0,2011
"839",60.3,185.1,0,2011
"840",60.3,187.1,0,2011
"841",60.3,189.1,0,2011
"842",60.3,191.1,0,2011
"843",60.3,193.1,0,2011
"844",60.3,195.1,0,2011
"845",60.3,197.1,0,2011
"846",60.3,199.1,0,2011
"847",60.3,201.1,0,2011
"848",62.3,181.1,0,2011
"849",62.3,183.1,0,2011
"850",62.3,185.1,0,2011
"851",62.3,187.1,0,2011
"852",62.3,189.1,0,2011
"853",62.3,191.1,0,2011
"854",62.3,193.1,0,2011
"855",62.3,195.1,0,2011
"856",62.3,197.1,0,2011
"857",62.3,199.1,0,2011
"858",62.3,201.1,0,2011
"859",64.3,181.1,0,2011
"860",64.3,183.1,0,2011
"861",64.3,185.1,0,2011
"862",64.3,187.1,0,2011
"863",64.3,189.1,0,2011
"864",64.3,191.1,0,2011
"865",64.3,193.1,0,2011
"866",64.3,195.1,0,2011
"867",64.3,197.1,0,2011
"868",64.3,199.1,0,2011
"869",64.3,201.1,0,2011
"870",66.3,181.1,0,2011
"871",66.3,183.1,0,2011
"872",66.3,185.1,0,2011
"873",66.3,187.1,0,2011
"874",66.3,189.1,0,2011
"875",66.3,191.1,0,2011
"876",66.3,193.1,0,2011
"877",66.3,195.1,0,2011
"878",66.3,197.1,0,2011
"879",66.3,199.1,0,2011
"880",66.3,201.1,0,2011
"881",52.3,181.1,0,2010
"882",52.3,183.1,0,2010
"883",52.3,185.1,0,2010
"884",52.3,187.1,0,2010
"885",52.3,189.1,0,2010
"886",52.3,191.1,0,2010
"887",52.3,193.1,0,2010
"888",52.3,195.1,0,2010
"889",52.3,197.1,0,2010
"890",52.3,199.1,0,2010
"891",52.3,201.1,0,2010
"892",54.3,181.1,0,2010
"893",54.3,183.1,0,2010
"894",54.3,185.1,0,2010
"895",54.3,187.1,0,2010
"896",54.3,189.1,0,2010
"897",54.3,191.1,0,2010
"898",54.3,193.1,507.07,2010
"899",54.3,195.1,40.14,2010
"900",54.3,197.1,0,2010
"901",54.3,199.1,0,2010
"902",54.3,201.1,0,2010
"903",56.3,181.1,0,2010
"904",56.3,183.1,0,2010
"905",56.3,185.1,0,2010
"906",56.3,187.1,0,2010
"907",56.3,189.1,0,2010
"908",56.3,191.1,0,2010
"909",56.3,193.1,0,2010
"910",56.3,195.1,0,2010
"911",56.3,197.1,0,2010
"912",56.3,199.1,0,2010
"913",56.3,201.1,0,2010
"914",58.3,181.1,0,2010
"915",58.3,183.1,0,2010
"916",58.3,185.1,0,2010
"917",58.3,187.1,920.32,2010
"918",58.3,189.1,0,2010
"919",58.3,191.1,0,2010
"920",58.3,193.1,0,2010
"921",58.3,195.1,0,2010
"922",58.3,197.1,0,2010
"923",58.3,199.1,0,2010
"924",58.3,201.1,0,2010
"925",60.3,181.1,0,2010
"926",60.3,183.1,0,2010
"927",60.3,185.1,0,2010
"928",60.3,187.1,204.05,2010
"929",60.3,189.1,0,2010
"930",60.3,191.1,0,2010
"931",60.3,193.1,0,2010
"932",60.3,195.1,0,2010
"933",60.3,197.1,0,2010
"934",60.3,199.1,0,2010
"935",60.3,201.1,0,2010
"936",62.3,181.1,0,2010
"937",62.3,183.1,0,2010
"938",62.3,185.1,0,2010
"939",62.3,187.1,0,2010
"940",62.3,189.1,0,2010
"941",62.3,191.1,0,2010
"942",62.3,193.1,0,2010
"943",62.3,195.1,0,2010
"944",62.3,197.1,0,2010
"945",62.3,199.1,0,2010
"946",62.3,201.1,0,2010
"947",64.3,181.1,0,2010
"948",64.3,183.1,0,2010
"949",64.3,185.1,0,2010
"950",64.3,187.1,0,2010
"951",64.3,189.1,0,2010
"952",64.3,191.1,0,2010
"953",64.3,193.1,0,2010
"954",64.3,195.1,0,2010
"955",64.3,197.1,0,2010
"956",64.3,199.1,0,2010
"957",64.3,201.1,0,2010
"958",66.3,181.1,0,2010
"959",66.3,183.1,0,2010
"960",66.3,185.1,0,2010
"961",66.3,187.1,0,2010
"962",66.3,189.1,0,2010
"963",66.3,191.1,0,2010
"964",66.3,193.1,0,2010
"965",66.3,195.1,0,2010
"966",66.3,197.1,0,2010
"967",66.3,199.1,0,2010
"968",66.3,201.1,0,2010
"969",52.3,181.1,0,2009
"970",52.3,183.1,0,2009
"971",52.3,185.1,0,2009
"972",52.3,187.1,0,2009
"973",52.3,189.1,0,2009
"974",52.3,191.1,0,2009
"975",52.3,193.1,0,2009
"976",52.3,195.1,0,2009
"977",52.3,197.1,0,2009
"978",52.3,199.1,0,2009
"979",52.3,201.1,0,2009
"980",54.3,181.1,0,2009
"981",54.3,183.1,0,2009
"982",54.3,185.1,0,2009
"983",54.3,187.1,0,2009
"984",54.3,189.1,0,2009
"985",54.3,191.1,0,2009
"986",54.3,193.1,223.07,2009
"987",54.3,195.1,170.01,2009
"988",54.3,197.1,0,2009
"989",54.3,199.1,0,2009
"990",54.3,201.1,0,2009
"991",56.3,181.1,0,2009
"992",56.3,183.1,0,2009
"993",56.3,185.1,0,2009
"994",56.3,187.1,10.5,2009
"995",56.3,189.1,5259.45,2009
"996",56.3,191.1,1934.79,2009
"997",56.3,193.1,842.41,2009
"998",56.3,195.1,0,2009
"999",56.3,197.1,0,2009
"1000",56.3,199.1,0,2009
"1001",56.3,201.1,0,2009
"1002",58.3,181.1,0,2009
"1003",58.3,183.1,0,2009
"1004",58.3,185.1,0,2009
"1005",58.3,187.1,0,2009
"1006",58.3,189.1,0,2009
"1007",58.3,191.1,0,2009
"1008",58.3,193.1,0,2009
"1009",58.3,195.1,0,2009
"1010",58.3,197.1,0,2009
"1011",58.3,199.1,0,2009
"1012",58.3,201.1,0,2009
"1013",60.3,181.1,0,2009
"1014",60.3,183.1,0,2009
"1015",60.3,185.1,0,2009
"1016",60.3,187.1,0,2009
"1017",60.3,189.1,0,2009
"1018",60.3,191.1,0,2009
"1019",60.3,193.1,0,2009
"1020",60.3,195.1,0,2009
"1021",60.3,197.1,0,2009
"1022",60.3,199.1,0,2009
"1023",60.3,201.1,0,2009
"1024",62.3,181.1,0,2009
"1025",62.3,183.1,0,2009
"1026",62.3,185.1,0,2009
"1027",62.3,187.1,0,2009
"1028",62.3,189.1,0,2009
"1029",62.3,191.1,0,2009
"1030",62.3,193.1,0,2009
"1031",62.3,195.1,0,2009
"1032",62.3,197.1,0,2009
"1033",62.3,199.1,0,2009
"1034",62.3,201.1,0,2009
"1035",64.3,181.1,0,2009
"1036",64.3,183.1,0,2009
"1037",64.3,185.1,0,2009
"1038",64.3,187.1,0,2009
"1039",64.3,189.1,0,2009
"1040",64.3,191.1,0,2009
"1041",64.3,193.1,0,2009
"1042",64.3,195.1,0,2009
"1043",64.3,197.1,0,2009
"1044",64.3,199.1,0,2009
"1045",64.3,201.1,0,2009
"1046",66.3,181.1,0,2009
"1047",66.3,183.1,0,2009
"1048",66.3,185.1,0,2009
"1049",66.3,187.1,0,2009
"1050",66.3,189.1,0,2009
"1051",66.3,191.1,0,2009
"1052",66.3,193.1,0,2009
"1053",66.3,195.1,0,2009
"1054",66.3,197.1,0,2009
"1055",66.3,199.1,0,2009
"1056",66.3,201.1,0,2009
"1057",52.3,181.1,0,2008
"1058",52.3,183.1,0,2008
"1059",52.3,185.1,0,2008
"1060",52.3,187.1,0,2008
"1061",52.3,189.1,0,2008
"1062",52.3,191.1,0,2008
"1063",52.3,193.1,0,2008
"1064",52.3,195.1,0,2008
"1065",52.3,197.1,0,2008
"1066",52.3,199.1,0,2008
"1067",52.3,201.1,0,2008
"1068",54.3,181.1,0,2008
"1069",54.3,183.1,0,2008
"1070",54.3,185.1,0,2008
"1071",54.3,187.1,0,2008
"1072",54.3,189.1,6.84,2008
"1073",54.3,191.1,0,2008
"1074",54.3,193.1,484.1,2008
"1075",54.3,195.1,11627.42,2008
"1076",54.3,197.1,1235.87,2008
"1077",54.3,199.1,0,2008
"1078",54.3,201.1,0,2008
"1079",56.3,181.1,0,2008
"1080",56.3,183.1,0,2008
"1081",56.3,185.1,0,2008
"1082",56.3,187.1,0,2008
"1083",56.3,189.1,12632.31,2008
"1084",56.3,191.1,0,2008
"1085",56.3,193.1,0,2008
"1086",56.3,195.1,9963.72,2008
"1087",56.3,197.1,33153,2008
"1088",56.3,199.1,0,2008
"1089",56.3,201.1,0,2008
"1090",58.3,181.1,0,2008
"1091",58.3,183.1,0,2008
"1092",58.3,185.1,0,2008
"1093",58.3,187.1,0,2008
"1094",58.3,189.1,0,2008
"1095",58.3,191.1,0,2008
"1096",58.3,193.1,0,2008
"1097",58.3,195.1,0,2008
"1098",58.3,197.1,0,2008
"1099",58.3,199.1,0,2008
"1100",58.3,201.1,0,2008
"1101",60.3,181.1,0,2008
"1102",60.3,183.1,0,2008
"1103",60.3,185.1,0,2008
"1104",60.3,187.1,0,2008
"1105",60.3,189.1,0,2008
"1106",60.3,191.1,0,2008
"1107",60.3,193.1,0,2008
"1108",60.3,195.1,0,2008
"1109",60.3,197.1,0,2008
"1110",60.3,199.1,0,2008
"1111",60.3,201.1,0,2008
"1112",62.3,181.1,0,2008
"1113",62.3,183.1,0,2008
"1114",62.3,185.1,0,2008
"1115",62.3,187.1,0,2008
"1116",62.3,189.1,0,2008
"1117",62.3,191.1,0,2008
"1118",62.3,193.1,0,2008
"1119",62.3,195.1,0,2008
"1120",62.3,197.1,0,2008
"1121",62.3,199.1,0,2008
"1122",62.3,201.1,0,2008
"1123",64.3,181.1,0,2008
"1124",64.3,183.1,0,2008
"1125",64.3,185.1,0,2008
"1126",64.3,187.1,0,2008
"1127",64.3,189.1,0,2008
"1128",64.3,191.1,0,2008
"1129",64.3,193.1,0,2008
"1130",64.3,195.1,0,2008
"1131",64.3,197.1,0,2008
"1132",64.3,199.1,0,2008
"1133",64.3,201.1,0,2008
"1134",66.3,181.1,0,2008
"1135",66.3,183.1,0,2008
"1136",66.3,185.1,0,2008
"1137",66.3,187.1,0,2008
"1138",66.3,189.1,0,2008
"1139",66.3,191.1,0,2008
"1140",66.3,193.1,0,2008
"1141",66.3,195.1,0,2008
"1142",66.3,197.1,0,2008
"1143",66.3,199.1,0,2008
"1144",66.3,201.1,0,2008
"1145",52.3,181.1,0,2007
"1146",52.3,183.1,0,2007
"1147",52.3,185.1,0,2007
"1148",52.3,187.1,0,2007
"1149",52.3,189.1,0,2007
"1150",52.3,191.1,0,2007
"1151",52.3,193.1,0,2007
"1152",52.3,195.1,0,2007
"1153",52.3,197.1,0,2007
"1154",52.3,199.1,0,2007
"1155",52.3,201.1,0,2007
"1156",54.3,181.1,0,2007
"1157",54.3,183.1,0,2007
"1158",54.3,185.1,0,2007
"1159",54.3,187.1,0,2007
"1160",54.3,189.1,0,2007
"1161",54.3,191.1,0,2007
"1162",54.3,193.1,846.68,2007
"1163",54.3,195.1,21334.32,2007
"1164",54.3,197.1,0,2007
"1165",54.3,199.1,0,2007
"1166",54.3,201.1,0,2007
"1167",56.3,181.1,0,2007
"1168",56.3,183.1,0,2007
"1169",56.3,185.1,0,2007
"1170",56.3,187.1,0,2007
"1171",56.3,189.1,9993.6,2007
"1172",56.3,191.1,0,2007
"1173",56.3,193.1,0,2007
"1174",56.3,195.1,200.06,2007
"1175",56.3,197.1,0,2007
"1176",56.3,199.1,0,2007
"1177",56.3,201.1,0,2007
"1178",58.3,181.1,0,2007
"1179",58.3,183.1,0,2007
"1180",58.3,185.1,1015.5,2007
"1181",58.3,187.1,23771.07,2007
"1182",58.3,189.1,0,2007
"1183",58.3,191.1,0,2007
"1184",58.3,193.1,0,2007
"1185",58.3,195.1,0,2007
"1186",58.3,197.1,0,2007
"1187",58.3,199.1,0,2007
"1188",58.3,201.1,0,2007
"1189",60.3,181.1,0,2007
"1190",60.3,183.1,0,2007
"1191",60.3,185.1,43.51,2007
"1192",60.3,187.1,10377.77,2007
"1193",60.3,189.1,0,2007
"1194",60.3,191.1,0,2007
"1195",60.3,193.1,0,2007
"1196",60.3,195.1,0,2007
"1197",60.3,197.1,0,2007
"1198",60.3,199.1,0,2007
"1199",60.3,201.1,0,2007
"1200",62.3,181.1,0,2007
"1201",62.3,183.1,0,2007
"1202",62.3,185.1,0,2007
"1203",62.3,187.1,0,2007
"1204",62.3,189.1,0,2007
"1205",62.3,191.1,0,2007
"1206",62.3,193.1,0,2007
"1207",62.3,195.1,0,2007
"1208",62.3,197.1,0,2007
"1209",62.3,199.1,0,2007
"1210",62.3,201.1,0,2007
"1211",64.3,181.1,0,2007
"1212",64.3,183.1,0,2007
"1213",64.3,185.1,0,2007
"1214",64.3,187.1,0,2007
"1215",64.3,189.1,0,2007
"1216",64.3,191.1,0,2007
"1217",64.3,193.1,0,2007
"1218",64.3,195.1,0,2007
"1219",64.3,197.1,0,2007
"1220",64.3,199.1,0,2007
"1221",64.3,201.1,0,2007
"1222",66.3,181.1,0,2007
"1223",66.3,183.1,0,2007
"1224",66.3,185.1,0,2007
"1225",66.3,187.1,0,2007
"1226",66.3,189.1,0,2007
"1227",66.3,191.1,0,2007
"1228",66.3,193.1,0,2007
"1229",66.3,195.1,0,2007
"1230",66.3,197.1,0,2007
"1231",66.3,199.1,0,2007
"1232",66.3,201.1,0,2007
"1233",52.3,181.1,0,2006
"1234",52.3,183.1,0,2006
"1235",52.3,185.1,0,2006
"1236",52.3,187.1,0,2006
"1237",52.3,189.1,0,2006
"1238",52.3,191.1,0,2006
"1239",52.3,193.1,0,2006
"1240",52.3,195.1,0,2006
"1241",52.3,197.1,0,2006
"1242",52.3,199.1,0,2006
"1243",52.3,201.1,0,2006
"1244",54.3,181.1,0,2006
"1245",54.3,183.1,0,2006
"1246",54.3,185.1,0,2006
"1247",54.3,187.1,0,2006
"1248",54.3,189.1,0,2006
"1249",54.3,191.1,0,2006
"1250",54.3,193.1,1141.95,2006
"1251",54.3,195.1,14170.5,2006
"1252",54.3,197.1,0,2006
"1253",54.3,199.1,0,2006
"1254",54.3,201.1,0,2006
"1255",56.3,181.1,0,2006
"1256",56.3,183.1,0,2006
"1257",56.3,185.1,0,2006
"1258",56.3,187.1,0,2006
"1259",56.3,189.1,1366.12,2006
"1260",56.3,191.1,34.18,2006
"1261",56.3,193.1,0,2006
"1262",56.3,195.1,0,2006
"1263",56.3,197.1,0,2006
"1264",56.3,199.1,0,2006
"1265",56.3,201.1,0,2006
"1266",58.3,181.1,0,2006
"1267",58.3,183.1,0,2006
"1268",58.3,185.1,56.52,2006
"1269",58.3,187.1,302.73,2006
"1270",58.3,189.1,166.28,2006
"1271",58.3,191.1,0,2006
"1272",58.3,193.1,0,2006
"1273",58.3,195.1,0,2006
"1274",58.3,197.1,0,2006
"1275",58.3,199.1,0,2006
"1276",58.3,201.1,0,2006
"1277",60.3,181.1,0,2006
"1278",60.3,183.1,0,2006
"1279",60.3,185.1,0,2006
"1280",60.3,187.1,0,2006
"1281",60.3,189.1,0,2006
"1282",60.3,191.1,0,2006
"1283",60.3,193.1,0,2006
"1284",60.3,195.1,0,2006
"1285",60.3,197.1,0,2006
"1286",60.3,199.1,0,2006
"1287",60.3,201.1,0,2006
"1288",62.3,181.1,0,2006
"1289",62.3,183.1,0,2006
"1290",62.3,185.1,0,2006
"1291",62.3,187.1,0,2006
"1292",62.3,189.1,0,2006
"1293",62.3,191.1,0,2006
"1294",62.3,193.1,0,2006
"1295",62.3,195.1,0,2006
"1296",62.3,197.1,0,2006
"1297",62.3,199.1,0,2006
"1298",62.3,201.1,0,2006
"1299",64.3,181.1,0,2006
"1300",64.3,183.1,0,2006
"1301",64.3,185.1,0,2006
"1302",64.3,187.1,0,2006
"1303",64.3,189.1,0,2006
"1304",64.3,191.1,0,2006
"1305",64.3,193.1,0,2006
"1306",64.3,195.1,0,2006
"1307",64.3,197.1,0,2006
"1308",64.3,199.1,0,2006
"1309",64.3,201.1,0,2006
"1310",66.3,181.1,0,2006
"1311",66.3,183.1,0,2006
"1312",66.3,185.1,0,2006
"1313",66.3,187.1,0,2006
"1314",66.3,189.1,0,2006
"1315",66.3,191.1,0,2006
"1316",66.3,193.1,0,2006
"1317",66.3,195.1,0,2006
"1318",66.3,197.1,0,2006
"1319",66.3,199.1,0,2006
"1320",66.3,201.1,0,2006
"1321",52.3,181.1,0,2005
"1322",52.3,183.1,0,2005
"1323",52.3,185.1,0,2005
"1324",52.3,187.1,0,2005
"1325",52.3,189.1,0,2005
"1326",52.3,191.1,0,2005
"1327",52.3,193.1,10.85,2005
"1328",52.3,195.1,0,2005
"1329",52.3,197.1,0,2005
"1330",52.3,199.1,0,2005
"1331",52.3,201.1,0,2005
"1332",54.3,181.1,0,2005
"1333",54.3,183.1,0,2005
"1334",54.3,185.1,0,2005
"1335",54.3,187.1,0,2005
"1336",54.3,189.1,0,2005
"1337",54.3,191.1,0,2005
"1338",54.3,193.1,2295.23,2005
"1339",54.3,195.1,7241.93,2005
"1340",54.3,197.1,103.19,2005
"1341",54.3,199.1,0,2005
"1342",54.3,201.1,0,2005
"1343",56.3,181.1,0,2005
"1344",56.3,183.1,0,2005
"1345",56.3,185.1,0,2005
"1346",56.3,187.1,0,2005
"1347",56.3,189.1,3900.56,2005
"1348",56.3,191.1,3327.23,2005
"1349",56.3,193.1,0,2005
"1350",56.3,195.1,0,2005
"1351",56.3,197.1,0,2005
"1352",56.3,199.1,0,2005
"1353",56.3,201.1,0,2005
"1354",58.3,181.1,0,2005
"1355",58.3,183.1,0,2005
"1356",58.3,185.1,0,2005
"1357",58.3,187.1,7122.39,2005
"1358",58.3,189.1,12700.07,2005
"1359",58.3,191.1,0,2005
"1360",58.3,193.1,0,2005
"1361",58.3,195.1,0,2005
"1362",58.3,197.1,0,2005
"1363",58.3,199.1,0,2005
"1364",58.3,201.1,0,2005
"1365",60.3,181.1,0,2005
"1366",60.3,183.1,0,2005
"1367",60.3,185.1,0,2005
"1368",60.3,187.1,0,2005
"1369",60.3,189.1,0,2005
"1370",60.3,191.1,0,2005
"1371",60.3,193.1,0,2005
"1372",60.3,195.1,0,2005
"1373",60.3,197.1,0,2005
"1374",60.3,199.1,0,2005
"1375",60.3,201.1,0,2005
"1376",62.3,181.1,0,2005
"1377",62.3,183.1,0,2005
"1378",62.3,185.1,0,2005
"1379",62.3,187.1,0,2005
"1380",62.3,189.1,0,2005
"1381",62.3,191.1,0,2005
"1382",62.3,193.1,0,2005
"1383",62.3,195.1,0,2005
"1384",62.3,197.1,0,2005
"1385",62.3,199.1,0,2005
"1386",62.3,201.1,0,2005
"1387",64.3,181.1,0,2005
"1388",64.3,183.1,0,2005
"1389",64.3,185.1,0,2005
"1390",64.3,187.1,0,2005
"1391",64.3,189.1,0,2005
"1392",64.3,191.1,0,2005
"1393",64.3,193.1,0,2005
"1394",64.3,195.1,0,2005
"1395",64.3,197.1,0,2005
"1396",64.3,199.1,0,2005
"1397",64.3,201.1,0,2005
"1398",66.3,181.1,0,2005
"1399",66.3,183.1,0,2005
"1400",66.3,185.1,0,2005
"1401",66.3,187.1,0,2005
"1402",66.3,189.1,0,2005
"1403",66.3,191.1,0,2005
"1404",66.3,193.1,0,2005
"1405",66.3,195.1,0,2005
"1406",66.3,197.1,0,2005
"1407",66.3,199.1,0,2005
"1408",66.3,201.1,0,2005
"1409",52.3,181.1,0,2004
"1410",52.3,183.1,0,2004
"1411",52.3,185.1,0,2004
"1412",52.3,187.1,0,2004
"1413",52.3,189.1,0,2004
"1414",52.3,191.1,0,2004
"1415",52.3,193.1,0,2004
"1416",52.3,195.1,0,2004
"1417",52.3,197.1,0,2004
"1418",52.3,199.1,0,2004
"1419",52.3,201.1,0,2004
"1420",54.3,181.1,0,2004
"1421",54.3,183.1,0,2004
"1422",54.3,185.1,0,2004
"1423",54.3,187.1,0,2004
"1424",54.3,189.1,0,2004
"1425",54.3,191.1,0,2004
"1426",54.3,193.1,690.67,2004
"1427",54.3,195.1,9383.66,2004
"1428",54.3,197.1,0,2004
"1429",54.3,199.1,0,2004
"1430",54.3,201.1,0,2004
"1431",56.3,181.1,0,2004
"1432",56.3,183.1,0,2004
"1433",56.3,185.1,0,2004
"1434",56.3,187.1,0,2004
"1435",56.3,189.1,875.43,2004
"1436",56.3,191.1,115.88,2004
"1437",56.3,193.1,7.19,2004
"1438",56.3,195.1,0,2004
"1439",56.3,197.1,0,2004
"1440",56.3,199.1,0,2004
"1441",56.3,201.1,0,2004
"1442",58.3,181.1,0,2004
"1443",58.3,183.1,0,2004
"1444",58.3,185.1,0,2004
"1445",58.3,187.1,9746.12,2004
"1446",58.3,189.1,11590.72,2004
"1447",58.3,191.1,0,2004
"1448",58.3,193.1,0,2004
"1449",58.3,195.1,0,2004
"1450",58.3,197.1,0,2004
"1451",58.3,199.1,0,2004
"1452",58.3,201.1,0,2004
"1453",60.3,181.1,0,2004
"1454",60.3,183.1,0,2004
"1455",60.3,185.1,0,2004
"1456",60.3,187.1,0,2004
"1457",60.3,189.1,0,2004
"1458",60.3,191.1,0,2004
"1459",60.3,193.1,0,2004
"1460",60.3,195.1,0,2004
"1461",60.3,197.1,0,2004
"1462",60.3,199.1,0,2004
"1463",60.3,201.1,0,2004
"1464",62.3,181.1,0,2004
"1465",62.3,183.1,0,2004
"1466",62.3,185.1,0,2004
"1467",62.3,187.1,0,2004
"1468",62.3,189.1,0,2004
"1469",62.3,191.1,0,2004
"1470",62.3,193.1,0,2004
"1471",62.3,195.1,0,2004
"1472",62.3,197.1,0,2004
"1473",62.3,199.1,0,2004
"1474",62.3,201.1,0,2004
"1475",64.3,181.1,0,2004
"1476",64.3,183.1,0,2004
"1477",64.3,185.1,0,2004
"1478",64.3,187.1,0,2004
"1479",64.3,189.1,0,2004
"1480",64.3,191.1,0,2004
"1481",64.3,193.1,0,2004
"1482",64.3,195.1,0,2004
"1483",64.3,197.1,0,2004
"1484",64.3,199.1,0,2004
"1485",64.3,201.1,0,2004
"1486",66.3,181.1,0,2004
"1487",66.3,183.1,0,2004
"1488",66.3,185.1,0,2004
"1489",66.3,187.1,0,2004
"1490",66.3,189.1,0,2004
"1491",66.3,191.1,0,2004
"1492",66.3,193.1,0,2004
"1493",66.3,195.1,0,2004
"1494",66.3,197.1,0,2004
"1495",66.3,199.1,0,2004
"1496",66.3,201.1,0,2004
"1497",52.3,181.1,0,2003
"1498",52.3,183.1,0,2003
"1499",52.3,185.1,0,2003
"1500",52.3,187.1,0,2003
"1501",52.3,189.1,0,2003
"1502",52.3,191.1,0,2003
"1503",52.3,193.1,0,2003
"1504",52.3,195.1,0,2003
"1505",52.3,197.1,0,2003
"1506",52.3,199.1,0,2003
"1507",52.3,201.1,0,2003
"1508",54.3,181.1,0,2003
"1509",54.3,183.1,0,2003
"1510",54.3,185.1,0,2003
"1511",54.3,187.1,0,2003
"1512",54.3,189.1,0,2003
"1513",54.3,191.1,0,2003
"1514",54.3,193.1,518.39,2003
"1515",54.3,195.1,14895,2003
"1516",54.3,197.1,0,2003
"1517",54.3,199.1,0,2003
"1518",54.3,201.1,0,2003
"1519",56.3,181.1,0,2003
"1520",56.3,183.1,0,2003
"1521",56.3,185.1,0,2003
"1522",56.3,187.1,140.2,2003
"1523",56.3,189.1,680.22,2003
"1524",56.3,191.1,0,2003
"1525",56.3,193.1,0,2003
"1526",56.3,195.1,0,2003
"1527",56.3,197.1,0,2003
"1528",56.3,199.1,0,2003
"1529",56.3,201.1,0,2003
"1530",58.3,181.1,0,2003
"1531",58.3,183.1,0,2003
"1532",58.3,185.1,1.45,2003
"1533",58.3,187.1,10399.53,2003
"1534",58.3,189.1,8054.23,2003
"1535",58.3,191.1,0,2003
"1536",58.3,193.1,0,2003
"1537",58.3,195.1,0,2003
"1538",58.3,197.1,0,2003
"1539",58.3,199.1,0,2003
"1540",58.3,201.1,0,2003
"1541",60.3,181.1,0,2003
"1542",60.3,183.1,0,2003
"1543",60.3,185.1,0,2003
"1544",60.3,187.1,57.47,2003
"1545",60.3,189.1,0,2003
"1546",60.3,191.1,0,2003
"1547",60.3,193.1,0,2003
"1548",60.3,195.1,0,2003
"1549",60.3,197.1,0,2003
"1550",60.3,199.1,0,2003
"1551",60.3,201.1,0,2003
"1552",62.3,181.1,0,2003
"1553",62.3,183.1,0,2003
"1554",62.3,185.1,0,2003
"1555",62.3,187.1,0,2003
"1556",62.3,189.1,0,2003
"1557",62.3,191.1,0,2003
"1558",62.3,193.1,0,2003
"1559",62.3,195.1,0,2003
"1560",62.3,197.1,0,2003
"1561",62.3,199.1,0,2003
"1562",62.3,201.1,0,2003
"1563",64.3,181.1,0,2003
"1564",64.3,183.1,0,2003
"1565",64.3,185.1,0,2003
"1566",64.3,187.1,0,2003
"1567",64.3,189.1,0,2003
"1568",64.3,191.1,0,2003
"1569",64.3,193.1,0,2003
"1570",64.3,195.1,0,2003
"1571",64.3,197.1,0,2003
"1572",64.3,199.1,0,2003
"1573",64.3,201.1,0,2003
"1574",66.3,181.1,0,2003
"1575",66.3,183.1,0,2003
"1576",66.3,185.1,0,2003
"1577",66.3,187.1,0,2003
"1578",66.3,189.1,0,2003
"1579",66.3,191.1,0,2003
"1580",66.3,193.1,0,2003
"1581",66.3,195.1,0,2003
"1582",66.3,197.1,0,2003
"1583",66.3,199.1,0,2003
"1584",66.3,201.1,0,2003
"1585",52.3,181.1,0,2002
"1586",52.3,183.1,0,2002
"1587",52.3,185.1,0,2002
"1588",52.3,187.1,0,2002
"1589",52.3,189.1,0,2002
"1590",52.3,191.1,0,2002
"1591",52.3,193.1,0.42,2002
"1592",52.3,195.1,0,2002
"1593",52.3,197.1,0,2002
"1594",52.3,199.1,0,2002
"1595",52.3,201.1,0,2002
"1596",54.3,181.1,0,2002
"1597",54.3,183.1,0,2002
"1598",54.3,185.1,0,2002
"1599",54.3,187.1,0,2002
"1600",54.3,189.1,444.94,2002
"1601",54.3,191.1,0,2002
"1602",54.3,193.1,2854.2,2002
"1603",54.3,195.1,2323.88,2002
"1604",54.3,197.1,0,2002
"1605",54.3,199.1,0,2002
"1606",54.3,201.1,0,2002
"1607",56.3,181.1,0,2002
"1608",56.3,183.1,0,2002
"1609",56.3,185.1,0,2002
"1610",56.3,187.1,630.58,2002
"1611",56.3,189.1,1184.14,2002
"1612",56.3,191.1,69.48,2002
"1613",56.3,193.1,725.92,2002
"1614",56.3,195.1,4958.5,2002
"1615",56.3,197.1,0,2002
"1616",56.3,199.1,0,2002
"1617",56.3,201.1,0,2002
"1618",58.3,181.1,0,2002
"1619",58.3,183.1,0,2002
"1620",58.3,185.1,0,2002
"1621",58.3,187.1,5271.01,2002
"1622",58.3,189.1,0,2002
"1623",58.3,191.1,0,2002
"1624",58.3,193.1,0,2002
"1625",58.3,195.1,0,2002
"1626",58.3,197.1,0,2002
"1627",58.3,199.1,0,2002
"1628",58.3,201.1,0,2002
"1629",60.3,181.1,0,2002
"1630",60.3,183.1,0,2002
"1631",60.3,185.1,0,2002
"1632",60.3,187.1,25.56,2002
"1633",60.3,189.1,0,2002
"1634",60.3,191.1,0,2002
"1635",60.3,193.1,0,2002
"1636",60.3,195.1,0,2002
"1637",60.3,197.1,0,2002
"1638",60.3,199.1,0,2002
"1639",60.3,201.1,0,2002
"1640",62.3,181.1,0,2002
"1641",62.3,183.1,0,2002
"1642",62.3,185.1,0,2002
"1643",62.3,187.1,0,2002
"1644",62.3,189.1,0,2002
"1645",62.3,191.1,0,2002
"1646",62.3,193.1,0,2002
"1647",62.3,195.1,0,2002
"1648",62.3,197.1,0,2002
"1649",62.3,199.1,0,2002
"1650",62.3,201.1,0,2002
"1651",64.3,181.1,0,2002
"1652",64.3,183.1,0,2002
"1653",64.3,185.1,0,2002
"1654",64.3,187.1,0,2002
"1655",64.3,189.1,0,2002
"1656",64.3,191.1,0,2002
"1657",64.3,193.1,0,2002
"1658",64.3,195.1,0,2002
"1659",64.3,197.1,0,2002
"1660",64.3,199.1,0,2002
"1661",64.3,201.1,0,2002
"1662",66.3,181.1,0,2002
"1663",66.3,183.1,0,2002
"1664",66.3,185.1,0,2002
"1665",66.3,187.1,0,2002
"1666",66.3,189.1,0,2002
"1667",66.3,191.1,0,2002
"1668",66.3,193.1,0,2002
"1669",66.3,195.1,0,2002
"1670",66.3,197.1,0,2002
"1671",66.3,199.1,0,2002
"1672",66.3,201.1,0,2002
"1673",52.3,181.1,0,2001
"1674",52.3,183.1,0,2001
"1675",52.3,185.1,0,2001
"1676",52.3,187.1,0,2001
"1677",52.3,189.1,0,2001
"1678",52.3,191.1,0,2001
"1679",52.3,193.1,0,2001
"1680",52.3,195.1,0,2001
"1681",52.3,197.1,0,2001
"1682",52.3,199.1,0,2001
"1683",52.3,201.1,0,2001
"1684",54.3,181.1,0,2001
"1685",54.3,183.1,0,2001
"1686",54.3,185.1,0,2001
"1687",54.3,187.1,0,2001
"1688",54.3,189.1,0,2001
"1689",54.3,191.1,0,2001
"1690",54.3,193.1,833.9,2001
"1691",54.3,195.1,4417.9,2001
"1692",54.3,197.1,0,2001
"1693",54.3,199.1,0,2001
"1694",54.3,201.1,0,2001
"1695",56.3,181.1,0,2001
"1696",56.3,183.1,0,2001
"1697",56.3,185.1,0,2001
"1698",56.3,187.1,1310.3,2001
"1699",56.3,189.1,427.06,2001
"1700",56.3,191.1,0,2001
"1701",56.3,193.1,0,2001
"1702",56.3,195.1,0,2001
"1703",56.3,197.1,0,2001
"1704",56.3,199.1,0,2001
"1705",56.3,201.1,0,2001
"1706",58.3,181.1,0,2001
"1707",58.3,183.1,0,2001
"1708",58.3,185.1,0,2001
"1709",58.3,187.1,9644.36,2001
"1710",58.3,189.1,0,2001
"1711",58.3,191.1,0,2001
"1712",58.3,193.1,0,2001
"1713",58.3,195.1,0,2001
"1714",58.3,197.1,0,2001
"1715",58.3,199.1,0,2001
"1716",58.3,201.1,0,2001
"1717",60.3,181.1,0,2001
"1718",60.3,183.1,0,2001
"1719",60.3,185.1,794.43,2001
"1720",60.3,187.1,538.17,2001
"1721",60.3,189.1,0,2001
"1722",60.3,191.1,0,2001
"1723",60.3,193.1,0,2001
"1724",60.3,195.1,0,2001
"1725",60.3,197.1,0,2001
"1726",60.3,199.1,0,2001
"1727",60.3,201.1,0,2001
"1728",62.3,181.1,0,2001
"1729",62.3,183.1,0,2001
"1730",62.3,185.1,0,2001
"1731",62.3,187.1,0,2001
"1732",62.3,189.1,0,2001
"1733",62.3,191.1,0,2001
"1734",62.3,193.1,0,2001
"1735",62.3,195.1,0,2001
"1736",62.3,197.1,0,2001
"1737",62.3,199.1,0,2001
"1738",62.3,201.1,0,2001
"1739",64.3,181.1,0,2001
"1740",64.3,183.1,0,2001
"1741",64.3,185.1,0,2001
"1742",64.3,187.1,0,2001
"1743",64.3,189.1,0,2001
"1744",64.3,191.1,0,2001
"1745",64.3,193.1,0,2001
"1746",64.3,195.1,0,2001
"1747",64.3,197.1,0,2001
"1748",64.3,199.1,0,2001
"1749",64.3,201.1,0,2001
"1750",66.3,181.1,0,2001
"1751",66.3,183.1,0,2001
"1752",66.3,185.1,0,2001
"1753",66.3,187.1,0,2001
"1754",66.3,189.1,0,2001
"1755",66.3,191.1,0,2001
"1756",66.3,193.1,0,2001
"1757",66.3,195.1,0,2001
"1758",66.3,197.1,0,2001
"1759",66.3,199.1,0,2001
"1760",66.3,201.1,0,2001
"1761",52.3,181.1,0,2000
"1762",52.3,183.1,0,2000
"1763",52.3,185.1,0,2000
"1764",52.3,187.1,0,2000
"1765",52.3,189.1,0,2000
"1766",52.3,191.1,0,2000
"1767",52.3,193.1,0,2000
"1768",52.3,195.1,0,2000
"1769",52.3,197.1,0,2000
"1770",52.3,199.1,0,2000
"1771",52.3,201.1,0,2000
"1772",54.3,181.1,0,2000
"1773",54.3,183.1,0,2000
"1774",54.3,185.1,0,2000
"1775",54.3,187.1,0,2000
"1776",54.3,189.1,0,2000
"1777",54.3,191.1,0,2000
"1778",54.3,193.1,33.46,2000
"1779",54.3,195.1,39832.56,2000
"1780",54.3,197.1,0,2000
"1781",54.3,199.1,0,2000
"1782",54.3,201.1,0,2000
"1783",56.3,181.1,0,2000
"1784",56.3,183.1,0,2000
"1785",56.3,185.1,0,2000
"1786",56.3,187.1,0,2000
"1787",56.3,189.1,1755.22,2000
"1788",56.3,191.1,0,2000
"1789",56.3,193.1,0,2000
"1790",56.3,195.1,0,2000
"1791",56.3,197.1,0,2000
"1792",56.3,199.1,0,2000
"1793",56.3,201.1,0,2000
"1794",58.3,181.1,0,2000
"1795",58.3,183.1,0,2000
"1796",58.3,185.1,0,2000
"1797",58.3,187.1,0,2000
"1798",58.3,189.1,0,2000
"1799",58.3,191.1,0,2000
"1800",58.3,193.1,0,2000
"1801",58.3,195.1,0,2000
"1802",58.3,197.1,0,2000
"1803",58.3,199.1,0,2000
"1804",58.3,201.1,0,2000
"1805",60.3,181.1,0,2000
"1806",60.3,183.1,0,2000
"1807",60.3,185.1,0,2000
"1808",60.3,187.1,0,2000
"1809",60.3,189.1,0,2000
"1810",60.3,191.1,0,2000
"1811",60.3,193.1,0,2000
"1812",60.3,195.1,0,2000
"1813",60.3,197.1,0,2000
"1814",60.3,199.1,0,2000
"1815",60.3,201.1,0,2000
"1816",62.3,181.1,0,2000
"1817",62.3,183.1,0,2000
"1818",62.3,185.1,0,2000
"1819",62.3,187.1,0,2000
"1820",62.3,189.1,0,2000
"1821",62.3,191.1,0,2000
"1822",62.3,193.1,0,2000
"1823",62.3,195.1,0,2000
"1824",62.3,197.1,0,2000
"1825",62.3,199.1,0,2000
"1826",62.3,201.1,0,2000
"1827",64.3,181.1,0,2000
"1828",64.3,183.1,0,2000
"1829",64.3,185.1,0,2000
"1830",64.3,187.1,0,2000
"1831",64.3,189.1,0,2000
"1832",64.3,191.1,0,2000
"1833",64.3,193.1,0,2000
"1834",64.3,195.1,0,2000
"1835",64.3,197.1,0,2000
"1836",64.3,199.1,0,2000
"1837",64.3,201.1,0,2000
"1838",66.3,181.1,0,2000
"1839",66.3,183.1,0,2000
"1840",66.3,185.1,0,2000
"1841",66.3,187.1,0,2000
"1842",66.3,189.1,0,2000
"1843",66.3,191.1,0,2000
"1844",66.3,193.1,0,2000
"1845",66.3,195.1,0,2000
"1846",66.3,197.1,0,2000
"1847",66.3,199.1,0,2000
"1848",66.3,201.1,0,2000
"1849",52.3,181.1,0,1999
"1850",52.3,183.1,0,1999
"1851",52.3,185.1,0,1999
"1852",52.3,187.1,0,1999
"1853",52.3,189.1,0,1999
"1854",52.3,191.1,2.24,1999
"1855",52.3,193.1,0.84,1999
"1856",52.3,195.1,0,1999
"1857",52.3,197.1,0,1999
"1858",52.3,199.1,0,1999
"1859",52.3,201.1,0,1999
"1860",54.3,181.1,0,1999
"1861",54.3,183.1,0,1999
"1862",54.3,185.1,0,1999
"1863",54.3,187.1,0,1999
"1864",54.3,189.1,0,1999
"1865",54.3,191.1,17.62,1999
"1866",54.3,193.1,1695.59,1999
"1867",54.3,195.1,5353.95,1999
"1868",54.3,197.1,93.53,1999
"1869",54.3,199.1,0,1999
"1870",54.3,201.1,0,1999
"1871",56.3,181.1,0,1999
"1872",56.3,183.1,0,1999
"1873",56.3,185.1,0,1999
"1874",56.3,187.1,0,1999
"1875",56.3,189.1,800.54,1999
"1876",56.3,191.1,0,1999
"1877",56.3,193.1,6292.36,1999
"1878",56.3,195.1,19162.7,1999
"1879",56.3,197.1,0,1999
"1880",56.3,199.1,0,1999
"1881",56.3,201.1,0,1999
"1882",58.3,181.1,0,1999
"1883",58.3,183.1,0,1999
"1884",58.3,185.1,0,1999
"1885",58.3,187.1,396.82,1999
"1886",58.3,189.1,0,1999
"1887",58.3,191.1,0,1999
"1888",58.3,193.1,0,1999
"1889",58.3,195.1,0,1999
"1890",58.3,197.1,0,1999
"1891",58.3,199.1,0,1999
"1892",58.3,201.1,0,1999
"1893",60.3,181.1,0,1999
"1894",60.3,183.1,0,1999
"1895",60.3,185.1,0,1999
"1896",60.3,187.1,0,1999
"1897",60.3,189.1,0,1999
"1898",60.3,191.1,0,1999
"1899",60.3,193.1,0,1999
"1900",60.3,195.1,0,1999
"1901",60.3,197.1,0,1999
"1902",60.3,199.1,0,1999
"1903",60.3,201.1,0,1999
"1904",62.3,181.1,0,1999
"1905",62.3,183.1,0,1999
"1906",62.3,185.1,0,1999
"1907",62.3,187.1,0,1999
"1908",62.3,189.1,0,1999
"1909",62.3,191.1,0,1999
"1910",62.3,193.1,0,1999
"1911",62.3,195.1,0,1999
"1912",62.3,197.1,0,1999
"1913",62.3,199.1,0,1999
"1914",62.3,201.1,0,1999
"1915",64.3,181.1,0,1999
"1916",64.3,183.1,0,1999
"1917",64.3,185.1,0,1999
"1918",64.3,187.1,0,1999
"1919",64.3,189.1,0,1999
"1920",64.3,191.1,0,1999
"1921",64.3,193.1,0,1999
"1922",64.3,195.1,0,1999
"1923",64.3,197.1,0,1999
"1924",64.3,199.1,0,1999
"1925",64.3,201.1,0,1999
"1926",66.3,181.1,0,1999
"1927",66.3,183.1,0,1999
"1928",66.3,185.1,0,1999
"1929",66.3,187.1,0,1999
"1930",66.3,189.1,0,1999
"1931",66.3,191.1,0,1999
"1932",66.3,193.1,0,1999
"1933",66.3,195.1,0,1999
"1934",66.3,197.1,0,1999
"1935",66.3,199.1,0,1999
"1936",66.3,201.1,0,1999
"1937",52.3,181.1,0,1998
"1938",52.3,183.1,0,1998
"1939",52.3,185.1,0,1998
"1940",52.3,187.1,0,1998
"1941",52.3,189.1,0,1998
"1942",52.3,191.1,21.43,1998
"1943",52.3,193.1,0.63,1998
"1944",52.3,195.1,0,1998
"1945",52.3,197.1,0,1998
"1946",52.3,199.1,0,1998
"1947",52.3,201.1,0,1998
"1948",54.3,181.1,0,1998
"1949",54.3,183.1,0,1998
"1950",54.3,185.1,0,1998
"1951",54.3,187.1,0,1998
"1952",54.3,189.1,0,1998
"1953",54.3,191.1,0,1998
"1954",54.3,193.1,1021.21,1998
"1955",54.3,195.1,12232.2,1998
"1956",54.3,197.1,0,1998
"1957",54.3,199.1,0,1998
"1958",54.3,201.1,0,1998
"1959",56.3,181.1,0,1998
"1960",56.3,183.1,0,1998
"1961",56.3,185.1,0,1998
"1962",56.3,187.1,1.22,1998
"1963",56.3,189.1,3132.13,1998
"1964",56.3,191.1,8223.21,1998
"1965",56.3,193.1,0,1998
"1966",56.3,195.1,37565.08,1998
"1967",56.3,197.1,0,1998
"1968",56.3,199.1,0,1998
"1969",56.3,201.1,0,1998
"1970",58.3,181.1,0,1998
"1971",58.3,183.1,0,1998
"1972",58.3,185.1,0,1998
"1973",58.3,187.1,0,1998
"1974",58.3,189.1,0,1998
"1975",58.3,191.1,0,1998
"1976",58.3,193.1,0,1998
"1977",58.3,195.1,0,1998
"1978",58.3,197.1,0,1998
"1979",58.3,199.1,0,1998
"1980",58.3,201.1,0,1998
"1981",60.3,181.1,0,1998
"1982",60.3,183.1,0,1998
"1983",60.3,185.1,24.7,1998
"1984",60.3,187.1,0,1998
"1985",60.3,189.1,0,1998
"1986",60.3,191.1,0,1998
"1987",60.3,193.1,0,1998
"1988",60.3,195.1,0,1998
"1989",60.3,197.1,0,1998
"1990",60.3,199.1,0,1998
"1991",60.3,201.1,0,1998
"1992",62.3,181.1,0,1998
"1993",62.3,183.1,0,1998
"1994",62.3,185.1,0,1998
"1995",62.3,187.1,0,1998
"1996",62.3,189.1,0,1998
"1997",62.3,191.1,0,1998
"1998",62.3,193.1,0,1998
"1999",62.3,195.1,0,1998
"2000",62.3,197.1,0,1998
"2001",62.3,199.1,0,1998
"2002",62.3,201.1,0,1998
"2003",64.3,181.1,0,1998
"2004",64.3,183.1,0,1998
"2005",64.3,185.1,0,1998
"2006",64.3,187.1,0,1998
"2007",64.3,189.1,0,1998
"2008",64.3,191.1,0,1998
"2009",64.3,193.1,0,1998
"2010",64.3,195.1,0,1998
"2011",64.3,197.1,0,1998
"2012",64.3,199.1,0,1998
"2013",64.3,201.1,0,1998
"2014",66.3,181.1,0,1998
"2015",66.3,183.1,0,1998
"2016",66.3,185.1,0,1998
"2017",66.3,187.1,0,1998
"2018",66.3,189.1,0,1998
"2019",66.3,191.1,0,1998
"2020",66.3,193.1,0,1998
"2021",66.3,195.1,0,1998
"2022",66.3,197.1,0,1998
"2023",66.3,199.1,0,1998
"2024",66.3,201.1,0,1998
"2025",52.3,181.1,0,1997
"2026",52.3,183.1,0,1997
"2027",52.3,185.1,0,1997
"2028",52.3,187.1,0,1997
"2029",52.3,189.1,0,1997
"2030",52.3,191.1,0,1997
"2031",52.3,193.1,0,1997
"2032",52.3,195.1,0,1997
"2033",52.3,197.1,0,1997
"2034",52.3,199.1,0,1997
"2035",52.3,201.1,0,1997
"2036",54.3,181.1,0,1997
"2037",54.3,183.1,0,1997
"2038",54.3,185.1,0,1997
"2039",54.3,187.1,0,1997
"2040",54.3,189.1,0,1997
"2041",54.3,191.1,0,1997
"2042",54.3,193.1,1701.05,1997
"2043",54.3,195.1,26139.97,1997
"2044",54.3,197.1,79.22,1997
"2045",54.3,199.1,0,1997
"2046",54.3,201.1,0,1997
"2047",56.3,181.1,0,1997
"2048",56.3,183.1,0,1997
"2049",56.3,185.1,0,1997
"2050",56.3,187.1,25.83,1997
"2051",56.3,189.1,310.06,1997
"2052",56.3,191.1,0,1997
"2053",56.3,193.1,1359.08,1997
"2054",56.3,195.1,0,1997
"2055",56.3,197.1,581.98,1997
"2056",56.3,199.1,0,1997
"2057",56.3,201.1,0,1997
"2058",58.3,181.1,0,1997
"2059",58.3,183.1,0,1997
"2060",58.3,185.1,0,1997
"2061",58.3,187.1,0,1997
"2062",58.3,189.1,0,1997
"2063",58.3,191.1,0,1997
"2064",58.3,193.1,0,1997
"2065",58.3,195.1,0,1997
"2066",58.3,197.1,0,1997
"2067",58.3,199.1,0,1997
"2068",58.3,201.1,0,1997
"2069",60.3,181.1,0,1997
"2070",60.3,183.1,0,1997
"2071",60.3,185.1,0,1997
"2072",60.3,187.1,0,1997
"2073",60.3,189.1,0,1997
"2074",60.3,191.1,0,1997
"2075",60.3,193.1,0,1997
"2076",60.3,195.1,0,1997
"2077",60.3,197.1,0,1997
"2078",60.3,199.1,0,1997
"2079",60.3,201.1,0,1997
"2080",62.3,181.1,0,1997
"2081",62.3,183.1,0,1997
"2082",62.3,185.1,0,1997
"2083",62.3,187.1,0,1997
"2084",62.3,189.1,0,1997
"2085",62.3,191.1,0,1997
"2086",62.3,193.1,0,1997
"2087",62.3,195.1,0,1997
"2088",62.3,197.1,0,1997
"2089",62.3,199.1,0,1997
"2090",62.3,201.1,0,1997
"2091",64.3,181.1,0,1997
"2092",64.3,183.1,0,1997
"2093",64.3,185.1,0,1997
"2094",64.3,187.1,0,1997
"2095",64.3,189.1,0,1997
"2096",64.3,191.1,0,1997
"2097",64.3,193.1,0,1997
"2098",64.3,195.1,0,1997
"2099",64.3,197.1,0,1997
"2100",64.3,199.1,0,1997
"2101",64.3,201.1,0,1997
"2102",66.3,181.1,0,1997
"2103",66.3,183.1,0,1997
"2104",66.3,185.1,0,1997
"2105",66.3,187.1,0,1997
"2106",66.3,189.1,0,1997
"2107",66.3,191.1,0,1997
"2108",66.3,193.1,0,1997
"2109",66.3,195.1,0,1997
"2110",66.3,197.1,0,1997
"2111",66.3,199.1,0,1997
"2112",66.3,201.1,0,1997
"2113",52.3,181.1,0,1996
"2114",52.3,183.1,0,1996
"2115",52.3,185.1,0,1996
"2116",52.3,187.1,0,1996
"2117",52.3,189.1,0,1996
"2118",52.3,191.1,0,1996
"2119",52.3,193.1,0,1996
"2120",52.3,195.1,0,1996
"2121",52.3,197.1,0,1996
"2122",52.3,199.1,0,1996
"2123",52.3,201.1,0,1996
"2124",54.3,181.1,0,1996
"2125",54.3,183.1,0,1996
"2126",54.3,185.1,0,1996
"2127",54.3,187.1,0,1996
"2128",54.3,189.1,0,1996
"2129",54.3,191.1,0,1996
"2130",54.3,193.1,469.28,1996
"2131",54.3,195.1,50046.56,1996
"2132",54.3,197.1,37964.54,1996
"2133",54.3,199.1,0,1996
"2134",54.3,201.1,0,1996
"2135",56.3,181.1,0,1996
"2136",56.3,183.1,0,1996
"2137",56.3,185.1,0,1996
"2138",56.3,187.1,4.5,1996
"2139",56.3,189.1,809.66,1996
"2140",56.3,191.1,0,1996
"2141",56.3,193.1,0,1996
"2142",56.3,195.1,1590.48,1996
"2143",56.3,197.1,2369.51,1996
"2144",56.3,199.1,0,1996
"2145",56.3,201.1,0,1996
"2146",58.3,181.1,0,1996
"2147",58.3,183.1,0,1996
"2148",58.3,185.1,0,1996
"2149",58.3,187.1,0,1996
"2150",58.3,189.1,0,1996
"2151",58.3,191.1,0,1996
"2152",58.3,193.1,0,1996
"2153",58.3,195.1,0,1996
"2154",58.3,197.1,0,1996
"2155",58.3,199.1,0,1996
"2156",58.3,201.1,0,1996
"2157",60.3,181.1,0,1996
"2158",60.3,183.1,0,1996
"2159",60.3,185.1,0,1996
"2160",60.3,187.1,0,1996
"2161",60.3,189.1,0,1996
"2162",60.3,191.1,0,1996
"2163",60.3,193.1,0,1996
"2164",60.3,195.1,0,1996
"2165",60.3,197.1,0,1996
"2166",60.3,199.1,0,1996
"2167",60.3,201.1,0,1996
"2168",62.3,181.1,0,1996
"2169",62.3,183.1,0,1996
"2170",62.3,185.1,0,1996
"2171",62.3,187.1,0,1996
"2172",62.3,189.1,0,1996
"2173",62.3,191.1,0,1996
"2174",62.3,193.1,0,1996
"2175",62.3,195.1,0,1996
"2176",62.3,197.1,0,1996
"2177",62.3,199.1,0,1996
"2178",62.3,201.1,0,1996
"2179",64.3,181.1,0,1996
"2180",64.3,183.1,0,1996
"2181",64.3,185.1,0,1996
"2182",64.3,187.1,0,1996
"2183",64.3,189.1,0,1996
"2184",64.3,191.1,0,1996
"2185",64.3,193.1,0,1996
"2186",64.3,195.1,0,1996
"2187",64.3,197.1,0,1996
"2188",64.3,199.1,0,1996
"2189",64.3,201.1,0,1996
"2190",66.3,181.1,0,1996
"2191",66.3,183.1,0,1996
"2192",66.3,185.1,0,1996
"2193",66.3,187.1,0,1996
"2194",66.3,189.1,0,1996
"2195",66.3,191.1,0,1996
"2196",66.3,193.1,0,1996
"2197",66.3,195.1,0,1996
"2198",66.3,197.1,0,1996
"2199",66.3,199.1,0,1996
"2200",66.3,201.1,0,1996
"2201",52.3,181.1,0,1995
"2202",52.3,183.1,0,1995
"2203",52.3,185.1,0,1995
"2204",52.3,187.1,0,1995
"2205",52.3,189.1,0,1995
"2206",52.3,191.1,0,1995
"2207",52.3,193.1,11.93,1995
"2208",52.3,195.1,0,1995
"2209",52.3,197.1,0,1995
"2210",52.3,199.1,0,1995
"2211",52.3,201.1,0,1995
"2212",54.3,181.1,0,1995
"2213",54.3,183.1,0,1995
"2214",54.3,185.1,0,1995
"2215",54.3,187.1,0,1995
"2216",54.3,189.1,0,1995
"2217",54.3,191.1,0,1995
"2218",54.3,193.1,4813.15,1995
"2219",54.3,195.1,9027.22,1995
"2220",54.3,197.1,3304.46,1995
"2221",54.3,199.1,0,1995
"2222",54.3,201.1,0,1995
"2223",56.3,181.1,0,1995
"2224",56.3,183.1,0,1995
"2225",56.3,185.1,0,1995
"2226",56.3,187.1,0,1995
"2227",56.3,189.1,45.21,1995
"2228",56.3,191.1,52.54,1995
"2229",56.3,193.1,0,1995
"2230",56.3,195.1,0,1995
"2231",56.3,197.1,0,1995
"2232",56.3,199.1,0,1995
"2233",56.3,201.1,0,1995
"2234",58.3,181.1,0,1995
"2235",58.3,183.1,0,1995
"2236",58.3,185.1,4.12,1995
"2237",58.3,187.1,0,1995
"2238",58.3,189.1,0,1995
"2239",58.3,191.1,0,1995
"2240",58.3,193.1,0,1995
"2241",58.3,195.1,0,1995
"2242",58.3,197.1,0,1995
"2243",58.3,199.1,0,1995
"2244",58.3,201.1,0,1995
"2245",60.3,181.1,0,1995
"2246",60.3,183.1,0,1995
"2247",60.3,185.1,0,1995
"2248",60.3,187.1,0,1995
"2249",60.3,189.1,0,1995
"2250",60.3,191.1,0,1995
"2251",60.3,193.1,0,1995
"2252",60.3,195.1,0,1995
"2253",60.3,197.1,0,1995
"2254",60.3,199.1,0,1995
"2255",60.3,201.1,0,1995
"2256",62.3,181.1,0,1995
"2257",62.3,183.1,0,1995
"2258",62.3,185.1,0,1995
"2259",62.3,187.1,0,1995
"2260",62.3,189.1,0,1995
"2261",62.3,191.1,0,1995
"2262",62.3,193.1,0,1995
"2263",62.3,195.1,0,1995
"2264",62.3,197.1,0,1995
"2265",62.3,199.1,0,1995
"2266",62.3,201.1,0,1995
"2267",64.3,181.1,0,1995
"2268",64.3,183.1,0,1995
"2269",64.3,185.1,0,1995
"2270",64.3,187.1,0,1995
"2271",64.3,189.1,0,1995
"2272",64.3,191.1,0,1995
"2273",64.3,193.1,0,1995
"2274",64.3,195.1,0,1995
"2275",64.3,197.1,0,1995
"2276",64.3,199.1,0,1995
"2277",64.3,201.1,0,1995
"2278",66.3,181.1,0,1995
"2279",66.3,183.1,0,1995
"2280",66.3,185.1,0,1995
"2281",66.3,187.1,0,1995
"2282",66.3,189.1,0,1995
"2283",66.3,191.1,0,1995
"2284",66.3,193.1,0,1995
"2285",66.3,195.1,0,1995
"2286",66.3,197.1,0,1995
"2287",66.3,199.1,0,1995
"2288",66.3,201.1,0,1995
"2289",52.3,181.1,0,1994
"2290",52.3,183.1,0,1994
"2291",52.3,185.1,0,1994
"2292",52.3,187.1,0,1994
"2293",52.3,189.1,0,1994
"2294",52.3,191.1,1.45,1994
"2295",52.3,193.1,3.2,1994
"2296",52.3,195.1,0,1994
"2297",52.3,197.1,0,1994
"2298",52.3,199.1,0,1994
"2299",52.3,201.1,0,1994
"2300",54.3,181.1,0,1994
"2301",54.3,183.1,0,1994
"2302",54.3,185.1,0,1994
"2303",54.3,187.1,0,1994
"2304",54.3,189.1,0,1994
"2305",54.3,191.1,0,1994
"2306",54.3,193.1,309.97,1994
"2307",54.3,195.1,4211.33,1994
"2308",54.3,197.1,0,1994
"2309",54.3,199.1,0,1994
"2310",54.3,201.1,0,1994
"2311",56.3,181.1,0,1994
"2312",56.3,183.1,0,1994
"2313",56.3,185.1,0,1994
"2314",56.3,187.1,18.58,1994
"2315",56.3,189.1,107.74,1994
"2316",56.3,191.1,0,1994
"2317",56.3,193.1,0,1994
"2318",56.3,195.1,0,1994
"2319",56.3,197.1,0,1994
"2320",56.3,199.1,0,1994
"2321",56.3,201.1,0,1994
"2322",58.3,181.1,0,1994
"2323",58.3,183.1,0,1994
"2324",58.3,185.1,0,1994
"2325",58.3,187.1,0,1994
"2326",58.3,189.1,0,1994
"2327",58.3,191.1,0,1994
"2328",58.3,193.1,0,1994
"2329",58.3,195.1,0,1994
"2330",58.3,197.1,0,1994
"2331",58.3,199.1,0,1994
"2332",58.3,201.1,0,1994
"2333",60.3,181.1,0,1994
"2334",60.3,183.1,0,1994
"2335",60.3,185.1,0,1994
"2336",60.3,187.1,0,1994
"2337",60.3,189.1,0,1994
"2338",60.3,191.1,0,1994
"2339",60.3,193.1,0,1994
"2340",60.3,195.1,0,1994
"2341",60.3,197.1,0,1994
"2342",60.3,199.1,0,1994
"2343",60.3,201.1,0,1994
"2344",62.3,181.1,0,1994
"2345",62.3,183.1,0,1994
"2346",62.3,185.1,0,1994
"2347",62.3,187.1,0,1994
"2348",62.3,189.1,0,1994
"2349",62.3,191.1,0,1994
"2350",62.3,193.1,0,1994
"2351",62.3,195.1,0,1994
"2352",62.3,197.1,0,1994
"2353",62.3,199.1,0,1994
"2354",62.3,201.1,0,1994
"2355",64.3,181.1,0,1994
"2356",64.3,183.1,0,1994
"2357",64.3,185.1,0,1994
"2358",64.3,187.1,0,1994
"2359",64.3,189.1,0,1994
"2360",64.3,191.1,0,1994
"2361",64.3,193.1,0,1994
"2362",64.3,195.1,0,1994
"2363",64.3,197.1,0,1994
"2364",64.3,199.1,0,1994
"2365",64.3,201.1,0,1994
"2366",66.3,181.1,0,1994
"2367",66.3,183.1,0,1994
"2368",66.3,185.1,0,1994
"2369",66.3,187.1,0,1994
"2370",66.3,189.1,0,1994
"2371",66.3,191.1,0,1994
"2372",66.3,193.1,0,1994
"2373",66.3,195.1,0,1994
"2374",66.3,197.1,0,1994
"2375",66.3,199.1,0,1994
"2376",66.3,201.1,0,1994
"2377",52.3,181.1,0,1993
"2378",52.3,183.1,0,1993
"2379",52.3,185.1,0,1993
"2380",52.3,187.1,0,1993
"2381",52.3,189.1,0,1993
"2382",52.3,191.1,0,1993
"2383",52.3,193.1,0.66,1993
"2384",52.3,195.1,0,1993
"2385",52.3,197.1,0,1993
"2386",52.3,199.1,0,1993
"2387",52.3,201.1,0,1993
"2388",54.3,181.1,0,1993
"2389",54.3,183.1,0,1993
"2390",54.3,185.1,0,1993
"2391",54.3,187.1,0,1993
"2392",54.3,189.1,0,1993
"2393",54.3,191.1,0,1993
"2394",54.3,193.1,97.62,1993
"2395",54.3,195.1,2224.92,1993
"2396",54.3,197.1,0,1993
"2397",54.3,199.1,0,1993
"2398",54.3,201.1,0,1993
"2399",56.3,181.1,0,1993
"2400",56.3,183.1,0,1993
"2401",56.3,185.1,0,1993
"2402",56.3,187.1,0,1993
"2403",56.3,189.1,9.68,1993
"2404",56.3,191.1,0,1993
"2405",56.3,193.1,0,1993
"2406",56.3,195.1,0,1993
"2407",56.3,197.1,0,1993
"2408",56.3,199.1,0,1993
"2409",56.3,201.1,0,1993
"2410",58.3,181.1,0,1993
"2411",58.3,183.1,0,1993
"2412",58.3,185.1,0,1993
"2413",58.3,187.1,0,1993
"2414",58.3,189.1,0,1993
"2415",58.3,191.1,0,1993
"2416",58.3,193.1,0,1993
"2417",58.3,195.1,0,1993
"2418",58.3,197.1,0,1993
"2419",58.3,199.1,0,1993
"2420",58.3,201.1,0,1993
"2421",60.3,181.1,0,1993
"2422",60.3,183.1,0,1993
"2423",60.3,185.1,0,1993
"2424",60.3,187.1,0,1993
"2425",60.3,189.1,0,1993
"2426",60.3,191.1,0,1993
"2427",60.3,193.1,0,1993
"2428",60.3,195.1,0,1993
"2429",60.3,197.1,0,1993
"2430",60.3,199.1,0,1993
"2431",60.3,201.1,0,1993
"2432",62.3,181.1,0,1993
"2433",62.3,183.1,0,1993
"2434",62.3,185.1,0,1993
"2435",62.3,187.1,0,1993
"2436",62.3,189.1,0,1993
"2437",62.3,191.1,0,1993
"2438",62.3,193.1,0,1993
"2439",62.3,195.1,0,1993
"2440",62.3,197.1,0,1993
"2441",62.3,199.1,0,1993
"2442",62.3,201.1,0,1993
"2443",64.3,181.1,0,1993
"2444",64.3,183.1,0,1993
"2445",64.3,185.1,0,1993
"2446",64.3,187.1,0,1993
"2447",64.3,189.1,0,1993
"2448",64.3,191.1,0,1993
"2449",64.3,193.1,0,1993
"2450",64.3,195.1,0,1993
"2451",64.3,197.1,0,1993
"2452",64.3,199.1,0,1993
"2453",64.3,201.1,0,1993
"2454",66.3,181.1,0,1993
"2455",66.3,183.1,0,1993
"2456",66.3,185.1,0,1993
"2457",66.3,187.1,0,1993
"2458",66.3,189.1,0,1993
"2459",66.3,191.1,0,1993
"2460",66.3,193.1,0,1993
"2461",66.3,195.1,0,1993
"2462",66.3,197.1,0,1993
"2463",66.3,199.1,0,1993
"2464",66.3,201.1,0,1993
"2465",52.3,181.1,0,1992
"2466",52.3,183.1,0,1992
"2467",52.3,185.1,0,1992
"2468",52.3,187.1,0,1992
"2469",52.3,189.1,0,1992
"2470",52.3,191.1,0,1992
"2471",52.3,193.1,0,1992
"2472",52.3,195.1,0,1992
"2473",52.3,197.1,0,1992
"2474",52.3,199.1,0,1992
"2475",52.3,201.1,0,1992
"2476",54.3,181.1,0,1992
"2477",54.3,183.1,0,1992
"2478",54.3,185.1,0,1992
"2479",54.3,187.1,0,1992
"2480",54.3,189.1,0,1992
"2481",54.3,191.1,0,1992
"2482",54.3,193.1,1833.93,1992
"2483",54.3,195.1,6104.26,1992
"2484",54.3,197.1,57.54,1992
"2485",54.3,199.1,0,1992
"2486",54.3,201.1,0,1992
"2487",56.3,181.1,0,1992
"2488",56.3,183.1,0,1992
"2489",56.3,185.1,0,1992
"2490",56.3,187.1,85.42,1992
"2491",56.3,189.1,1068.57,1992
"2492",56.3,191.1,328.94,1992
"2493",56.3,193.1,293.09,1992
"2494",56.3,195.1,0,1992
"2495",56.3,197.1,0,1992
"2496",56.3,199.1,0,1992
"2497",56.3,201.1,0,1992
"2498",58.3,181.1,0,1992
"2499",58.3,183.1,0,1992
"2500",58.3,185.1,0,1992
"2501",58.3,187.1,0,1992
"2502",58.3,189.1,0,1992
"2503",58.3,191.1,0,1992
"2504",58.3,193.1,0,1992
"2505",58.3,195.1,0,1992
"2506",58.3,197.1,0,1992
"2507",58.3,199.1,0,1992
"2508",58.3,201.1,0,1992
"2509",60.3,181.1,0,1992
"2510",60.3,183.1,0,1992
"2511",60.3,185.1,0,1992
"2512",60.3,187.1,0,1992
"2513",60.3,189.1,0,1992
"2514",60.3,191.1,0,1992
"2515",60.3,193.1,0,1992
"2516",60.3,195.1,0,1992
"2517",60.3,197.1,0,1992
"2518",60.3,199.1,0,1992
"2519",60.3,201.1,0,1992
"2520",62.3,181.1,0,1992
"2521",62.3,183.1,0,1992
"2522",62.3,185.1,0,1992
"2523",62.3,187.1,0,1992
"2524",62.3,189.1,0,1992
"2525",62.3,191.1,0,1992
"2526",62.3,193.1,0,1992
"2527",62.3,195.1,0,1992
"2528",62.3,197.1,0,1992
"2529",62.3,199.1,0,1992
"2530",62.3,201.1,0,1992
"2531",64.3,181.1,0,1992
"2532",64.3,183.1,0,1992
"2533",64.3,185.1,0,1992
"2534",64.3,187.1,0,1992
"2535",64.3,189.1,0,1992
"2536",64.3,191.1,0,1992
"2537",64.3,193.1,0,1992
"2538",64.3,195.1,0,1992
"2539",64.3,197.1,0,1992
"2540",64.3,199.1,0,1992
"2541",64.3,201.1,0,1992
"2542",66.3,181.1,0,1992
"2543",66.3,183.1,0,1992
"2544",66.3,185.1,0,1992
"2545",66.3,187.1,0,1992
"2546",66.3,189.1,0,1992
"2547",66.3,191.1,0,1992
"2548",66.3,193.1,0,1992
"2549",66.3,195.1,0,1992
"2550",66.3,197.1,0,1992
"2551",66.3,199.1,0,1992
"2552",66.3,201.1,0,1992
"2553",52.3,181.1,0,1991
"2554",52.3,183.1,0,1991
"2555",52.3,185.1,0,1991
"2556",52.3,187.1,0,1991
"2557",52.3,189.1,0,1991
"2558",52.3,191.1,0,1991
"2559",52.3,193.1,0,1991
"2560",52.3,195.1,0,1991
"2561",52.3,197.1,0,1991
"2562",52.3,199.1,0,1991
"2563",52.3,201.1,0,1991
"2564",54.3,181.1,0,1991
"2565",54.3,183.1,0,1991
"2566",54.3,185.1,0,1991
"2567",54.3,187.1,0,1991
"2568",54.3,189.1,0,1991
"2569",54.3,191.1,0,1991
"2570",54.3,193.1,114.87,1991
"2571",54.3,195.1,1105.64,1991
"2572",54.3,197.1,554.8,1991
"2573",54.3,199.1,0,1991
"2574",54.3,201.1,0,1991
"2575",56.3,181.1,0,1991
"2576",56.3,183.1,0,1991
"2577",56.3,185.1,0,1991
"2578",56.3,187.1,0,1991
"2579",56.3,189.1,0,1991
"2580",56.3,191.1,0,1991
"2581",56.3,193.1,119.18,1991
"2582",56.3,195.1,936.14,1991
"2583",56.3,197.1,276,1991
"2584",56.3,199.1,0,1991
"2585",56.3,201.1,0,1991
"2586",58.3,181.1,0,1991
"2587",58.3,183.1,0,1991
"2588",58.3,185.1,0.74,1991
"2589",58.3,187.1,0,1991
"2590",58.3,189.1,0,1991
"2591",58.3,191.1,0,1991
"2592",58.3,193.1,0,1991
"2593",58.3,195.1,0,1991
"2594",58.3,197.1,0,1991
"2595",58.3,199.1,0,1991
"2596",58.3,201.1,0,1991
"2597",60.3,181.1,0,1991
"2598",60.3,183.1,0,1991
"2599",60.3,185.1,14.27,1991
"2600",60.3,187.1,0,1991
"2601",60.3,189.1,0,1991
"2602",60.3,191.1,0,1991
"2603",60.3,193.1,0,1991
"2604",60.3,195.1,0,1991
"2605",60.3,197.1,0,1991
"2606",60.3,199.1,0,1991
"2607",60.3,201.1,0,1991
"2608",62.3,181.1,0,1991
"2609",62.3,183.1,0,1991
"2610",62.3,185.1,0,1991
"2611",62.3,187.1,0,1991
"2612",62.3,189.1,0,1991
"2613",62.3,191.1,0,1991
"2614",62.3,193.1,0,1991
"2615",62.3,195.1,0,1991
"2616",62.3,197.1,0,1991
"2617",62.3,199.1,0,1991
"2618",62.3,201.1,0,1991
"2619",64.3,181.1,0,1991
"2620",64.3,183.1,0,1991
"2621",64.3,185.1,0,1991
"2622",64.3,187.1,0,1991
"2623",64.3,189.1,0,1991
"2624",64.3,191.1,0,1991
"2625",64.3,193.1,0,1991
"2626",64.3,195.1,0,1991
"2627",64.3,197.1,0,1991
"2628",64.3,199.1,0,1991
"2629",64.3,201.1,0,1991
"2630",66.3,181.1,0,1991
"2631",66.3,183.1,0,1991
"2632",66.3,185.1,0,1991
"2633",66.3,187.1,0,1991
"2634",66.3,189.1,0,1991
"2635",66.3,191.1,0,1991
"2636",66.3,193.1,0,1991
"2637",66.3,195.1,0,1991
"2638",66.3,197.1,0,1991
"2639",66.3,199.1,0,1991
"2640",66.3,201.1,0,1991
"2641",0,0,0,0
"2642",0,0,0,0
