"SPECIES_CODE","YEAR","STRATUM","SEX","AGE","AGEPOP","MEANLEN","SDEV"
10155,2010,71,9,-99,349914,,
10155,2010,999999,9,-99,349914,,
10210,2010,70,1,-9,1948201,323.05,151.7
10210,2010,70,1,3,1624587,110,0
10210,2010,70,1,4,41990178,132.24,11.02
10210,2010,70,1,5,110315737,161.09,14.36
10210,2010,70,1,6,86392620,173.55,19.58
10210,2010,70,1,7,64770323,201.27,26.16
10210,2010,70,1,8,117796571,206.41,30.08
10210,2010,70,1,9,145270572,232.22,35.91
10210,2010,70,1,10,33102130,261.19,43.62
10210,2010,70,1,11,53643875,303.9,11.25
10210,2010,70,1,12,31268496,267.57,51.47
10210,2010,70,1,13,14677355,318.19,25.1
10210,2010,70,1,14,31676688,326.81,14.45
10210,2010,70,1,15,25411622,330.01,21.78
10210,2010,70,1,16,12221726,318.7,13.61
10210,2010,70,1,18,1301866,390,0
10210,2010,70,1,19,11174111,353.66,9.31
10210,2010,70,1,20,3918428,350,0
10210,2010,70,1,21,1301866,390,0
10210,2010,70,1,23,2543625,360,0
10210,2010,70,1,24,2381634,380,0
10210,2010,70,1,26,9881307,359.49,8.6
10210,2010,70,1,27,18083056,344.15,20.78
10210,2010,70,1,29,4978291,378.54,20.37
10210,2010,70,2,-9,0,,
10210,2010,70,2,2,13500,80,0
10210,2010,70,2,3,1232939,105.75,5.57
10210,2010,70,2,4,39588804,127.9,12.26
10210,2010,70,2,5,71007675,159.36,16.16
10210,2010,70,2,6,114739781,177.66,24.09
10210,2010,70,2,7,131623075,188.69,32.53
10210,2010,70,2,8,106219094,207.38,39.68
10210,2010,70,2,9,94865991,251.64,25.39
10210,2010,70,2,10,35307890,300.39,42.65
10210,2010,70,2,11,41176725,304.38,10.6
10210,2010,70,2,12,27224987,325.28,17.53
10210,2010,70,2,13,18662424,324.91,29.76
10210,2010,70,2,14,18755821,342.75,22.88
10210,2010,70,2,15,67773633,339.91,16.17
10210,2010,70,2,16,10454072,357.24,9.61
10210,2010,70,2,17,9552276,364.4,25.53
10210,2010,70,2,18,2269097,360,0
10210,2010,70,2,19,5359151,381.31,20.3
10210,2010,70,2,21,7359288,372.23,13.61
10210,2010,70,2,22,5301470,388.47,16.59
10210,2010,70,2,23,8224802,393.42,7.53
10210,2010,70,2,25,3409143,390,0
10210,2010,70,2,26,2639439,397.71,29.51
10210,2010,70,2,27,6118954,396.73,8.25
10210,2010,70,2,28,4786324,417.29,9.67
10210,2010,70,2,29,4184674,413.82,13.55
10210,2010,70,2,30,248322,440,0
10210,2010,70,2,31,2309945,432.33,6.41
10210,2010,70,2,32,3657465,393.39,12.58
10210,2010,70,2,36,2465168,391.76,21.28
10210,2010,70,3,2,68087,70,0
10210,2010,70,3,3,34044,70,0
10210,2010,70,3,4,0,,
10210,2010,70,3,5,0,,
10210,2010,70,3,6,0,,
10210,2010,70,3,7,0,,
10210,2010,70,3,8,0,,
10210,2010,70,3,9,0,,
10210,2010,70,3,10,0,,
10210,2010,70,3,11,0,,
10210,2010,70,3,12,0,,
10210,2010,70,3,13,0,,
10210,2010,70,3,14,0,,
10210,2010,70,3,15,0,,
10210,2010,70,3,16,0,,
10210,2010,70,3,17,0,,
10210,2010,70,3,18,0,,
10210,2010,70,3,19,0,,
10210,2010,70,3,20,0,,
10210,2010,70,3,21,0,,
10210,2010,70,3,22,0,,
10210,2010,70,3,23,0,,
10210,2010,70,3,24,0,,
10210,2010,70,3,25,0,,
10210,2010,70,3,26,0,,
10210,2010,70,3,27,0,,
10210,2010,70,3,28,0,,
10210,2010,70,3,29,0,,
10210,2010,70,3,30,0,,
10210,2010,70,3,31,0,,
10210,2010,70,3,32,0,,
10210,2010,70,3,36,0,,
10210,2010,70,9,-9,1948201,323.05,151.7
10210,2010,70,9,2,81587,71.65,3.72
10210,2010,70,9,3,2891569,107.72,5.88
10210,2010,70,9,4,81578982,130.13,11.84
10210,2010,70,9,5,181323411,160.42,15.12
10210,2010,70,9,6,201132401,175.89,22.36
10210,2010,70,9,7,196393398,192.84,31.14
10210,2010,70,9,8,224015665,206.87,34.96
10210,2010,70,9,9,240136563,239.89,33.54
10210,2010,70,9,10,68410020,281.42,47.36
10210,2010,70,9,11,94820599,304.11,10.97
10210,2010,70,9,12,58493483,294.43,48.86
10210,2010,70,9,13,33339778,321.95,28
10210,2010,70,9,14,50432509,332.74,19.63
10210,2010,70,9,15,93185255,337.21,18.41
10210,2010,70,9,16,22675797,336.47,22.62
10210,2010,70,9,17,9552276,364.4,25.53
10210,2010,70,9,18,3570963,370.94,14.44
10210,2010,70,9,19,16533262,362.62,18.96
10210,2010,70,9,20,3918428,350,0
10210,2010,70,9,21,8661153,374.9,14.06
10210,2010,70,9,22,5301470,388.47,16.59
10210,2010,70,9,23,10768427,385.53,15.65
10210,2010,70,9,24,2381634,380,0
10210,2010,70,9,25,3409143,390,0
10210,2010,70,9,26,12520746,367.55,22.02
10210,2010,70,9,27,24202010,357.44,29.36
10210,2010,70,9,28,4786324,417.29,9.67
10210,2010,70,9,29,9162965,394.65,24.86
10210,2010,70,9,30,248322,440,0
10210,2010,70,9,31,2309945,432.33,6.41
10210,2010,70,9,32,3657465,393.39,12.58
10210,2010,70,9,36,2465168,391.76,21.28
10210,2010,71,1,-9,586193,222.92,163.52
10210,2010,71,1,3,3201704,105.38,7.04
10210,2010,71,1,4,17453664,126.17,14.28
10210,2010,71,1,5,21316492,154.99,13.72
10210,2010,71,1,6,10910382,162.29,20.73
10210,2010,71,1,7,5463115,180.28,29.38
10210,2010,71,1,8,6353566,196.27,25.05
10210,2010,71,1,9,7598068,207.31,39.54
10210,2010,71,1,10,1431386,257.68,46.28
10210,2010,71,1,11,1493166,303.17,10.57
10210,2010,71,1,12,1388686,262.75,52.58
10210,2010,71,1,13,469644,320.56,22.49
10210,2010,71,1,14,1030553,325.72,15.36
10210,2010,71,1,15,904359,331.37,24.33
10210,2010,71,1,16,366522,323.44,14.92
10210,2010,71,1,18,144379,390,0
10210,2010,71,1,19,609512,354.61,8.87
10210,2010,71,1,20,118136,350,0
10210,2010,71,1,21,144379,390,0
10210,2010,71,1,23,148449,360,0
10210,2010,71,1,24,361040,380,0
10210,2010,71,1,26,448700,361.43,8.05
10210,2010,71,1,27,831445,360.47,22.53
10210,2010,71,1,29,454229,385.3,19.23
10210,2010,71,2,-9,472017,60,0
10210,2010,71,2,2,489275,80,0
10210,2010,71,2,3,2109371,98.88,11.26
10210,2010,71,2,4,15189860,120.09,15.76
10210,2010,71,2,5,12167985,157.01,19.02
10210,2010,71,2,6,17262118,169.7,24.45
10210,2010,71,2,7,16504934,175.86,27.06
10210,2010,71,2,8,9524187,192.58,30.47
10210,2010,71,2,9,3767978,239.58,24.9
10210,2010,71,2,10,1740113,308.52,45.25
10210,2010,71,2,11,1295103,305,11.61
10210,2010,71,2,12,1559880,333.16,19.35
10210,2010,71,2,13,1173995,337.83,25.41
10210,2010,71,2,14,1717882,352.81,20.91
10210,2010,71,2,15,3900575,349.64,18.87
10210,2010,71,2,16,700693,359.23,9.97
10210,2010,71,2,17,982800,378.33,28.9
10210,2010,71,2,18,337903,360,0
10210,2010,71,2,19,888769,396.5,26.2
10210,2010,71,2,21,1094687,378.79,17.6
10210,2010,71,2,22,1389432,392.89,20.59
10210,2010,71,2,23,1238379,397.26,14.55
10210,2010,71,2,25,435491,390,0
10210,2010,71,2,26,1099800,419.25,37.12
10210,2010,71,2,27,1259591,402.25,17.18
10210,2010,71,2,28,1834645,419.85,9.95
10210,2010,71,2,29,1568606,419.59,19.68
10210,2010,71,2,30,233650,440,0
10210,2010,71,2,31,519064,435.09,8.71
10210,2010,71,2,32,669140,407.46,23.84
10210,2010,71,2,36,1005520,408.25,24.71
10210,2010,71,3,2,7283118,64.56,6.4
10210,2010,71,3,3,3420884,79.85,12.48
10210,2010,71,3,4,634824,94.8,5
10210,2010,71,3,5,0,,
10210,2010,71,3,6,0,,
10210,2010,71,3,7,0,,
10210,2010,71,3,8,0,,
10210,2010,71,3,9,0,,
10210,2010,71,3,10,0,,
10210,2010,71,3,11,0,,
10210,2010,71,3,12,0,,
10210,2010,71,3,13,0,,
10210,2010,71,3,14,0,,
10210,2010,71,3,15,0,,
10210,2010,71,3,16,0,,
10210,2010,71,3,17,0,,
10210,2010,71,3,18,0,,
10210,2010,71,3,19,0,,
10210,2010,71,3,20,0,,
10210,2010,71,3,21,0,,
10210,2010,71,3,22,0,,
10210,2010,71,3,23,0,,
10210,2010,71,3,24,0,,
10210,2010,71,3,25,0,,
10210,2010,71,3,26,0,,
10210,2010,71,3,27,0,,
10210,2010,71,3,28,0,,
10210,2010,71,3,29,0,,
10210,2010,71,3,30,0,,
10210,2010,71,3,31,0,,
10210,2010,71,3,32,0,,
10210,2010,71,3,36,0,,
10210,2010,71,9,-9,1058210,150.25,146.18
10210,2010,71,9,2,7772393,65.53,7.25
10210,2010,71,9,3,8731958,93.81,15.54
10210,2010,71,9,4,33278348,122.8,15.65
10210,2010,71,9,5,33484477,155.72,15.88
10210,2010,71,9,6,28172500,166.83,23.36
10210,2010,71,9,7,21968049,176.96,27.72
10210,2010,71,9,8,15877754,194.06,28.48
10210,2010,71,9,9,11366046,218.01,38.49
10210,2010,71,9,10,3171499,285.57,52.25
10210,2010,71,9,11,2788269,304.02,11.11
10210,2010,71,9,12,2948567,300,52.3
10210,2010,71,9,13,1643639,332.9,25.82
10210,2010,71,9,14,2748435,342.65,23.1
10210,2010,71,9,15,4804934,346.2,21.25
10210,2010,71,9,16,1067216,346.94,20.75
10210,2010,71,9,17,982800,378.33,28.9
10210,2010,71,9,18,482282,368.98,13.74
10210,2010,71,9,19,1498281,379.46,29.37
10210,2010,71,9,20,118136,350,0
10210,2010,71,9,21,1239066,380.09,16.93
10210,2010,71,9,22,1389432,392.89,20.59
10210,2010,71,9,23,1386828,393.27,17.94
10210,2010,71,9,24,361040,380,0
10210,2010,71,9,25,435491,390,0
10210,2010,71,9,26,1548500,402.5,41.05
10210,2010,71,9,27,2091036,385.64,28.24
10210,2010,71,9,28,1834645,419.85,9.95
10210,2010,71,9,29,2022835,411.89,24.25
10210,2010,71,9,30,233650,440,0
10210,2010,71,9,31,519064,435.09,8.71
10210,2010,71,9,32,669140,407.46,23.84
10210,2010,71,9,36,1005520,408.25,24.71
10210,2010,81,1,-9,34125,410,0
10210,2010,81,1,3,0,,
10210,2010,81,1,4,22870,143.73,4.84
10210,2010,81,1,5,342571,173.35,12.35
10210,2010,81,1,6,519676,183.59,14.42
10210,2010,81,1,7,615321,228.38,20.6
10210,2010,81,1,8,1109575,222.51,27.97
10210,2010,81,1,9,2888913,245.7,27.41
10210,2010,81,1,10,1143710,277.38,40.81
10210,2010,81,1,11,1347047,306.8,7.91
10210,2010,81,1,12,1088758,282.73,46.9
10210,2010,81,1,13,639694,329.78,22.32
10210,2010,81,1,14,1089516,332.21,14.59
10210,2010,81,1,15,791987,331.03,16.69
10210,2010,81,1,16,422558,321.3,14.54
10210,2010,81,1,18,0,,
10210,2010,81,1,19,176213,341.94,5.91
10210,2010,81,1,20,300006,350,0
10210,2010,81,1,21,0,,
10210,2010,81,1,23,5688,360,0
10210,2010,81,1,24,176069,380,0
10210,2010,81,1,26,305693,350.19,1.35
10210,2010,81,1,27,452825,349.44,24.37
10210,2010,81,1,29,5688,360,0
10210,2010,81,2,4,82188,117.16,23.18
10210,2010,81,2,5,484506,172.12,9.01
10210,2010,81,2,6,1646286,192.85,15.67
10210,2010,81,2,7,3771230,226.45,34.96
10210,2010,81,2,8,3604867,238.74,39.93
10210,2010,81,2,9,7159170,260.33,22.41
10210,2010,81,2,10,4472312,315.29,36.53
10210,2010,81,2,11,3973942,304.78,12.69
10210,2010,81,2,12,3589514,329.09,18.14
10210,2010,81,2,13,2824614,326.2,25.38
10210,2010,81,2,14,3226697,348.16,19.56
10210,2010,81,2,15,7989065,343.29,17.6
10210,2010,81,2,16,1570873,355.15,8.74
10210,2010,81,2,17,1641084,360.82,19.47
10210,2010,81,2,18,521698,360,0
10210,2010,81,2,19,458317,373.54,9.67
10210,2010,81,2,21,980014,366.33,9.45
10210,2010,81,2,22,862172,381.25,4.85
10210,2010,81,2,23,531304,394.03,8.02
10210,2010,81,2,25,212158,390,0
10210,2010,81,2,26,409647,380.54,4.63
10210,2010,81,2,27,373174,397.18,8.81
10210,2010,81,2,28,295551,415.14,8.52
10210,2010,81,2,29,237018,413.9,11.35
10210,2010,81,2,31,140855,430,0
10210,2010,81,2,32,212158,390,0
10210,2010,81,2,36,409647,380.54,4.63
10210,2010,81,3,3,0,,
10210,2010,81,3,4,0,,
10210,2010,81,3,5,0,,
10210,2010,81,3,6,0,,
10210,2010,81,3,7,0,,
10210,2010,81,3,8,0,,
10210,2010,81,3,9,0,,
10210,2010,81,3,10,0,,
10210,2010,81,3,11,0,,
10210,2010,81,3,12,0,,
10210,2010,81,3,13,0,,
10210,2010,81,3,14,0,,
10210,2010,81,3,15,0,,
10210,2010,81,3,16,0,,
10210,2010,81,3,17,0,,
10210,2010,81,3,18,0,,
10210,2010,81,3,19,0,,
10210,2010,81,3,20,0,,
10210,2010,81,3,21,0,,
10210,2010,81,3,22,0,,
10210,2010,81,3,23,0,,
10210,2010,81,3,24,0,,
10210,2010,81,3,25,0,,
10210,2010,81,3,26,0,,
10210,2010,81,3,27,0,,
10210,2010,81,3,28,0,,
10210,2010,81,3,29,0,,
10210,2010,81,3,31,0,,
10210,2010,81,3,32,0,,
10210,2010,81,3,36,0,,
10210,2010,81,9,-9,34125,410,0
10210,2010,81,9,3,0,,
10210,2010,81,9,4,105058,122.95,23.36
10210,2010,81,9,5,827076,172.63,10.54
10210,2010,81,9,6,2165962,190.63,15.88
10210,2010,81,9,7,4386552,226.72,33.32
10210,2010,81,9,8,4714442,234.92,38.09
10210,2010,81,9,9,10048083,256.12,24.85
10210,2010,81,9,10,5616022,307.57,40.43
10210,2010,81,9,11,5320989,305.29,11.7
10210,2010,81,9,12,4678272,318.3,33.88
10210,2010,81,9,13,3464308,326.86,24.88
10210,2010,81,9,14,4316212,344.13,19.69
10210,2010,81,9,15,8781052,342.18,17.87
10210,2010,81,9,16,1993431,347.97,17.22
10210,2010,81,9,17,1641084,360.82,19.47
10210,2010,81,9,18,521698,360,0
10210,2010,81,9,19,634530,364.76,16.66
10210,2010,81,9,20,300006,350,0
10210,2010,81,9,21,980014,366.33,9.45
10210,2010,81,9,22,862172,381.25,4.85
10210,2010,81,9,23,536991,393.67,8.71
10210,2010,81,9,24,176069,380,0
10210,2010,81,9,25,212158,390,0
10210,2010,81,9,26,715340,367.57,15.45
10210,2010,81,9,27,825998,371.01,30.42
10210,2010,81,9,28,295551,415.14,8.52
10210,2010,81,9,29,242705,412.64,13.87
10210,2010,81,9,31,140855,430,0
10210,2010,81,9,32,212158,390,0
10210,2010,81,9,36,409647,380.54,4.63
10210,2010,999999,1,-9,2568519,301.35,159.61
10210,2010,999999,1,3,4826291,106.94,6.14
10210,2010,999999,1,4,59466712,130.46,12.38
10210,2010,999999,1,5,131974799,160.14,14.45
10210,2010,999999,1,6,97822678,172.34,20.02
10210,2010,999999,1,7,70848759,199.89,27.09
10210,2010,999999,1,8,125259713,206.04,29.95
10210,2010,999999,1,9,155757554,231.26,36.41
10210,2010,999999,1,10,35677225,261.56,43.74
10210,2010,999999,1,11,56484088,303.95,11.17
10210,2010,999999,1,12,33745941,267.86,51.45
10210,2010,999999,1,13,15786693,318.73,25.02
10210,2010,999999,1,14,33796757,326.95,14.52
10210,2010,999999,1,15,27107968,330.08,21.74
10210,2010,999999,1,16,13010806,318.92,13.71
10210,2010,999999,1,18,1446245,390,0
10210,2010,999999,1,19,11959835,353.53,9.35
10210,2010,999999,1,20,4336569,350,0
10210,2010,999999,1,21,1446245,390,0
10210,2010,999999,1,23,2697762,360,0
10210,2010,999999,1,24,2918743,380,0
10210,2010,999999,1,26,10635700,359.31,8.61
10210,2010,999999,1,27,19367326,344.97,21.22
10210,2010,999999,1,29,5438208,379.08,20.36
10210,2010,999999,2,-9,472017,60,0
10210,2010,999999,2,2,502775,80,0
10210,2010,999999,2,3,3342310,101.41,10.12
10210,2010,999999,2,4,54860852,125.72,13.8
10210,2010,999999,2,5,83660165,159.09,16.63
10210,2010,999999,2,6,133648186,176.81,24.27
10210,2010,999999,2,7,151899240,188.23,32.86
10210,2010,999999,2,8,119348149,207.14,39.63
10210,2010,999999,2,9,105793139,251.79,25.39
10210,2010,999999,2,10,41520315,302.34,42.42
10210,2010,999999,2,11,46445769,304.43,10.82
10210,2010,999999,2,12,32374380,326.08,17.8
10210,2010,999999,2,13,22661032,325.74,29.18
10210,2010,999999,2,14,23700400,344.22,22.52
10210,2010,999999,2,15,79663273,340.73,16.62
10210,2010,999999,2,16,12725638,357.1,9.57
10210,2010,999999,2,17,12176160,365.04,25.44
10210,2010,999999,2,18,3128698,360,0
10210,2010,999999,2,19,6706238,382.79,21.43
10210,2010,999999,2,21,9433989,372.38,14.08
10210,2010,999999,2,22,7553074,388.46,16.83
10210,2010,999999,2,23,9994485,393.93,8.83
10210,2010,999999,2,25,4056792,390,0
10210,2010,999999,2,26,4148886,401.73,32.52
10210,2010,999999,2,27,7751719,397.65,10.46
10210,2010,999999,2,28,6916521,417.88,9.78
10210,2010,999999,2,29,5990297,415.34,15.53
10210,2010,999999,2,30,481972,440,0
10210,2010,999999,2,31,2969865,432.7,6.83
10210,2010,999999,2,32,4538764,395.31,15.4
10210,2010,999999,2,36,3880335,394.85,22.86
10210,2010,999999,3,2,7351205,64.61,6.4
10210,2010,999999,3,3,3454927,79.75,12.46
10210,2010,999999,3,4,634824,94.8,5
10210,2010,999999,3,5,0,,
10210,2010,999999,3,6,0,,
10210,2010,999999,3,7,0,,
10210,2010,999999,3,8,0,,
10210,2010,999999,3,9,0,,
10210,2010,999999,3,10,0,,
10210,2010,999999,3,11,0,,
10210,2010,999999,3,12,0,,
10210,2010,999999,3,13,0,,
10210,2010,999999,3,14,0,,
10210,2010,999999,3,15,0,,
10210,2010,999999,3,16,0,,
10210,2010,999999,3,17,0,,
10210,2010,999999,3,18,0,,
10210,2010,999999,3,19,0,,
10210,2010,999999,3,20,0,,
10210,2010,999999,3,21,0,,
10210,2010,999999,3,22,0,,
10210,2010,999999,3,23,0,,
10210,2010,999999,3,24,0,,
10210,2010,999999,3,25,0,,
10210,2010,999999,3,26,0,,
10210,2010,999999,3,27,0,,
10210,2010,999999,3,28,0,,
10210,2010,999999,3,29,0,,
10210,2010,999999,3,30,0,,
10210,2010,999999,3,31,0,,
10210,2010,999999,3,32,0,,
10210,2010,999999,3,36,0,,
10210,2010,999999,9,-9,3040536,263.89,170.76
10210,2010,999999,9,2,7853980,65.59,7.24
10210,2010,999999,9,3,11623528,97.27,15.04
10210,2010,999999,9,4,114962388,128,13.49
10210,2010,999999,9,5,215634964,159.73,15.34
10210,2010,999999,9,6,231470864,174.93,22.68
10210,2010,999999,9,7,222747999,191.94,31.61
10210,2010,999999,9,8,244607861,206.58,35.01
10210,2010,999999,9,9,261550692,239.57,33.93
10210,2010,999999,9,10,77197540,283.49,47.59
10210,2010,999999,9,11,102929857,304.17,11.02
10210,2010,999999,9,12,66120321,296.37,48.51
10210,2010,999999,9,13,38447725,322.86,27.76
10210,2010,999999,9,14,57497157,334.07,20.13
10210,2010,999999,9,15,106771242,338.02,18.64
10210,2010,999999,9,16,25736444,337.79,22.47
10210,2010,999999,9,17,12176160,365.04,25.44
10210,2010,999999,9,18,4574943,369.48,13.95
10210,2010,999999,9,19,18666073,364.05,20.45
10210,2010,999999,9,20,4336569,350,0
10210,2010,999999,9,21,10880234,374.72,14.41
10210,2010,999999,9,22,7553074,388.46,16.83
10210,2010,999999,9,23,12692246,386.72,15.94
10210,2010,999999,9,24,2918743,380,0
10210,2010,999999,9,25,4056792,390,0
10210,2010,999999,9,26,14784586,371.21,26.71
10210,2010,999999,9,27,27119045,360.03,30.32
10210,2010,999999,9,28,6916521,417.88,9.78
10210,2010,999999,9,29,11428505,398.09,25.52
10210,2010,999999,9,30,481972,440,0
10210,2010,999999,9,31,2969865,432.7,6.83
10210,2010,999999,9,32,4538764,395.31,15.4
10210,2010,999999,9,36,3880335,394.85,22.86
10210,2017,70,1,-9,3957994,68.43,3.64
10210,2017,70,1,2,6175243,88.7,8.56
10210,2017,70,1,3,29076393,125.43,14.7
10210,2017,70,1,4,23370260,140.71,12.77
10210,2017,70,1,5,47584993,177.09,29.18
10210,2017,70,1,6,88686924,198.58,23.68
10210,2017,70,1,7,59797433,189.37,31.15
10210,2017,70,1,8,216229289,225.26,23.89
10210,2017,70,1,9,74825736,251.04,42.59
10210,2017,70,1,10,11263786,307.15,22.94
10210,2017,70,1,11,18136791,316.58,35.04
10210,2017,70,1,12,5178725,334.7,26.96
10210,2017,70,1,13,4563363,342.31,9.73
10210,2017,70,1,14,11050924,336.66,10.01
10210,2017,70,1,15,11783449,347.65,21.11
10210,2017,70,1,16,27108897,344.41,16.75
10210,2017,70,1,17,5809789,370.68,15.71
10210,2017,70,1,18,11938996,366.32,20.84
10210,2017,70,1,19,4715403,361.39,24.17
10210,2017,70,1,20,11385830,364.28,15.4
10210,2017,70,1,21,12860324,363.2,20.35
10210,2017,70,1,22,5836169,357.2,10.99
10210,2017,70,1,23,6036746,380.09,11.83
10210,2017,70,1,24,5085343,365.91,10.08
10210,2017,70,1,25,6549309,360.32,13.46
10210,2017,70,1,26,1300449,392.26,4.18
10210,2017,70,1,27,1885859,336.26,22.9
10210,2017,70,1,28,3227127,376.24,9.27
10210,2017,70,1,29,1480378,380,0
10210,2017,70,1,30,4635057,358.48,29.78
10210,2017,70,1,32,5467597,360,0
10210,2017,70,1,33,4230662,345.85,19.13
10210,2017,70,1,34,1872592,390.47,20.35
10210,2017,70,1,40,2220333,370,0
10210,2017,70,2,-9,506570,285,225
10210,2017,70,2,1,739739,80,0
10210,2017,70,2,2,16119661,96.32,10.12
10210,2017,70,2,3,28271963,129.97,10.76
10210,2017,70,2,4,20715685,148.82,16.03
10210,2017,70,2,5,57270433,179.13,21.08
10210,2017,70,2,6,61042116,189.72,23.67
10210,2017,70,2,7,93114496,214.83,20.71
10210,2017,70,2,8,190510396,229.99,25.91
10210,2017,70,2,9,52321373,265.4,30.45
10210,2017,70,2,10,21162487,304.09,36.21
10210,2017,70,2,11,13235096,326.21,16.6
10210,2017,70,2,12,4087117,333.36,19.72
10210,2017,70,2,13,14230917,352.54,10.7
10210,2017,70,2,14,10798451,361.59,7.59
10210,2017,70,2,15,12187818,364.38,13.06
10210,2017,70,2,16,13318430,375.69,25.02
10210,2017,70,2,17,3724007,374.27,17.97
10210,2017,70,2,18,15252532,378.99,20.78
10210,2017,70,2,19,4801146,372.3,22.45
10210,2017,70,2,20,10217326,390.02,11.46
10210,2017,70,2,21,5217735,382.41,16.55
10210,2017,70,2,22,6249643,387.67,20.9
10210,2017,70,2,23,2618438,396.35,8.36
10210,2017,70,2,25,678488,410,0
10210,2017,70,2,26,5411672,388.72,17.22
10210,2017,70,2,27,2431659,384.34,14.08
10210,2017,70,2,28,1050392,400,0
10210,2017,70,2,29,1093546,415.73,7.94
10210,2017,70,2,30,2689256,360.13,28.44
10210,2017,70,2,33,678488,410,0
10210,2017,70,2,34,203950,420,0
10210,2017,70,3,-9,1769380,56.48,4.78
10210,2017,70,3,1,647448,80,0
10210,2017,70,3,2,3972877,83.82,11.11
10210,2017,70,3,3,311309,100,0
10210,2017,70,3,4,0,,
10210,2017,70,3,5,0,,
10210,2017,70,3,6,0,,
10210,2017,70,3,7,0,,
10210,2017,70,3,8,0,,
10210,2017,70,3,9,0,,
10210,2017,70,3,10,0,,
10210,2017,70,3,11,0,,
10210,2017,70,3,12,0,,
10210,2017,70,3,13,0,,
10210,2017,70,3,14,0,,
10210,2017,70,3,15,0,,
10210,2017,70,3,16,0,,
10210,2017,70,3,17,0,,
10210,2017,70,3,18,0,,
10210,2017,70,3,19,0,,
10210,2017,70,3,20,0,,
10210,2017,70,3,21,0,,
10210,2017,70,3,22,0,,
10210,2017,70,3,23,0,,
10210,2017,70,3,24,0,,
10210,2017,70,3,25,0,,
10210,2017,70,3,26,0,,
10210,2017,70,3,27,0,,
10210,2017,70,3,28,0,,
10210,2017,70,3,29,0,,
10210,2017,70,3,30,0,,
10210,2017,70,3,32,0,,
10210,2017,70,3,33,0,,
10210,2017,70,3,34,0,,
10210,2017,70,3,40,0,,
10210,2017,70,9,-9,6233944,82.64,88.2
10210,2017,70,9,1,1387187,80,0
10210,2017,70,9,2,26267781,92.64,11.07
10210,2017,70,9,3,57659664,127.52,13.22
10210,2017,70,9,4,44085944,144.52,14.95
10210,2017,70,9,5,104855426,178.2,25.11
10210,2017,70,9,6,149729040,194.97,24.08
10210,2017,70,9,7,152911929,204.87,28.2
10210,2017,70,9,8,406739686,227.47,24.97
10210,2017,70,9,9,127147109,256.95,38.72
10210,2017,70,9,10,32426274,305.16,32.26
10210,2017,70,9,11,31371887,320.64,29.13
10210,2017,70,9,12,9265842,334.11,24.04
10210,2017,70,9,13,18794280,350.06,11.35
10210,2017,70,9,14,21849375,348.98,15.31
10210,2017,70,9,15,23971267,356.16,19.39
10210,2017,70,9,16,40427327,354.71,24.71
10210,2017,70,9,17,9533796,372.08,16.72
10210,2017,70,9,18,27191528,373.43,21.74
10210,2017,70,9,19,9516549,366.9,23.95
10210,2017,70,9,20,21603156,376.45,18.77
10210,2017,70,9,21,18078059,368.74,21.2
10210,2017,70,9,22,12085812,372.96,22.71
10210,2017,70,9,23,8655184,385.01,13.21
10210,2017,70,9,24,5085343,365.91,10.08
10210,2017,70,9,25,7227797,364.99,19.34
10210,2017,70,9,26,6712121,389.41,15.63
10210,2017,70,9,27,4317518,363.34,30.16
10210,2017,70,9,28,4277520,382.07,13.01
10210,2017,70,9,29,2573924,395.18,18.4
10210,2017,70,9,30,7324314,359.08,29.31
10210,2017,70,9,32,5467597,360,0
10210,2017,70,9,33,4909150,354.71,28.38
10210,2017,70,9,34,2076542,393.37,21.23
10210,2017,70,9,40,2220333,370,0
10210,2017,71,1,-9,0,,
10210,2017,71,1,2,2123663,93.57,4.79
10210,2017,71,1,3,18564574,126.25,15.26
10210,2017,71,1,4,15423488,142.17,12.37
10210,2017,71,1,5,21534077,163.69,21.9
10210,2017,71,1,6,23987851,184.47,24.72
10210,2017,71,1,7,18749379,175.71,27.81
10210,2017,71,1,8,31769628,218.22,22.35
10210,2017,71,1,9,9624315,231.51,37.67
10210,2017,71,1,10,480582,300.56,19.1
10210,2017,71,1,11,1081748,297.94,41.17
10210,2017,71,1,12,252161,335.65,28.18
10210,2017,71,1,13,104056,344.98,8.67
10210,2017,71,1,14,271726,335.79,11.55
10210,2017,71,1,15,463984,359.51,26.24
10210,2017,71,1,16,845621,353.12,18.05
10210,2017,71,1,17,445785,377.54,18.84
10210,2017,71,1,18,922157,385.39,23.05
10210,2017,71,1,19,222224,374.13,16.1
10210,2017,71,1,20,666528,375.07,17.36
10210,2017,71,1,21,768206,375.39,19.5
10210,2017,71,1,22,297113,367.55,19.39
10210,2017,71,1,23,498296,383.56,13.96
10210,2017,71,1,24,399150,377.94,23.45
10210,2017,71,1,25,341862,368.28,16.46
10210,2017,71,1,26,195863,393.86,4.87
10210,2017,71,1,27,118252,400.13,37.33
10210,2017,71,1,28,283704,378.48,9.88
10210,2017,71,1,29,98059,380,0
10210,2017,71,1,30,208820,376.15,28.19
10210,2017,71,1,32,287214,360,0
10210,2017,71,1,33,213694,346.88,18.78
10210,2017,71,1,34,115096,387.4,17.76
10210,2017,71,1,40,163398,370,0
10210,2017,71,2,-9,67929,500,0
10210,2017,71,2,2,4644264,102.08,6.31
10210,2017,71,2,3,11637311,130,12.18
10210,2017,71,2,4,7266043,148.17,13.67
10210,2017,71,2,5,17545573,173.61,19.03
10210,2017,71,2,6,16965958,181.56,25.31
10210,2017,71,2,7,18317087,216.11,23.22
10210,2017,71,2,8,37737475,230.75,25.09
10210,2017,71,2,9,10891355,259.36,23.92
10210,2017,71,2,10,3097961,281.43,34.35
10210,2017,71,2,11,1218342,321.82,17.48
10210,2017,71,2,12,319724,332.75,19.81
10210,2017,71,2,13,849380,351.27,11.04
10210,2017,71,2,14,641745,360.82,8.01
10210,2017,71,2,15,845607,365.17,13.57
10210,2017,71,2,16,2308995,394.66,24.8
10210,2017,71,2,17,610965,393.74,20.75
10210,2017,71,2,18,2577982,397.19,23.82
10210,2017,71,2,19,812820,385.01,19.3
10210,2017,71,2,20,2492205,403.17,21.45
10210,2017,71,2,21,1276841,420.13,32.59
10210,2017,71,2,22,1468732,411.28,23.27
10210,2017,71,2,23,819944,400.84,11.37
10210,2017,71,2,25,793572,443.42,23.54
10210,2017,71,2,26,1532191,410.7,24.14
10210,2017,71,2,27,572963,421.18,36.35
10210,2017,71,2,28,321766,400,0
10210,2017,71,2,29,649534,418.99,8.36
10210,2017,71,2,30,404857,399.57,44.77
10210,2017,71,2,33,263175,410,0
10210,2017,71,2,34,188995,420,0
10210,2017,71,3,-9,2040416,50.18,4.86
10210,2017,71,3,2,37241,70,0
10210,2017,71,3,3,0,,
10210,2017,71,3,4,0,,
10210,2017,71,3,5,0,,
10210,2017,71,3,6,0,,
10210,2017,71,3,7,0,,
10210,2017,71,3,8,0,,
10210,2017,71,3,9,0,,
10210,2017,71,3,10,0,,
10210,2017,71,3,11,0,,
10210,2017,71,3,12,0,,
10210,2017,71,3,13,0,,
10210,2017,71,3,14,0,,
10210,2017,71,3,15,0,,
10210,2017,71,3,16,0,,
10210,2017,71,3,17,0,,
10210,2017,71,3,18,0,,
10210,2017,71,3,19,0,,
10210,2017,71,3,20,0,,
10210,2017,71,3,21,0,,
10210,2017,71,3,22,0,,
10210,2017,71,3,23,0,,
10210,2017,71,3,24,0,,
10210,2017,71,3,25,0,,
10210,2017,71,3,26,0,,
10210,2017,71,3,27,0,,
10210,2017,71,3,28,0,,
10210,2017,71,3,29,0,,
10210,2017,71,3,30,0,,
10210,2017,71,3,32,0,,
10210,2017,71,3,33,0,,
10210,2017,71,3,34,0,,
10210,2017,71,3,40,0,,
10210,2017,71,9,-9,2108345,64.68,79.57
10210,2017,71,9,2,6805167,99.25,7.39
10210,2017,71,9,3,30201885,127.69,14.27
10210,2017,71,9,4,22689531,144.09,13.1
10210,2017,71,9,5,39079650,168.14,21.24
10210,2017,71,9,6,40953809,183.26,25
10210,2017,71,9,7,37066467,195.68,32.65
10210,2017,71,9,8,69507103,225.02,24.68
10210,2017,71,9,9,20515670,246.29,34.1
10210,2017,71,9,10,3578543,284,33.36
10210,2017,71,9,11,2300090,310.59,33.18
10210,2017,71,9,12,571885,334.03,23.91
10210,2017,71,9,13,953436,350.58,10.98
10210,2017,71,9,14,913471,353.37,14.69
10210,2017,71,9,15,1309592,363.17,19.24
10210,2017,71,9,16,3154615,383.53,29.6
10210,2017,71,9,17,1056750,386.91,21.51
10210,2017,71,9,18,3500139,394.09,24.19
10210,2017,71,9,19,1035045,382.67,19.19
10210,2017,71,9,20,3158733,397.24,23.63
10210,2017,71,9,21,2045047,403.33,35.71
10210,2017,71,9,22,1765845,403.92,27.95
10210,2017,71,9,23,1318240,394.31,14.98
10210,2017,71,9,24,399150,377.94,23.45
10210,2017,71,9,25,1135434,420.79,40.71
10210,2017,71,9,26,1728054,408.8,23.4
10210,2017,71,9,27,691215,417.58,37.37
10210,2017,71,9,28,605469,389.92,12.69
10210,2017,71,9,29,747593,413.87,15.29
10210,2017,71,9,30,613677,391.6,41.42
10210,2017,71,9,32,287214,360,0
10210,2017,71,9,33,476869,381.72,33.81
10210,2017,71,9,34,304091,407.66,19.22
10210,2017,71,9,40,163398,370,0
10210,2017,81,1,4,0,,
10210,2017,81,1,5,77978,230,0
10210,2017,81,1,6,58303,235.3,8.48
10210,2017,81,1,7,163136,256.42,33.28
10210,2017,81,1,8,1896656,257.68,24.71
10210,2017,81,1,9,1775092,275.51,19.52
10210,2017,81,1,10,536807,303.83,21.35
10210,2017,81,1,11,678631,305.64,34.12
10210,2017,81,1,12,159009,322.33,26.24
10210,2017,81,1,13,59805,339.13,9.96
10210,2017,81,1,14,221376,337.38,7.29
10210,2017,81,1,15,195204,340.18,10.94
10210,2017,81,1,16,554488,339.65,14.31
10210,2017,81,1,17,80620,363.66,4.82
10210,2017,81,1,18,112739,357.04,9.81
10210,2017,81,1,19,38121,337.35,17.71
10210,2017,81,1,20,89725,358.46,10.79
10210,2017,81,1,21,146769,354.61,15.44
10210,2017,81,1,22,78366,356.52,4.76
10210,2017,81,1,23,35147,371.59,3.66
10210,2017,81,1,24,80620,363.66,4.82
10210,2017,81,1,25,81908,357.97,8.25
10210,2017,81,1,26,3542,390,0
10210,2017,81,1,27,32516,330,0
10210,2017,81,1,28,33085,372.14,6.18
10210,2017,81,1,29,2802,380,0
10210,2017,81,1,30,122477,341.45,8.38
10210,2017,81,1,32,102154,360,0
10210,2017,81,1,33,61197,353.39,14.86
10210,2017,81,1,34,2802,380,0
10210,2017,81,1,40,29543,370,0
10210,2017,81,2,5,44611,187.65,25.47
10210,2017,81,2,6,173891,234.67,27.44
10210,2017,81,2,7,1068523,246.41,16.03
10210,2017,81,2,8,7180526,276.24,28.87
10210,2017,81,2,9,7537858,294.24,26.79
10210,2017,81,2,10,6308830,319.08,25.82
10210,2017,81,2,11,5190110,326.19,13.94
10210,2017,81,2,12,1252325,330.24,20
10210,2017,81,2,13,5213623,351.84,11.7
10210,2017,81,2,14,4382497,363.43,7.17
10210,2017,81,2,15,5205768,366.81,11.51
10210,2017,81,2,16,4099501,372.87,21.48
10210,2017,81,2,17,1316968,371.86,15.14
10210,2017,81,2,18,5576890,375.56,15.66
10210,2017,81,2,19,1392811,373.66,21.9
10210,2017,81,2,20,3520919,387.06,8.77
10210,2017,81,2,21,2142304,377.11,10.31
10210,2017,81,2,22,2265182,377.75,9.75
10210,2017,81,2,23,769425,393.77,5.61
10210,2017,81,2,25,136185,410,0
10210,2017,81,2,26,1973446,382.03,14.08
10210,2017,81,2,27,928055,380,0
10210,2017,81,2,28,259064,400,0
10210,2017,81,2,29,146413,410.7,2.55
10210,2017,81,2,30,633614,350,0
10210,2017,81,2,33,136185,410,0
10210,2017,81,2,34,10228,420,0
10210,2017,81,3,4,0,,
10210,2017,81,3,5,0,,
10210,2017,81,3,6,0,,
10210,2017,81,3,7,0,,
10210,2017,81,3,8,0,,
10210,2017,81,3,9,0,,
10210,2017,81,3,10,0,,
10210,2017,81,3,11,0,,
10210,2017,81,3,12,0,,
10210,2017,81,3,13,0,,
10210,2017,81,3,14,0,,
10210,2017,81,3,15,0,,
10210,2017,81,3,16,0,,
10210,2017,81,3,17,0,,
10210,2017,81,3,18,0,,
10210,2017,81,3,19,0,,
10210,2017,81,3,20,0,,
10210,2017,81,3,21,0,,
10210,2017,81,3,22,0,,
10210,2017,81,3,23,0,,
10210,2017,81,3,24,0,,
10210,2017,81,3,25,0,,
10210,2017,81,3,26,0,,
10210,2017,81,3,27,0,,
10210,2017,81,3,28,0,,
10210,2017,81,3,29,0,,
10210,2017,81,3,30,0,,
10210,2017,81,3,32,0,,
10210,2017,81,3,33,0,,
10210,2017,81,3,34,0,,
10210,2017,81,3,40,0,,
10210,2017,81,9,4,0,,
10210,2017,81,9,5,122588,214.59,25.52
10210,2017,81,9,6,232194,234.83,24.13
10210,2017,81,9,7,1231659,247.73,19.52
10210,2017,81,9,8,9077182,272.36,29.05
10210,2017,81,9,9,9312949,290.67,26.61
10210,2017,81,9,10,6845637,317.88,25.82
10210,2017,81,9,11,5868741,323.82,18.7
10210,2017,81,9,12,1411334,329.35,20.95
10210,2017,81,9,13,5273428,351.7,11.76
10210,2017,81,9,14,4603873,362.17,9.09
10210,2017,81,9,15,5400972,365.85,12.52
10210,2017,81,9,16,4653990,368.91,23.38
10210,2017,81,9,17,1397588,371.39,14.86
10210,2017,81,9,18,5689629,375.19,15.77
10210,2017,81,9,19,1430932,372.7,22.57
10210,2017,81,9,20,3610644,386.35,9.88
10210,2017,81,9,21,2289073,375.67,12.05
10210,2017,81,9,22,2343548,377.04,10.35
10210,2017,81,9,23,804573,392.8,7.16
10210,2017,81,9,24,80620,363.66,4.82
10210,2017,81,9,25,218093,390.46,25.7
10210,2017,81,9,26,1976988,382.04,14.07
10210,2017,81,9,27,960572,378.31,9.04
10210,2017,81,9,28,292149,396.85,9.07
10210,2017,81,9,29,149216,410.12,4.87
10210,2017,81,9,30,756091,348.61,4.62
10210,2017,81,9,32,102154,360,0
10210,2017,81,9,33,197382,392.45,27.46
10210,2017,81,9,34,13030,411.4,16.43
10210,2017,81,9,40,29543,370,0
10210,2017,999999,1,-9,3957994,68.43,3.64
10210,2017,999999,1,2,8298907,89.94,8.06
10210,2017,999999,1,3,47640967,125.75,14.92
10210,2017,999999,1,4,38793747,141.29,12.63
10210,2017,999999,1,5,69197047,172.98,27.88
10210,2017,999999,1,6,112733078,195.6,24.61
10210,2017,999999,1,7,78709948,186.26,31.11
10210,2017,999999,1,8,249895573,224.61,24
10210,2017,999999,1,9,86225142,249.37,42.34
10210,2017,999999,1,10,12281176,306.75,22.78
10210,2017,999999,1,11,19897170,315.19,35.67
10210,2017,999999,1,12,5589896,334.39,27.07
10210,2017,999999,1,13,4727224,342.33,9.73
10210,2017,999999,1,14,11544026,336.65,10
10210,2017,999999,1,15,12442637,347.98,21.34
10210,2017,999999,1,16,28509007,344.57,16.83
10210,2017,999999,1,17,6336194,371.07,15.98
10210,2017,999999,1,18,12973892,367.59,21.52
10210,2017,999999,1,19,4975748,361.78,24.06
10210,2017,999999,1,20,12142082,364.83,15.69
10210,2017,999999,1,21,13775299,363.79,20.47
10210,2017,999999,1,22,6211648,357.69,11.69
10210,2017,999999,1,23,6570189,380.31,12.03
10210,2017,999999,1,24,5565113,366.74,11.93
10210,2017,999999,1,25,6973079,360.69,13.68
10210,2017,999999,1,26,1499853,392.46,4.31
10210,2017,999999,1,27,2036627,339.87,28.12
10210,2017,999999,1,28,3543916,376.38,9.32
10210,2017,999999,1,29,1581239,380,0
10210,2017,999999,1,30,4966354,358.8,29.72
10210,2017,999999,1,32,5856965,360,0
10210,2017,999999,1,33,4505553,346,19.08
10210,2017,999999,1,34,1990490,390.28,20.21
10210,2017,999999,1,40,2413274,370,0
10210,2017,999999,2,-9,574499,310.42,222.39
10210,2017,999999,2,1,739739,80,0
10210,2017,999999,2,2,20763925,97.61,9.7
10210,2017,999999,2,3,39909274,129.98,11.19
10210,2017,999999,2,4,27981727,148.65,15.46
10210,2017,999999,2,5,74860616,177.84,20.76
10210,2017,999999,2,6,78181964,188.05,24.38
10210,2017,999999,2,7,112500106,215.34,21.33
10210,2017,999999,2,8,235428398,231.52,27.06
10210,2017,999999,2,9,70750586,267.54,30.66
10210,2017,999999,2,10,30569279,304.89,35.53
10210,2017,999999,2,11,19643549,325.93,16.03
10210,2017,999999,2,12,5659165,332.63,19.83
10210,2017,999999,2,13,20293921,352.31,10.99
10210,2017,999999,2,14,15822693,362.07,7.54
10210,2017,999999,2,15,18239193,365.11,12.71
10210,2017,999999,2,16,19726926,377.32,25.13
10210,2017,999999,2,17,5651941,375.82,18.78
10210,2017,999999,2,18,23407404,380.18,20.98
10210,2017,999999,2,19,7006777,374.05,22.36
10210,2017,999999,2,20,16230450,391.4,14.02
10210,2017,999999,2,21,8636879,386.67,23.41
10210,2017,999999,2,22,9983557,388.89,21.85
10210,2017,999999,2,23,4207807,396.75,8.91
10210,2017,999999,2,25,1608245,426.49,23.51
10210,2017,999999,2,26,8917308,391.02,20.29
10210,2017,999999,2,27,3932677,388.68,22.32
10210,2017,999999,2,28,1631222,400,0
10210,2017,999999,2,29,1889493,416.46,8.13
10210,2017,999999,2,30,3727727,362.69,31.32
10210,2017,999999,2,33,1077848,410,0
10210,2017,999999,2,34,403173,420,0
10210,2017,999999,3,-9,3809796,53.11,5.75
10210,2017,999999,3,1,647448,80,0
10210,2017,999999,3,2,4010118,83.69,11.13
10210,2017,999999,3,3,311309,100,0
10210,2017,999999,3,4,0,,
10210,2017,999999,3,5,0,,
10210,2017,999999,3,6,0,,
10210,2017,999999,3,7,0,,
10210,2017,999999,3,8,0,,
10210,2017,999999,3,9,0,,
10210,2017,999999,3,10,0,,
10210,2017,999999,3,11,0,,
10210,2017,999999,3,12,0,,
10210,2017,999999,3,13,0,,
10210,2017,999999,3,14,0,,
10210,2017,999999,3,15,0,,
10210,2017,999999,3,16,0,,
10210,2017,999999,3,17,0,,
10210,2017,999999,3,18,0,,
10210,2017,999999,3,19,0,,
10210,2017,999999,3,20,0,,
10210,2017,999999,3,21,0,,
10210,2017,999999,3,22,0,,
10210,2017,999999,3,23,0,,
10210,2017,999999,3,24,0,,
10210,2017,999999,3,25,0,,
10210,2017,999999,3,26,0,,
10210,2017,999999,3,27,0,,
10210,2017,999999,3,28,0,,
10210,2017,999999,3,29,0,,
10210,2017,999999,3,30,0,,
10210,2017,999999,3,32,0,,
10210,2017,999999,3,33,0,,
10210,2017,999999,3,34,0,,
10210,2017,999999,3,40,0,,
10210,2017,999999,9,-9,8342289,78.1,86.45
10210,2017,999999,9,1,1387187,80,0
10210,2017,999999,9,2,33072950,94,10.75
10210,2017,999999,9,3,87861550,127.58,13.59
10210,2017,999999,9,4,66775474,144.37,14.35
10210,2017,999999,9,5,144057663,175.51,24.56
10210,2017,999999,9,6,190915043,192.51,24.79
10210,2017,999999,9,7,191210054,203.37,29.51
10210,2017,999999,9,8,485323970,227.96,25.76
10210,2017,999999,9,9,156975728,257.56,38.6
10210,2017,999999,9,10,42850455,305.42,32.4
10210,2017,999999,9,11,39540719,320.53,28.23
10210,2017,999999,9,12,11249061,333.51,23.72
10210,2017,999999,9,13,25021145,350.42,11.45
10210,2017,999999,9,14,27366719,351.34,15.25
10210,2017,999999,9,15,30681830,358.16,18.75
10210,2017,999999,9,16,48235933,357.97,26.17
10210,2017,999999,9,17,11988135,373.31,17.52
10210,2017,999999,9,18,36381296,375.69,22.02
10210,2017,999999,9,19,11982525,368.95,23.86
10210,2017,999999,9,20,28372532,380.03,19.76
10210,2017,999999,9,21,22412178,372.61,24.35
10210,2017,999999,9,22,16195205,376.92,24.02
10210,2017,999999,9,23,10777996,386.73,13.55
10210,2017,999999,9,24,5565113,366.74,11.93
10210,2017,999999,9,25,8581324,373.02,30.25
10210,2017,999999,9,26,10417162,391.23,18.85
10210,2017,999999,9,27,5969304,372.03,33.67
10210,2017,999999,9,28,5175138,383.83,13.41
10210,2017,999999,9,29,3470732,399.85,19.12
10210,2017,999999,9,30,8694081,360.47,30.48
10210,2017,999999,9,32,5856965,360,0
10210,2017,999999,9,33,5583402,358.35,30.53
10210,2017,999999,9,34,2393663,395.29,21.52
10210,2017,999999,9,40,2413274,370,0
10285,2017,70,1,-9,373448,349.96,156.41
10285,2017,70,1,2,1616329,128.9,18.21
10285,2017,70,1,3,4188031,139.86,22.27
10285,2017,70,1,4,1599183,169.1,19.24
10285,2017,70,1,5,6272919,209.06,42.27
10285,2017,70,1,6,2660037,220.32,19.33
10285,2017,70,1,7,11907849,276.76,36.7
10285,2017,70,1,8,20184972,269.37,26.85
10285,2017,70,1,9,8202925,326.25,11.66
10285,2017,70,1,10,20918590,328.02,19.57
10285,2017,70,1,12,8180177,323.88,16.86
10285,2017,70,1,13,7914265,335.3,4.99
10285,2017,70,1,15,11471817,364.36,4.96
10285,2017,70,1,16,19379485,358.71,17.93
10285,2017,70,1,17,10781921,350,0
10285,2017,70,1,18,4201537,320,0
10285,2017,70,1,19,3432672,398.09,15.25
10285,2017,70,1,20,6761374,362.6,12.22
10285,2017,70,1,21,4197520,340,0
10285,2017,70,1,22,4197520,340,0
10285,2017,70,1,23,22080180,372.01,27.47
10285,2017,70,1,24,8326314,379.56,12.77
10285,2017,70,1,25,17427388,381.13,5.72
10285,2017,70,1,26,10430739,375.2,19.41
10285,2017,70,1,27,2664896,390,0
10285,2017,70,1,29,5390960,350,0
10285,2017,70,1,30,5003563,370,0
10285,2017,70,1,31,6942911,364.79,17.67
10285,2017,70,1,32,5003563,370,0
10285,2017,70,2,-9,29216,80,0
10285,2017,70,2,2,1730870,137.99,28.59
10285,2017,70,2,3,2084385,146.36,25.75
10285,2017,70,2,4,2680215,234.6,47.26
10285,2017,70,2,5,6103987,211.06,40
10285,2017,70,2,6,8097220,278.41,49.13
10285,2017,70,2,7,4783762,276.87,46.25
10285,2017,70,2,8,16363279,303.36,43.94
10285,2017,70,2,9,2972955,324.79,14.08
10285,2017,70,2,10,9981609,354.02,35.62
10285,2017,70,2,11,5485281,403.34,35.02
10285,2017,70,2,12,6508581,400.31,23.15
10285,2017,70,2,13,8124551,388.43,18.7
10285,2017,70,2,14,7799948,416.5,25.3
10285,2017,70,2,15,8679149,428.71,27.67
10285,2017,70,2,16,6467611,430.09,34.67
10285,2017,70,2,17,2670966,407.11,16.71
10285,2017,70,2,18,1966867,483.96,26.36
10285,2017,70,2,19,3137815,471.89,17.47
10285,2017,70,2,20,3176789,430.05,48.85
10285,2017,70,2,21,1098240,463.71,14.35
10285,2017,70,2,22,2627607,469.54,33.71
10285,2017,70,2,23,1326723,465.11,15
10285,2017,70,2,24,133718,530,0
10285,2017,70,2,25,6512212,453.06,27.01
10285,2017,70,2,26,1207243,410,0
10285,2017,70,2,27,1570957,474.25,4.94
10285,2017,70,2,28,1838140,444.58,28.42
10285,2017,70,2,29,902887,470,0
10285,2017,70,2,32,382815,500,0
10285,2017,70,2,33,445652,501.41,3.48
10285,2017,70,2,34,668070,480,0
10285,2017,70,3,-9,0,,
10285,2017,70,3,2,0,,
10285,2017,70,3,3,0,,
10285,2017,70,3,4,0,,
10285,2017,70,3,5,0,,
10285,2017,70,3,6,0,,
10285,2017,70,3,7,0,,
10285,2017,70,3,8,0,,
10285,2017,70,3,9,0,,
10285,2017,70,3,10,0,,
10285,2017,70,3,11,0,,
10285,2017,70,3,12,0,,
10285,2017,70,3,13,0,,
10285,2017,70,3,14,0,,
10285,2017,70,3,15,0,,
10285,2017,70,3,16,0,,
10285,2017,70,3,17,0,,
10285,2017,70,3,18,0,,
10285,2017,70,3,19,0,,
10285,2017,70,3,20,0,,
10285,2017,70,3,21,0,,
10285,2017,70,3,22,0,,
10285,2017,70,3,23,0,,
10285,2017,70,3,24,0,,
10285,2017,70,3,25,0,,
10285,2017,70,3,26,0,,
10285,2017,70,3,27,0,,
10285,2017,70,3,28,0,,
10285,2017,70,3,29,0,,
10285,2017,70,3,30,0,,
10285,2017,70,3,31,0,,
10285,2017,70,3,32,0,,
10285,2017,70,3,33,0,,
10285,2017,70,3,34,0,,
10285,2017,70,9,-9,402664,330.37,166.11
10285,2017,70,9,2,3347200,133.6,24.56
10285,2017,70,9,3,6272415,142.02,23.68
10285,2017,70,9,4,4279397,210.12,50.41
10285,2017,70,9,5,12376906,210.05,41.18
10285,2017,70,9,6,10757256,264.05,50.37
10285,2017,70,9,7,16691611,276.79,39.67
10285,2017,70,9,8,36548252,284.58,39.35
10285,2017,70,9,9,11175880,325.86,12.37
10285,2017,70,9,10,30900199,336.42,28.58
10285,2017,70,9,11,5485281,403.34,35.02
10285,2017,70,9,12,14688758,357.75,42.86
10285,2017,70,9,13,16038816,362.21,29.91
10285,2017,70,9,14,7799948,416.5,25.3
10285,2017,70,9,15,20150966,392.08,36.86
10285,2017,70,9,16,25847096,376.57,38.7
10285,2017,70,9,17,13452887,361.34,23.97
10285,2017,70,9,18,6168404,372.28,77.85
10285,2017,70,9,19,6570487,433.34,40.32
10285,2017,70,9,20,9938163,384.16,43.05
10285,2017,70,9,21,5295759,365.66,50.58
10285,2017,70,9,22,6825127,389.87,66.41
10285,2017,70,9,23,23406903,377.28,34.47
10285,2017,70,9,24,8460031,381.94,22.64
10285,2017,70,9,25,23939600,400.7,35.31
10285,2017,70,9,26,11637982,378.81,21.22
10285,2017,70,9,27,4235853,421.25,40.81
10285,2017,70,9,28,1838140,444.58,28.42
10285,2017,70,9,29,6293848,367.21,42.06
10285,2017,70,9,30,5003563,370,0
10285,2017,70,9,31,6942911,364.79,17.67
10285,2017,70,9,32,5386378,379.24,33.4
10285,2017,70,9,33,445652,501.41,3.48
10285,2017,70,9,34,668070,480,0
10285,2017,71,1,-9,1324903,174.24,147.04
10285,2017,71,1,2,2911351,129.97,19.63
10285,2017,71,1,3,6639954,137.83,18.23
10285,2017,71,1,4,1963706,167.95,20.8
10285,2017,71,1,5,6328164,191.35,32.2
10285,2017,71,1,6,2224390,213.44,20.6
10285,2017,71,1,7,3234528,239.85,37.74
10285,2017,71,1,8,5746268,246.23,44.62
10285,2017,71,1,9,601001,319.93,17.36
10285,2017,71,1,10,1404246,318.45,22.24
10285,2017,71,1,12,609940,313.67,16.6
10285,2017,71,1,13,390376,334.24,4.94
10285,2017,71,1,15,452575,364.19,4.93
10285,2017,71,1,16,897967,363.02,21.63
10285,2017,71,1,17,487330,350,0
10285,2017,71,1,18,190105,320,0
10285,2017,71,1,19,259414,405.54,17.39
10285,2017,71,1,20,329953,372.21,24.15
10285,2017,71,1,21,165543,340,0
10285,2017,71,1,22,165543,340,0
10285,2017,71,1,23,1074786,379.04,29.87
10285,2017,71,1,24,415687,384.92,15.42
10285,2017,71,1,25,241561,390.44,14.29
10285,2017,71,1,26,679319,384.52,19.48
10285,2017,71,1,27,141869,390,0
10285,2017,71,1,29,243665,350,0
10285,2017,71,1,30,189752,370,0
10285,2017,71,1,31,313238,371.27,25.72
10285,2017,71,1,32,189752,370,0
10285,2017,71,2,-9,422627,427.56,239.54
10285,2017,71,2,2,3595120,141.41,25.34
10285,2017,71,2,3,5579944,146.11,19.38
10285,2017,71,2,4,3052463,189.09,47.2
10285,2017,71,2,5,8138265,188.81,32.67
10285,2017,71,2,6,5118444,237.41,51.12
10285,2017,71,2,7,2378231,254.19,43.44
10285,2017,71,2,8,6974642,276.14,43.6
10285,2017,71,2,9,844223,322.41,15.21
10285,2017,71,2,10,2900342,337.6,33.74
10285,2017,71,2,11,1451641,392.33,42.94
10285,2017,71,2,12,993997,405.5,25.45
10285,2017,71,2,13,1193558,389.74,19.75
10285,2017,71,2,14,1610341,417.07,29.99
10285,2017,71,2,15,2159513,440.56,29.13
10285,2017,71,2,16,1550600,448.93,36.57
10285,2017,71,2,17,726308,452.47,52.2
10285,2017,71,2,18,1440335,500.26,26.39
10285,2017,71,2,19,1722124,495.53,34.56
10285,2017,71,2,20,1490414,489.68,53.46
10285,2017,71,2,21,987483,502.9,36.85
10285,2017,71,2,22,1880983,498.94,36.07
10285,2017,71,2,23,626842,469.01,14.46
10285,2017,71,2,24,769051,532.72,10.06
10285,2017,71,2,25,2883991,482.49,40.53
10285,2017,71,2,26,355791,502.04,112.68
10285,2017,71,2,27,703908,475.64,4.96
10285,2017,71,2,28,1615407,516.59,52.75
10285,2017,71,2,29,355730,492.01,55.11
10285,2017,71,2,32,375752,500,0
10285,2017,71,2,33,702818,504.65,4.99
10285,2017,71,2,34,397113,480,0
10285,2017,71,3,-9,63094,50,0
10285,2017,71,3,2,0,,
10285,2017,71,3,3,0,,
10285,2017,71,3,4,0,,
10285,2017,71,3,5,0,,
10285,2017,71,3,6,0,,
10285,2017,71,3,7,0,,
10285,2017,71,3,8,0,,
10285,2017,71,3,9,0,,
10285,2017,71,3,10,0,,
10285,2017,71,3,11,0,,
10285,2017,71,3,12,0,,
10285,2017,71,3,13,0,,
10285,2017,71,3,14,0,,
10285,2017,71,3,15,0,,
10285,2017,71,3,16,0,,
10285,2017,71,3,17,0,,
10285,2017,71,3,18,0,,
10285,2017,71,3,19,0,,
10285,2017,71,3,20,0,,
10285,2017,71,3,21,0,,
10285,2017,71,3,22,0,,
10285,2017,71,3,23,0,,
10285,2017,71,3,24,0,,
10285,2017,71,3,25,0,,
10285,2017,71,3,26,0,,
10285,2017,71,3,27,0,,
10285,2017,71,3,28,0,,
10285,2017,71,3,29,0,,
10285,2017,71,3,30,0,,
10285,2017,71,3,31,0,,
10285,2017,71,3,32,0,,
10285,2017,71,3,33,0,,
10285,2017,71,3,34,0,,
10285,2017,71,9,-9,1810624,229.04,204.27
10285,2017,71,9,2,6506471,136.29,23.66
10285,2017,71,9,3,12219898,141.61,19.21
10285,2017,71,9,4,5016169,180.82,40.39
10285,2017,71,9,5,14466429,189.92,32.49
10285,2017,71,9,6,7342834,230.15,45.51
10285,2017,71,9,7,5612760,245.93,40.88
10285,2017,71,9,8,12720909,262.63,46.51
10285,2017,71,9,9,1445224,321.38,16.18
10285,2017,71,9,10,4304589,331.35,31.76
10285,2017,71,9,11,1451641,392.33,42.94
10285,2017,71,9,12,1603937,370.58,49.93
10285,2017,71,9,13,1583935,376.06,29.53
10285,2017,71,9,14,1610341,417.07,29.99
10285,2017,71,9,15,2612088,427.33,39.26
10285,2017,71,9,16,2448567,417.42,52.28
10285,2017,71,9,17,1213638,411.33,64.45
10285,2017,71,9,18,1630439,479.24,62.95
10285,2017,71,9,19,1981537,483.75,44.71
10285,2017,71,9,20,1820367,468.38,67.03
10285,2017,71,9,21,1153025,479.51,66.53
10285,2017,71,9,22,2046526,486.08,55.45
10285,2017,71,9,23,1701628,412.18,50.24
10285,2017,71,9,24,1184738,480.86,71.59
10285,2017,71,9,25,3125551,475.38,46.21
10285,2017,71,9,26,1035110,424.92,87.91
10285,2017,71,9,27,845777,461.28,32.32
10285,2017,71,9,28,1615407,516.59,52.75
10285,2017,71,9,29,599395,434.28,81.66
10285,2017,71,9,30,189752,370,0
10285,2017,71,9,31,313238,371.27,25.72
10285,2017,71,9,32,565503,456.38,61.38
10285,2017,71,9,33,702818,504.65,4.99
10285,2017,71,9,34,397113,480,0
10285,2017,81,1,-9,0,,
10285,2017,81,1,5,21580,262.9,25.98
10285,2017,81,1,6,5847,230,0
10285,2017,81,1,7,91741,284.26,35.51
10285,2017,81,1,8,140183,282.59,14.83
10285,2017,81,1,9,305102,328.7,7.08
10285,2017,81,1,10,1125822,335.1,16.9
10285,2017,81,1,12,372128,328.28,15.17
10285,2017,81,1,13,379356,336.11,4.88
10285,2017,81,1,15,1128497,366.23,4.85
10285,2017,81,1,16,1942985,369.57,22.38
10285,2017,81,1,17,940414,350,0
10285,2017,81,1,18,40924,320,0
10285,2017,81,1,19,961356,400.11,14.4
10285,2017,81,1,20,729120,384.98,29.58
10285,2017,81,1,21,231747,340,0
10285,2017,81,1,22,246366,346.53,25.99
10285,2017,81,1,23,3399271,384.95,13.81
10285,2017,81,1,24,1518500,383.02,13.49
10285,2017,81,1,25,3487379,381.49,6.52
10285,2017,81,1,26,1160597,385.33,19.28
10285,2017,81,1,27,642435,390,0
10285,2017,81,1,29,470207,350,0
10285,2017,81,1,30,702983,370,0
10285,2017,81,1,31,440830,362.43,12.82
10285,2017,81,1,32,717601,371.63,11.3
10285,2017,81,2,4,21396,272.9,4.54
10285,2017,81,2,5,47590,254.79,16.64
10285,2017,81,2,6,122548,305.2,27.55
10285,2017,81,2,7,66649,295.57,33.09
10285,2017,81,2,8,442711,308.17,48.57
10285,2017,81,2,9,99613,324.55,14.58
10285,2017,81,2,10,331838,363.9,35.5
10285,2017,81,2,11,344456,410.92,30.85
10285,2017,81,2,12,460031,412.93,23.19
10285,2017,81,2,13,344909,396.39,16.17
10285,2017,81,2,14,741436,424.31,21.3
10285,2017,81,2,15,787568,437.47,27.21
10285,2017,81,2,16,653154,444.05,34.72
10285,2017,81,2,17,185366,425.6,41.79
10285,2017,81,2,18,288406,487.68,27.37
10285,2017,81,2,19,532312,472.99,21.58
10285,2017,81,2,20,411104,462.8,39.57
10285,2017,81,2,21,266249,469.38,22.01
10285,2017,81,2,22,371797,473.98,35.61
10285,2017,81,2,23,177734,465.86,14.98
10285,2017,81,2,24,57861,530,0
10285,2017,81,2,25,964015,458.16,27.96
10285,2017,81,2,26,76813,410,0
10285,2017,81,2,27,216390,474.34,4.96
10285,2017,81,2,28,273704,498.04,59.68
10285,2017,81,2,29,122441,470,0
10285,2017,81,2,32,42640,500,0
10285,2017,81,2,33,78799,504.59,4.98
10285,2017,81,2,34,93949,480,0
10285,2017,81,3,4,0,,
10285,2017,81,3,5,0,,
10285,2017,81,3,6,0,,
10285,2017,81,3,7,0,,
10285,2017,81,3,8,0,,
10285,2017,81,3,9,0,,
10285,2017,81,3,10,0,,
10285,2017,81,3,11,0,,
10285,2017,81,3,12,0,,
10285,2017,81,3,13,0,,
10285,2017,81,3,14,0,,
10285,2017,81,3,15,0,,
10285,2017,81,3,16,0,,
10285,2017,81,3,17,0,,
10285,2017,81,3,18,0,,
10285,2017,81,3,19,0,,
10285,2017,81,3,20,0,,
10285,2017,81,3,21,0,,
10285,2017,81,3,22,0,,
10285,2017,81,3,23,0,,
10285,2017,81,3,24,0,,
10285,2017,81,3,25,0,,
10285,2017,81,3,26,0,,
10285,2017,81,3,27,0,,
10285,2017,81,3,28,0,,
10285,2017,81,3,29,0,,
10285,2017,81,3,30,0,,
10285,2017,81,3,31,0,,
10285,2017,81,3,32,0,,
10285,2017,81,3,33,0,,
10285,2017,81,3,34,0,,
10285,2017,81,9,-9,0,,
10285,2017,81,9,4,21396,272.9,4.54
10285,2017,81,9,5,69170,257.32,20.38
10285,2017,81,9,6,128396,301.78,31.15
10285,2017,81,9,7,158390,289.02,34.96
10285,2017,81,9,8,582894,302.02,44.31
10285,2017,81,9,9,404715,327.68,9.66
10285,2017,81,9,10,1457660,341.65,25.56
10285,2017,81,9,11,344456,410.92,30.85
10285,2017,81,9,12,832159,375.08,46.6
10285,2017,81,9,13,724264,364.82,32.3
10285,2017,81,9,14,741436,424.31,21.3
10285,2017,81,9,15,1916065,395.51,39.33
10285,2017,81,9,16,2596139,388.31,41.5
10285,2017,81,9,17,1125779,362.45,32.77
10285,2017,81,9,18,329329,466.85,60.96
10285,2017,81,9,19,1493668,426.08,38.96
10285,2017,81,9,20,1140224,413.04,50.2
10285,2017,81,9,21,497997,409.17,66.51
10285,2017,81,9,22,618163,423.19,70.19
10285,2017,81,9,23,3577005,388.97,22.39
10285,2017,81,9,24,1576360,388.42,30.65
10285,2017,81,9,25,4451394,398.09,34.64
10285,2017,81,9,26,1237410,386.87,19.59
10285,2017,81,9,27,858825,411.25,36.7
10285,2017,81,9,28,273704,498.04,59.68
10285,2017,81,9,29,592648,374.79,48.58
10285,2017,81,9,30,702983,370,0
10285,2017,81,9,31,440830,362.43,12.82
10285,2017,81,9,32,760241,378.83,31.51
10285,2017,81,9,33,78799,504.59,4.98
10285,2017,81,9,34,93949,480,0
10285,2017,999999,1,-9,1698351,212.88,165.96
10285,2017,999999,1,2,4527681,129.59,19.14
10285,2017,999999,1,3,10827984,138.61,19.91
10285,2017,999999,1,4,3562888,168.47,20.12
10285,2017,999999,1,5,12622662,200.28,38.65
10285,2017,999999,1,6,4890274,217.2,20.21
10285,2017,999999,1,7,15234117,268.97,39.9
10285,2017,999999,1,8,26071423,264.34,33.04
10285,2017,999999,1,9,9109029,325.91,12.11
10285,2017,999999,1,10,23448658,327.79,19.82
10285,2017,999999,1,12,9162244,323.38,17
10285,2017,999999,1,13,8683997,335.29,4.99
10285,2017,999999,1,15,13052889,364.52,4.98
10285,2017,999999,1,16,22220437,359.83,18.78
10285,2017,999999,1,17,12209665,350,0
10285,2017,999999,1,18,4432565,320,0
10285,2017,999999,1,19,4653441,398.92,15.31
10285,2017,999999,1,20,7820447,365.09,16.72
10285,2017,999999,1,21,4594810,340,0
10285,2017,999999,1,22,4609428,340.35,6.18
10285,2017,999999,1,23,26554237,373.95,26.6
10285,2017,999999,1,24,10260501,380.29,13.09
10285,2017,999999,1,25,21156327,381.3,6.1
10285,2017,999999,1,26,12270655,376.67,19.72
10285,2017,999999,1,27,3449199,390,0
10285,2017,999999,1,29,6104832,350,0
10285,2017,999999,1,30,5896298,370,0
10285,2017,999999,1,31,7696978,364.91,17.88
10285,2017,999999,1,32,5910916,370.2,3.97
10285,2017,999999,2,-9,451843,405.08,246.93
10285,2017,999999,2,2,5325991,140.3,26.49
10285,2017,999999,2,3,7664329,146.18,21.3
10285,2017,999999,2,4,5754073,210.6,52.44
10285,2017,999999,2,5,14289841,198.53,37.73
10285,2017,999999,2,6,13338211,262.92,53.73
10285,2017,999999,2,7,7228642,269.58,46.54
10285,2017,999999,2,8,23780632,295.46,45.67
10285,2017,999999,2,9,3916791,324.27,14.38
10285,2017,999999,2,10,13213789,350.67,35.92
10285,2017,999999,2,11,7281377,401.5,36.88
10285,2017,999999,2,12,7962610,401.69,23.68
10285,2017,999999,2,13,9663018,388.87,18.81
10285,2017,999999,2,14,10151725,417.16,25.91
10285,2017,999999,2,15,11626230,431.5,28.33
10285,2017,999999,2,16,8671365,434.51,35.85
10285,2017,999999,2,17,3582639,417.26,34.39
10285,2017,999999,2,18,3695607,490.61,27.57
10285,2017,999999,2,19,5392250,479.55,26.93
10285,2017,999999,2,20,5078307,450.2,56.41
10285,2017,999999,2,21,2351971,480.81,32.82
10285,2017,999999,2,22,4880386,481.21,37.53
10285,2017,999999,2,23,2131300,466.32,14.94
10285,2017,999999,2,24,960629,532.17,9.07
10285,2017,999999,2,25,10360218,461.73,34.01
10285,2017,999999,2,26,1639847,429.97,64.76
10285,2017,999999,2,27,2491256,474.65,4.99
10285,2017,999999,2,28,3727251,479.71,55.57
10285,2017,999999,2,29,1381058,475.67,29.58
10285,2017,999999,2,32,801206,500,0
10285,2017,999999,2,33,1227269,503.47,4.76
10285,2017,999999,2,34,1159132,480,0
10285,2017,999999,3,-9,63094,50,0
10285,2017,999999,3,2,0,,
10285,2017,999999,3,3,0,,
10285,2017,999999,3,4,0,,
10285,2017,999999,3,5,0,,
10285,2017,999999,3,6,0,,
10285,2017,999999,3,7,0,,
10285,2017,999999,3,8,0,,
10285,2017,999999,3,9,0,,
10285,2017,999999,3,10,0,,
10285,2017,999999,3,11,0,,
10285,2017,999999,3,12,0,,
10285,2017,999999,3,13,0,,
10285,2017,999999,3,14,0,,
10285,2017,999999,3,15,0,,
10285,2017,999999,3,16,0,,
10285,2017,999999,3,17,0,,
10285,2017,999999,3,18,0,,
10285,2017,999999,3,19,0,,
10285,2017,999999,3,20,0,,
10285,2017,999999,3,21,0,,
10285,2017,999999,3,22,0,,
10285,2017,999999,3,23,0,,
10285,2017,999999,3,24,0,,
10285,2017,999999,3,25,0,,
10285,2017,999999,3,26,0,,
10285,2017,999999,3,27,0,,
10285,2017,999999,3,28,0,,
10285,2017,999999,3,29,0,,
10285,2017,999999,3,30,0,,
10285,2017,999999,3,31,0,,
10285,2017,999999,3,32,0,,
10285,2017,999999,3,33,0,,
10285,2017,999999,3,34,0,,
10285,2017,999999,9,-9,2213288,247.47,201.7
10285,2017,999999,9,2,9853672,135.38,24
10285,2017,999999,9,3,18492313,141.75,20.84
10285,2017,999999,9,4,9316961,194.49,47.67
10285,2017,999999,9,5,26912503,199.35,38.18
10285,2017,999999,9,6,18228485,250.66,51.31
10285,2017,999999,9,7,22462759,269.16,42.15
10285,2017,999999,9,8,49852055,279.19,42.52
10285,2017,999999,9,9,13025820,325.42,12.86
10285,2017,999999,9,10,36662447,336.03,28.93
10285,2017,999999,9,11,7281377,401.5,36.88
10285,2017,999999,9,12,17124854,359.79,44.05
10285,2017,999999,9,13,18347015,363.51,30.23
10285,2017,999999,9,14,10151725,417.16,25.91
10285,2017,999999,9,15,24679119,396.07,38.85
10285,2017,999999,9,16,30891802,380.79,41.72
10285,2017,999999,9,17,15792304,365.26,32.59
10285,2017,999999,9,18,8128173,397.57,86.96
10285,2017,999999,9,19,10045691,442.2,45.98
10285,2017,999999,9,20,12898753,398.6,56.14
10285,2017,999999,9,21,6946781,387.67,69.32
10285,2017,999999,9,22,9489815,412.79,75.49
10285,2017,999999,9,23,28685537,380.81,35.47
10285,2017,999999,9,24,11221129,393.29,44.38
10285,2017,999999,9,25,31516545,407.74,42.81
10285,2017,999999,9,26,13910502,382.95,33.66
10285,2017,999999,9,27,5940455,425.5,41.9
10285,2017,999999,9,28,3727251,479.71,55.57
10285,2017,999999,9,29,7485890,373.18,50.37
10285,2017,999999,9,30,5896298,370,0
10285,2017,999999,9,31,7696978,364.91,17.88
10285,2017,999999,9,32,6712123,385.69,42.25
10285,2017,999999,9,33,1227269,503.47,4.76
10285,2017,999999,9,34,1159132,480,0
21720,2010,70,1,-9,231519,468.62,231.87
21720,2010,70,1,1,96237,260.28,56.47
21720,2010,70,1,2,645353,288.62,38.6
21720,2010,70,1,4,0,,
21720,2010,70,1,6,95240,655.35,51.37
21720,2010,70,1,7,128423,693.56,53.62
21720,2010,70,1,8,122970,776.03,39.89
21720,2010,70,1,9,57564,790.92,35.79
21720,2010,70,1,10,84195,819.43,84.28
21720,2010,70,1,11,16593,820,0
21720,2010,70,2,-9,233833,459.81,173.18
21720,2010,70,2,1,453249,226.75,49.85
21720,2010,70,2,2,359523,278.04,37.69
21720,2010,70,2,3,49796,390.31,14.03
21720,2010,70,2,5,88217,628.37,17.24
21720,2010,70,2,6,164661,693.9,62.72
21720,2010,70,2,7,88684,805.68,35.23
21720,2010,70,2,8,256252,778.45,65.53
21720,2010,70,2,9,88124,870.73,16.73
21720,2010,70,2,10,41821,890.9,48.52
21720,2010,70,3,-9,33185,50,0
21720,2010,70,3,1,1388787,135.83,12.58
21720,2010,70,3,2,0,,
21720,2010,70,3,3,0,,
21720,2010,70,3,4,0,,
21720,2010,70,3,5,0,,
21720,2010,70,3,6,0,,
21720,2010,70,3,7,0,,
21720,2010,70,3,8,0,,
21720,2010,70,3,9,0,,
21720,2010,70,3,10,0,,
21720,2010,70,3,11,0,,
21720,2010,70,9,-9,498537,436.63,222.96
21720,2010,70,9,1,1938273,163.27,52.93
21720,2010,70,9,2,1004876,284.84,38.61
21720,2010,70,9,3,49796,390.31,14.03
21720,2010,70,9,4,0,,
21720,2010,70,9,5,88217,628.37,17.24
21720,2010,70,9,6,259901,679.77,61.68
21720,2010,70,9,7,217107,739.36,72.42
21720,2010,70,9,8,379222,777.67,58.47
21720,2010,70,9,9,145688,839.19,46.88
21720,2010,70,9,10,126016,843.15,81.61
21720,2010,70,9,11,16593,820,0
21720,2010,71,1,-9,31353,230,0
21720,2010,71,1,1,0,,
21720,2010,71,1,2,127996,252.82,23.89
21720,2010,71,1,3,34652,440,0
21720,2010,71,1,4,0,,
21720,2010,71,1,5,0,,
21720,2010,71,1,6,155414,741.07,17.9
21720,2010,71,1,7,192582,723.91,46.12
21720,2010,71,1,8,630439,781.31,42.53
21720,2010,71,1,9,345965,795.54,32.21
21720,2010,71,1,10,153225,772.14,75.65
21720,2010,71,1,11,74114,799.18,40.6
21720,2010,71,1,12,0,,
21720,2010,71,2,-9,159094,519.87,194.23
21720,2010,71,2,1,33227,219.52,17.03
21720,2010,71,2,2,134808,222.25,15.35
21720,2010,71,2,4,31222,510,0
21720,2010,71,2,5,58991,637.94,13.23
21720,2010,71,2,6,246859,721.81,47.61
21720,2010,71,2,7,288627,792.94,49.04
21720,2010,71,2,8,787186,805.62,57.5
21720,2010,71,2,9,226016,807.63,55.01
21720,2010,71,2,10,11149,810,0
21720,2010,71,3,-9,0,,
21720,2010,71,3,1,205200,113.42,11.14
21720,2010,71,3,2,0,,
21720,2010,71,3,3,0,,
21720,2010,71,3,4,0,,
21720,2010,71,3,5,0,,
21720,2010,71,3,6,0,,
21720,2010,71,3,7,0,,
21720,2010,71,3,8,0,,
21720,2010,71,3,9,0,,
21720,2010,71,3,10,0,,
21720,2010,71,3,11,0,,
21720,2010,71,3,12,0,,
21720,2010,71,9,-9,190447,472.15,207.53
21720,2010,71,9,1,238427,128.21,38.69
21720,2010,71,9,2,262804,237.14,25.15
21720,2010,71,9,3,34652,440,0
21720,2010,71,9,4,31222,510,0
21720,2010,71,9,5,58991,637.94,13.23
21720,2010,71,9,6,402273,729.25,40.04
21720,2010,71,9,7,481209,765.32,58.63
21720,2010,71,9,8,1417624,794.81,52.78
21720,2010,71,9,9,571980,800.32,43.11
21720,2010,71,9,10,164374,774.71,73.66
21720,2010,71,9,11,74114,799.18,40.6
21720,2010,71,9,12,0,,
21720,2010,81,1,-9,85817,607.67,99.79
21720,2010,81,1,1,0,,
21720,2010,81,1,2,0,,
21720,2010,81,1,6,0,,
21720,2010,81,1,7,40194,667.99,38.16
21720,2010,81,1,8,7032,720,0
21720,2010,81,1,10,0,,
21720,2010,81,1,11,7032,720,0
21720,2010,81,2,-9,0,,
21720,2010,81,2,1,6304,250,0
21720,2010,81,2,2,47402,280.05,24.48
21720,2010,81,2,3,28129,410,0
21720,2010,81,2,6,14464,730,0
21720,2010,81,2,9,14464,730,0
21720,2010,81,3,-9,0,,
21720,2010,81,3,1,0,,
21720,2010,81,3,2,0,,
21720,2010,81,3,3,0,,
21720,2010,81,3,6,0,,
21720,2010,81,3,7,0,,
21720,2010,81,3,8,0,,
21720,2010,81,3,9,0,,
21720,2010,81,3,10,0,,
21720,2010,81,3,11,0,,
21720,2010,81,9,-9,85817,607.67,99.79
21720,2010,81,9,1,6304,250,0
21720,2010,81,9,2,47402,280.05,24.48
21720,2010,81,9,3,28129,410,0
21720,2010,81,9,6,14464,730,0
21720,2010,81,9,7,40194,667.99,38.16
21720,2010,81,9,8,7032,720,0
21720,2010,81,9,9,14464,730,0
21720,2010,81,9,10,0,,
21720,2010,81,9,11,7032,720,0
21720,2010,999999,1,-9,348689,481.39,218.78
21720,2010,999999,1,1,96237,260.28,56.47
21720,2010,999999,1,2,773348,282.7,38.92
21720,2010,999999,1,3,34652,440,0
21720,2010,999999,1,4,0,,
21720,2010,999999,1,5,0,,
21720,2010,999999,1,6,250654,708.5,54.15
21720,2010,999999,1,7,361199,706.9,52
21720,2010,999999,1,8,760441,779.89,42.36
21720,2010,999999,1,9,403528,794.88,32.78
21720,2010,999999,1,10,237420,788.91,82
21720,2010,999999,1,11,97739,797.02,42.07
21720,2010,999999,1,12,0,,
21720,2010,999999,2,-9,392927,484.13,184.37
21720,2010,999999,2,1,492779,226.56,48.12
21720,2010,999999,2,2,541731,264.34,40.51
21720,2010,999999,2,3,77925,397.41,14.67
21720,2010,999999,2,4,31222,510,0
21720,2010,999999,2,5,147208,632.21,16.44
21720,2010,999999,2,6,425983,711.3,55.02
21720,2010,999999,2,7,377310,795.93,46.48
21720,2010,999999,2,8,1043437,798.95,60.71
21720,2010,999999,2,9,328603,821.13,57.5
21720,2010,999999,2,10,52969,873.88,54.28
21720,2010,999999,3,-9,33185,50,0
21720,2010,999999,3,1,1593987,132.94,14.49
21720,2010,999999,3,2,0,,
21720,2010,999999,3,3,0,,
21720,2010,999999,3,4,0,,
21720,2010,999999,3,5,0,,
21720,2010,999999,3,6,0,,
21720,2010,999999,3,7,0,,
21720,2010,999999,3,8,0,,
21720,2010,999999,3,9,0,,
21720,2010,999999,3,10,0,,
21720,2010,999999,3,11,0,,
21720,2010,999999,3,12,0,,
21720,2010,999999,9,-9,774801,464.3,215.55
21720,2010,999999,9,1,2183003,159.69,52.86
21720,2010,999999,9,2,1315079,275.13,40.6
21720,2010,999999,9,3,112577,410.52,23.14
21720,2010,999999,9,4,31222,510,0
21720,2010,999999,9,5,147208,632.21,16.44
21720,2010,999999,9,6,676637,710.26,54.72
21720,2010,999999,9,7,738509,752.39,66.39
21720,2010,999999,9,8,1803878,790.92,54.56
21720,2010,999999,9,9,732132,806.66,47.4
21720,2010,999999,9,10,290390,804.41,84.33
21720,2010,999999,9,11,97739,797.02,42.07
21720,2010,999999,9,12,0,,
