"","Year","Peel","SSB","SSB_sd","Totbio","Totbio_sd","Rec","Rec_sd","run"
"1",1954,0,965.158,125.231,2484.65,150.51,1.94993,0.302026,"yfs_retro"
"2",1955,0,974.459,118.628,2451.51,135.354,1.38866,0.358587,"yfs_retro"
"3",1956,0,965.754,110.28,2408.74,118.694,0.951048,0.21466,"yfs_retro"
"4",1957,0,941.927,101.091,2356.3,101.17,3.22487,0.360685,"yfs_retro"
"5",1958,0,906.162,91.643,2315.22,83.508,2.35051,0.189741,"yfs_retro"
"6",1959,0,832.051,80.3595,2268.91,66.9271,1.81088,0.132573,"yfs_retro"
"7",1960,0,652.714,63.4862,2090.6,52.5558,1.71342,0.122191,"yfs_retro"
"8",1961,0,361.924,44.4858,1649.19,38.3599,0.991699,0.0923027,"yfs_retro"
"9",1962,0,45.7095,21.9719,1140.42,24.7439,1.88664,0.125469,"yfs_retro"
"10",1963,0,11.8603,6.3099,801.564,16.2311,0.993851,0.0947979,"yfs_retro"
"11",1964,0,24.6204,8.90595,843.483,16.4884,0.920333,0.0889508,"yfs_retro"
"12",1965,0,48.3918,11.417,838.642,16.4293,1.19106,0.104112,"yfs_retro"
"13",1966,0,86.0209,13.4654,887.269,17.3219,1.21421,0.111661,"yfs_retro"
"14",1967,0,118.571,13.0219,876.553,17.9159,2.54748,0.175772,"yfs_retro"
"15",1968,0,139.155,12.5742,803.736,17.9078,3.89245,0.228124,"yfs_retro"
"16",1969,0,143.969,14.1444,838.578,19.7108,3.98456,0.235905,"yfs_retro"
"17",1970,0,113.134,9.29356,811.896,21.3468,5.25379,0.274496,"yfs_retro"
"18",1971,0,97.6957,7.05274,876.63,24.6442,5.8402,0.287899,"yfs_retro"
"19",1972,0,80.0979,6.66613,948.363,28.8037,4.59227,0.2477,"yfs_retro"
"20",1973,0,81.6196,7.21945,1203.68,34.7577,3.1814,0.197379,"yfs_retro"
"21",1974,0,90.6866,7.79174,1455.07,41.2423,4.27908,0.224891,"yfs_retro"
"22",1975,0,143.051,10.3837,1816.73,49.4961,5.02676,0.240132,"yfs_retro"
"23",1976,0,203.863,12.5575,2129.02,56.8596,3.30642,0.188317,"yfs_retro"
"24",1977,0,296.593,15.5959,2445.17,63.9194,4.16333,0.213705,"yfs_retro"
"25",1978,0,413.333,18.7956,2746.13,70.5373,2.72694,0.167584,"yfs_retro"
"26",1979,0,531.772,22.1104,2911.62,76.0391,1.74233,0.131091,"yfs_retro"
"27",1980,0,663.688,25.5796,3099.08,81.0066,3.37191,0.185276,"yfs_retro"
"28",1981,0,785.482,28.8775,3270.07,85.2298,2.51542,0.157599,"yfs_retro"
"29",1982,0,853.817,30.3351,3387.39,87.2945,7.2899,0.294529,"yfs_retro"
"30",1983,0,956.448,32.7034,3366.06,87.9943,1.34937,0.11289,"yfs_retro"
"31",1984,0,1037.19,34.4489,3597.53,93.7199,6.03681,0.260114,"yfs_retro"
"32",1985,0,1085.28,36.3109,3610.28,96.7305,2.08803,0.139733,"yfs_retro"
"33",1986,0,1072.29,37.061,3322.84,93.812,1.6038,0.119642,"yfs_retro"
"34",1987,0,1066.03,38.2882,3286.43,96.2225,2.19146,0.139631,"yfs_retro"
"35",1988,0,1008.21,37.8333,3191.39,96.2265,3.00491,0.166514,"yfs_retro"
"36",1989,0,981.091,38.46,3253.77,101.018,3.00665,0.166024,"yfs_retro"
"37",1990,0,992.275,38.9956,3118.97,99.3842,1.50318,0.112241,"yfs_retro"
"38",1991,0,1073.95,40.8247,3241.29,102.608,1.69057,0.1206,"yfs_retro"
"39",1992,0,1157.28,42.8702,3454.78,108.171,3.75504,0.194219,"yfs_retro"
"40",1993,0,1193.07,44.4143,3492.62,111.039,2.24147,0.143787,"yfs_retro"
"41",1994,0,1196.39,44.6169,3538.37,112.606,1.89179,0.131108,"yfs_retro"
"42",1995,0,1195.78,45.1612,3308.44,108.756,1.90407,0.131874,"yfs_retro"
"43",1996,0,1129.02,43.5523,3225.53,107.199,4.69665,0.226388,"yfs_retro"
"44",1997,0,1092.73,43.0576,3244.38,108.72,2.02933,0.136452,"yfs_retro"
"45",1998,0,1028.33,41.7323,2966.15,103.367,1.68411,0.121792,"yfs_retro"
"46",1999,0,1020.41,41.6128,2777.97,99.0144,2.06347,0.134772,"yfs_retro"
"47",2000,0,1007.34,41.294,2828.02,99.2569,2.89069,0.163908,"yfs_retro"
"48",2001,0,1003.53,40.9992,2751.65,97.331,1.87124,0.128846,"yfs_retro"
"49",2002,0,1002.12,40.7879,2793.39,97.5853,2.53639,0.156729,"yfs_retro"
"50",2003,0,1011.58,40.6868,3010.24,103.154,2.44556,0.156505,"yfs_retro"
"51",2004,0,1043.25,41.311,3222.04,108.976,3.81271,0.211775,"yfs_retro"
"52",2005,0,1059.98,41.6203,3326.66,111.979,1.68788,0.132496,"yfs_retro"
"53",2006,0,1081.37,42.4579,3299.88,112.236,1.92906,0.1516,"yfs_retro"
"54",2007,0,1087.17,43.0604,3295.22,113.786,2.3986,0.18453,"yfs_retro"
"55",2008,0,1062.84,43.0597,3144.84,111.689,2.2239,0.186737,"yfs_retro"
"56",2009,0,1027.08,42.6227,2961.96,108.8,2.59427,0.221578,"yfs_retro"
"57",2010,0,1002.26,42.3084,2991.29,111.189,3.69835,0.315401,"yfs_retro"
"58",2011,0,978.89,41.974,2997.54,113.581,1.26049,0.174601,"yfs_retro"
"59",2012,0,959.962,42.1801,2946.94,115.458,0.671084,0.137092,"yfs_retro"
"60",2013,0,947.229,42.875,2862.24,116.365,1.75547,0.292791,"yfs_retro"
"61",2014,0,901.37,42.9264,2637.93,112.885,2.64331,0.518386,"yfs_retro"
"62",2015,0,888.472,44.1982,2630.7,118.165,3.92014,1.03275,"yfs_retro"
"63",2016,0,884.057,45.6318,2754.15,129.367,3.02667,1.50122,"yfs_retro"
"64",2017,0,859.657,46.3463,2672.27,133.529,2.13396,1.41784,"yfs_retro"
"65",2018,0,855.966,48.0858,2748.76,150.23,2.33455,1.65124,"yfs_retro"
"66",2019,0,867.221,50.7065,2786.33,170.424,2.35635,1.68038,"yfs_retro"
"67",1954,1,965.158,125.231,2484.65,150.51,1.94993,0.302026,"yfs_retro"
"68",1955,1,974.459,118.628,2451.51,135.354,1.38866,0.358587,"yfs_retro"
"69",1956,1,965.754,110.28,2408.74,118.694,0.951048,0.21466,"yfs_retro"
"70",1957,1,941.927,101.091,2356.3,101.17,3.22487,0.360685,"yfs_retro"
"71",1958,1,906.162,91.643,2315.22,83.508,2.35051,0.189741,"yfs_retro"
"72",1959,1,832.051,80.3595,2268.91,66.9271,1.81088,0.132573,"yfs_retro"
"73",1960,1,652.714,63.4862,2090.6,52.5558,1.71342,0.122191,"yfs_retro"
"74",1961,1,361.924,44.4858,1649.19,38.3599,0.991699,0.0923027,"yfs_retro"
"75",1962,1,45.7095,21.9719,1140.42,24.7439,1.88664,0.125469,"yfs_retro"
"76",1963,1,11.8603,6.3099,801.564,16.2311,0.993851,0.0947979,"yfs_retro"
"77",1964,1,24.6204,8.90595,843.483,16.4884,0.920333,0.0889508,"yfs_retro"
"78",1965,1,48.3918,11.417,838.642,16.4293,1.19106,0.104112,"yfs_retro"
"79",1966,1,86.0209,13.4654,887.269,17.3219,1.21421,0.111661,"yfs_retro"
"80",1967,1,118.571,13.0219,876.553,17.9159,2.54748,0.175772,"yfs_retro"
"81",1968,1,139.155,12.5742,803.736,17.9078,3.89245,0.228124,"yfs_retro"
"82",1969,1,143.969,14.1444,838.578,19.7108,3.98456,0.235905,"yfs_retro"
"83",1970,1,113.134,9.29356,811.896,21.3468,5.25379,0.274496,"yfs_retro"
"84",1971,1,97.6957,7.05274,876.63,24.6442,5.8402,0.287899,"yfs_retro"
"85",1972,1,80.0979,6.66613,948.363,28.8037,4.59227,0.2477,"yfs_retro"
"86",1973,1,81.6196,7.21945,1203.68,34.7577,3.1814,0.197379,"yfs_retro"
"87",1974,1,90.6866,7.79174,1455.07,41.2423,4.27908,0.224891,"yfs_retro"
"88",1975,1,143.051,10.3837,1816.73,49.4961,5.02676,0.240132,"yfs_retro"
"89",1976,1,203.863,12.5575,2129.02,56.8596,3.30642,0.188317,"yfs_retro"
"90",1977,1,296.593,15.5959,2445.17,63.9194,4.16333,0.213705,"yfs_retro"
"91",1978,1,413.333,18.7956,2746.13,70.5373,2.72694,0.167584,"yfs_retro"
"92",1979,1,531.772,22.1104,2911.62,76.0391,1.74233,0.131091,"yfs_retro"
"93",1980,1,663.688,25.5796,3099.08,81.0066,3.37191,0.185276,"yfs_retro"
"94",1981,1,785.482,28.8775,3270.07,85.2298,2.51542,0.157599,"yfs_retro"
"95",1982,1,853.817,30.3351,3387.39,87.2945,7.2899,0.294529,"yfs_retro"
"96",1983,1,956.448,32.7034,3366.06,87.9943,1.34937,0.11289,"yfs_retro"
"97",1984,1,1037.19,34.4489,3597.53,93.7199,6.03681,0.260114,"yfs_retro"
"98",1985,1,1085.28,36.3109,3610.28,96.7305,2.08803,0.139733,"yfs_retro"
"99",1986,1,1072.29,37.061,3322.84,93.812,1.6038,0.119642,"yfs_retro"
"100",1987,1,1066.03,38.2882,3286.43,96.2225,2.19146,0.139631,"yfs_retro"
"101",1988,1,1008.21,37.8333,3191.39,96.2265,3.00491,0.166514,"yfs_retro"
"102",1989,1,981.091,38.46,3253.77,101.018,3.00665,0.166024,"yfs_retro"
"103",1990,1,992.275,38.9956,3118.97,99.3842,1.50318,0.112241,"yfs_retro"
"104",1991,1,1073.95,40.8247,3241.29,102.608,1.69057,0.1206,"yfs_retro"
"105",1992,1,1157.28,42.8702,3454.78,108.171,3.75504,0.194219,"yfs_retro"
"106",1993,1,1193.07,44.4143,3492.62,111.039,2.24147,0.143787,"yfs_retro"
"107",1994,1,1196.39,44.6169,3538.37,112.606,1.89179,0.131108,"yfs_retro"
"108",1995,1,1195.78,45.1612,3308.44,108.756,1.90407,0.131874,"yfs_retro"
"109",1996,1,1129.02,43.5523,3225.53,107.199,4.69665,0.226388,"yfs_retro"
"110",1997,1,1092.73,43.0576,3244.38,108.72,2.02933,0.136452,"yfs_retro"
"111",1998,1,1028.33,41.7323,2966.15,103.367,1.68411,0.121792,"yfs_retro"
"112",1999,1,1020.41,41.6128,2777.97,99.0144,2.06347,0.134772,"yfs_retro"
"113",2000,1,1007.34,41.294,2828.02,99.2569,2.89069,0.163908,"yfs_retro"
"114",2001,1,1003.53,40.9992,2751.65,97.331,1.87124,0.128846,"yfs_retro"
"115",2002,1,1002.12,40.7879,2793.39,97.5853,2.53639,0.156729,"yfs_retro"
"116",2003,1,1011.58,40.6868,3010.24,103.154,2.44556,0.156505,"yfs_retro"
"117",2004,1,1043.25,41.311,3222.04,108.976,3.81271,0.211775,"yfs_retro"
"118",2005,1,1059.98,41.6203,3326.66,111.979,1.68788,0.132496,"yfs_retro"
"119",2006,1,1081.37,42.4579,3299.88,112.236,1.92906,0.1516,"yfs_retro"
"120",2007,1,1087.17,43.0604,3295.22,113.786,2.3986,0.18453,"yfs_retro"
"121",2008,1,1062.84,43.0597,3144.84,111.689,2.2239,0.186737,"yfs_retro"
"122",2009,1,1027.08,42.6227,2961.96,108.8,2.59427,0.221578,"yfs_retro"
"123",2010,1,1002.26,42.3084,2991.29,111.189,3.69835,0.315401,"yfs_retro"
"124",2011,1,978.89,41.974,2997.54,113.581,1.26049,0.174601,"yfs_retro"
"125",2012,1,959.962,42.1801,2946.94,115.458,0.671084,0.137092,"yfs_retro"
"126",2013,1,947.229,42.875,2862.24,116.365,1.75547,0.292791,"yfs_retro"
"127",2014,1,901.37,42.9264,2637.93,112.885,2.64331,0.518386,"yfs_retro"
"128",2015,1,888.472,44.1982,2630.7,118.165,3.92014,1.03275,"yfs_retro"
"129",2016,1,884.057,45.6318,2754.15,129.367,3.02667,1.50122,"yfs_retro"
"130",2017,1,859.657,46.3463,2672.27,133.529,2.13396,1.41784,"yfs_retro"
"131",2018,1,855.966,48.0858,2748.76,150.23,2.33455,1.65124,"yfs_retro"
"132",2019,1,867.221,50.7065,2786.33,170.424,2.35635,1.68038,"yfs_retro"
"133",1954,2,965.158,125.231,2484.65,150.51,1.94993,0.302026,"yfs_retro"
"134",1955,2,974.459,118.628,2451.51,135.354,1.38866,0.358587,"yfs_retro"
"135",1956,2,965.754,110.28,2408.74,118.694,0.951048,0.21466,"yfs_retro"
"136",1957,2,941.927,101.091,2356.3,101.17,3.22487,0.360685,"yfs_retro"
"137",1958,2,906.162,91.643,2315.22,83.508,2.35051,0.189741,"yfs_retro"
"138",1959,2,832.051,80.3595,2268.91,66.9271,1.81088,0.132573,"yfs_retro"
"139",1960,2,652.714,63.4862,2090.6,52.5558,1.71342,0.122191,"yfs_retro"
"140",1961,2,361.924,44.4858,1649.19,38.3599,0.991699,0.0923027,"yfs_retro"
"141",1962,2,45.7095,21.9719,1140.42,24.7439,1.88664,0.125469,"yfs_retro"
"142",1963,2,11.8603,6.3099,801.564,16.2311,0.993851,0.0947979,"yfs_retro"
"143",1964,2,24.6204,8.90595,843.483,16.4884,0.920333,0.0889508,"yfs_retro"
"144",1965,2,48.3918,11.417,838.642,16.4293,1.19106,0.104112,"yfs_retro"
"145",1966,2,86.0209,13.4654,887.269,17.3219,1.21421,0.111661,"yfs_retro"
"146",1967,2,118.571,13.0219,876.553,17.9159,2.54748,0.175772,"yfs_retro"
"147",1968,2,139.155,12.5742,803.736,17.9078,3.89245,0.228124,"yfs_retro"
"148",1969,2,143.969,14.1444,838.578,19.7108,3.98456,0.235905,"yfs_retro"
"149",1970,2,113.134,9.29356,811.896,21.3468,5.25379,0.274496,"yfs_retro"
"150",1971,2,97.6957,7.05274,876.63,24.6442,5.8402,0.287899,"yfs_retro"
"151",1972,2,80.0979,6.66613,948.363,28.8037,4.59227,0.2477,"yfs_retro"
"152",1973,2,81.6196,7.21945,1203.68,34.7577,3.1814,0.197379,"yfs_retro"
"153",1974,2,90.6866,7.79174,1455.07,41.2423,4.27908,0.224891,"yfs_retro"
"154",1975,2,143.051,10.3837,1816.73,49.4961,5.02676,0.240132,"yfs_retro"
"155",1976,2,203.863,12.5575,2129.02,56.8596,3.30642,0.188317,"yfs_retro"
"156",1977,2,296.593,15.5959,2445.17,63.9194,4.16333,0.213705,"yfs_retro"
"157",1978,2,413.333,18.7956,2746.13,70.5373,2.72694,0.167584,"yfs_retro"
"158",1979,2,531.772,22.1104,2911.62,76.0391,1.74233,0.131091,"yfs_retro"
"159",1980,2,663.688,25.5796,3099.08,81.0066,3.37191,0.185276,"yfs_retro"
"160",1981,2,785.482,28.8775,3270.07,85.2298,2.51542,0.157599,"yfs_retro"
"161",1982,2,853.817,30.3351,3387.39,87.2945,7.2899,0.294529,"yfs_retro"
"162",1983,2,956.448,32.7034,3366.06,87.9943,1.34937,0.11289,"yfs_retro"
"163",1984,2,1037.19,34.4489,3597.53,93.7199,6.03681,0.260114,"yfs_retro"
"164",1985,2,1085.28,36.3109,3610.28,96.7305,2.08803,0.139733,"yfs_retro"
"165",1986,2,1072.29,37.061,3322.84,93.812,1.6038,0.119642,"yfs_retro"
"166",1987,2,1066.03,38.2882,3286.43,96.2225,2.19146,0.139631,"yfs_retro"
"167",1988,2,1008.21,37.8333,3191.39,96.2265,3.00491,0.166514,"yfs_retro"
"168",1989,2,981.091,38.46,3253.77,101.018,3.00665,0.166024,"yfs_retro"
"169",1990,2,992.275,38.9956,3118.97,99.3842,1.50318,0.112241,"yfs_retro"
"170",1991,2,1073.95,40.8247,3241.29,102.608,1.69057,0.1206,"yfs_retro"
"171",1992,2,1157.28,42.8702,3454.78,108.171,3.75504,0.194219,"yfs_retro"
"172",1993,2,1193.07,44.4143,3492.62,111.039,2.24147,0.143787,"yfs_retro"
"173",1994,2,1196.39,44.6169,3538.37,112.606,1.89179,0.131108,"yfs_retro"
"174",1995,2,1195.78,45.1612,3308.44,108.756,1.90407,0.131874,"yfs_retro"
"175",1996,2,1129.02,43.5523,3225.53,107.199,4.69665,0.226388,"yfs_retro"
"176",1997,2,1092.73,43.0576,3244.38,108.72,2.02933,0.136452,"yfs_retro"
"177",1998,2,1028.33,41.7323,2966.15,103.367,1.68411,0.121792,"yfs_retro"
"178",1999,2,1020.41,41.6128,2777.97,99.0144,2.06347,0.134772,"yfs_retro"
"179",2000,2,1007.34,41.294,2828.02,99.2569,2.89069,0.163908,"yfs_retro"
"180",2001,2,1003.53,40.9992,2751.65,97.331,1.87124,0.128846,"yfs_retro"
"181",2002,2,1002.12,40.7879,2793.39,97.5853,2.53639,0.156729,"yfs_retro"
"182",2003,2,1011.58,40.6868,3010.24,103.154,2.44556,0.156505,"yfs_retro"
"183",2004,2,1043.25,41.311,3222.04,108.976,3.81271,0.211775,"yfs_retro"
"184",2005,2,1059.98,41.6203,3326.66,111.979,1.68788,0.132496,"yfs_retro"
"185",2006,2,1081.37,42.4579,3299.88,112.236,1.92906,0.1516,"yfs_retro"
"186",2007,2,1087.17,43.0604,3295.22,113.786,2.3986,0.18453,"yfs_retro"
"187",2008,2,1062.84,43.0597,3144.84,111.689,2.2239,0.186737,"yfs_retro"
"188",2009,2,1027.08,42.6227,2961.96,108.8,2.59427,0.221578,"yfs_retro"
"189",2010,2,1002.26,42.3084,2991.29,111.189,3.69835,0.315401,"yfs_retro"
"190",2011,2,978.89,41.974,2997.54,113.581,1.26049,0.174601,"yfs_retro"
"191",2012,2,959.962,42.1801,2946.94,115.458,0.671084,0.137092,"yfs_retro"
"192",2013,2,947.229,42.875,2862.24,116.365,1.75547,0.292791,"yfs_retro"
"193",2014,2,901.37,42.9264,2637.93,112.885,2.64331,0.518386,"yfs_retro"
"194",2015,2,888.472,44.1982,2630.7,118.165,3.92014,1.03275,"yfs_retro"
"195",2016,2,884.057,45.6318,2754.15,129.367,3.02667,1.50122,"yfs_retro"
"196",2017,2,859.657,46.3463,2672.27,133.529,2.13396,1.41784,"yfs_retro"
"197",2018,2,855.966,48.0858,2748.76,150.23,2.33455,1.65124,"yfs_retro"
"198",2019,2,867.221,50.7065,2786.33,170.424,2.35635,1.68038,"yfs_retro"
"199",1954,3,965.158,125.231,2484.65,150.51,1.94993,0.302026,"yfs_retro"
"200",1955,3,974.459,118.628,2451.51,135.354,1.38866,0.358587,"yfs_retro"
"201",1956,3,965.754,110.28,2408.74,118.694,0.951048,0.21466,"yfs_retro"
"202",1957,3,941.927,101.091,2356.3,101.17,3.22487,0.360685,"yfs_retro"
"203",1958,3,906.162,91.643,2315.22,83.508,2.35051,0.189741,"yfs_retro"
"204",1959,3,832.051,80.3595,2268.91,66.9271,1.81088,0.132573,"yfs_retro"
"205",1960,3,652.714,63.4862,2090.6,52.5558,1.71342,0.122191,"yfs_retro"
"206",1961,3,361.924,44.4858,1649.19,38.3599,0.991699,0.0923027,"yfs_retro"
"207",1962,3,45.7095,21.9719,1140.42,24.7439,1.88664,0.125469,"yfs_retro"
"208",1963,3,11.8603,6.3099,801.564,16.2311,0.993851,0.0947979,"yfs_retro"
"209",1964,3,24.6204,8.90595,843.483,16.4884,0.920333,0.0889508,"yfs_retro"
"210",1965,3,48.3918,11.417,838.642,16.4293,1.19106,0.104112,"yfs_retro"
"211",1966,3,86.0209,13.4654,887.269,17.3219,1.21421,0.111661,"yfs_retro"
"212",1967,3,118.571,13.0219,876.553,17.9159,2.54748,0.175772,"yfs_retro"
"213",1968,3,139.155,12.5742,803.736,17.9078,3.89245,0.228124,"yfs_retro"
"214",1969,3,143.969,14.1444,838.578,19.7108,3.98456,0.235905,"yfs_retro"
"215",1970,3,113.134,9.29356,811.896,21.3468,5.25379,0.274496,"yfs_retro"
"216",1971,3,97.6957,7.05274,876.63,24.6442,5.8402,0.287899,"yfs_retro"
"217",1972,3,80.0979,6.66613,948.363,28.8037,4.59227,0.2477,"yfs_retro"
"218",1973,3,81.6196,7.21945,1203.68,34.7577,3.1814,0.197379,"yfs_retro"
"219",1974,3,90.6866,7.79174,1455.07,41.2423,4.27908,0.224891,"yfs_retro"
"220",1975,3,143.051,10.3837,1816.73,49.4961,5.02676,0.240132,"yfs_retro"
"221",1976,3,203.863,12.5575,2129.02,56.8596,3.30642,0.188317,"yfs_retro"
"222",1977,3,296.593,15.5959,2445.17,63.9194,4.16333,0.213705,"yfs_retro"
"223",1978,3,413.333,18.7956,2746.13,70.5373,2.72694,0.167584,"yfs_retro"
"224",1979,3,531.772,22.1104,2911.62,76.0391,1.74233,0.131091,"yfs_retro"
"225",1980,3,663.688,25.5796,3099.08,81.0066,3.37191,0.185276,"yfs_retro"
"226",1981,3,785.482,28.8775,3270.07,85.2298,2.51542,0.157599,"yfs_retro"
"227",1982,3,853.817,30.3351,3387.39,87.2945,7.2899,0.294529,"yfs_retro"
"228",1983,3,956.448,32.7034,3366.06,87.9943,1.34937,0.11289,"yfs_retro"
"229",1984,3,1037.19,34.4489,3597.53,93.7199,6.03681,0.260114,"yfs_retro"
"230",1985,3,1085.28,36.3109,3610.28,96.7305,2.08803,0.139733,"yfs_retro"
"231",1986,3,1072.29,37.061,3322.84,93.812,1.6038,0.119642,"yfs_retro"
"232",1987,3,1066.03,38.2882,3286.43,96.2225,2.19146,0.139631,"yfs_retro"
"233",1988,3,1008.21,37.8333,3191.39,96.2265,3.00491,0.166514,"yfs_retro"
"234",1989,3,981.091,38.46,3253.77,101.018,3.00665,0.166024,"yfs_retro"
"235",1990,3,992.275,38.9956,3118.97,99.3842,1.50318,0.112241,"yfs_retro"
"236",1991,3,1073.95,40.8247,3241.29,102.608,1.69057,0.1206,"yfs_retro"
"237",1992,3,1157.28,42.8702,3454.78,108.171,3.75504,0.194219,"yfs_retro"
"238",1993,3,1193.07,44.4143,3492.62,111.039,2.24147,0.143787,"yfs_retro"
"239",1994,3,1196.39,44.6169,3538.37,112.606,1.89179,0.131108,"yfs_retro"
"240",1995,3,1195.78,45.1612,3308.44,108.756,1.90407,0.131874,"yfs_retro"
"241",1996,3,1129.02,43.5523,3225.53,107.199,4.69665,0.226388,"yfs_retro"
"242",1997,3,1092.73,43.0576,3244.38,108.72,2.02933,0.136452,"yfs_retro"
"243",1998,3,1028.33,41.7323,2966.15,103.367,1.68411,0.121792,"yfs_retro"
"244",1999,3,1020.41,41.6128,2777.97,99.0144,2.06347,0.134772,"yfs_retro"
"245",2000,3,1007.34,41.294,2828.02,99.2569,2.89069,0.163908,"yfs_retro"
"246",2001,3,1003.53,40.9992,2751.65,97.331,1.87124,0.128846,"yfs_retro"
"247",2002,3,1002.12,40.7879,2793.39,97.5853,2.53639,0.156729,"yfs_retro"
"248",2003,3,1011.58,40.6868,3010.24,103.154,2.44556,0.156505,"yfs_retro"
"249",2004,3,1043.25,41.311,3222.04,108.976,3.81271,0.211775,"yfs_retro"
"250",2005,3,1059.98,41.6203,3326.66,111.979,1.68788,0.132496,"yfs_retro"
"251",2006,3,1081.37,42.4579,3299.88,112.236,1.92906,0.1516,"yfs_retro"
"252",2007,3,1087.17,43.0604,3295.22,113.786,2.3986,0.18453,"yfs_retro"
"253",2008,3,1062.84,43.0597,3144.84,111.689,2.2239,0.186737,"yfs_retro"
"254",2009,3,1027.08,42.6227,2961.96,108.8,2.59427,0.221578,"yfs_retro"
"255",2010,3,1002.26,42.3084,2991.29,111.189,3.69835,0.315401,"yfs_retro"
"256",2011,3,978.89,41.974,2997.54,113.581,1.26049,0.174601,"yfs_retro"
"257",2012,3,959.962,42.1801,2946.94,115.458,0.671084,0.137092,"yfs_retro"
"258",2013,3,947.229,42.875,2862.24,116.365,1.75547,0.292791,"yfs_retro"
"259",2014,3,901.37,42.9264,2637.93,112.885,2.64331,0.518386,"yfs_retro"
"260",2015,3,888.472,44.1982,2630.7,118.165,3.92014,1.03275,"yfs_retro"
"261",2016,3,884.057,45.6318,2754.15,129.367,3.02667,1.50122,"yfs_retro"
"262",2017,3,859.657,46.3463,2672.27,133.529,2.13396,1.41784,"yfs_retro"
"263",2018,3,855.966,48.0858,2748.76,150.23,2.33455,1.65124,"yfs_retro"
"264",2019,3,867.221,50.7065,2786.33,170.424,2.35635,1.68038,"yfs_retro"
"265",1954,4,965.158,125.231,2484.65,150.51,1.94993,0.302026,"yfs_retro"
"266",1955,4,974.459,118.628,2451.51,135.354,1.38866,0.358587,"yfs_retro"
"267",1956,4,965.754,110.28,2408.74,118.694,0.951048,0.21466,"yfs_retro"
"268",1957,4,941.927,101.091,2356.3,101.17,3.22487,0.360685,"yfs_retro"
"269",1958,4,906.162,91.643,2315.22,83.508,2.35051,0.189741,"yfs_retro"
"270",1959,4,832.051,80.3595,2268.91,66.9271,1.81088,0.132573,"yfs_retro"
"271",1960,4,652.714,63.4862,2090.6,52.5558,1.71342,0.122191,"yfs_retro"
"272",1961,4,361.924,44.4858,1649.19,38.3599,0.991699,0.0923027,"yfs_retro"
"273",1962,4,45.7095,21.9719,1140.42,24.7439,1.88664,0.125469,"yfs_retro"
"274",1963,4,11.8603,6.3099,801.564,16.2311,0.993851,0.0947979,"yfs_retro"
"275",1964,4,24.6204,8.90595,843.483,16.4884,0.920333,0.0889508,"yfs_retro"
"276",1965,4,48.3918,11.417,838.642,16.4293,1.19106,0.104112,"yfs_retro"
"277",1966,4,86.0209,13.4654,887.269,17.3219,1.21421,0.111661,"yfs_retro"
"278",1967,4,118.571,13.0219,876.553,17.9159,2.54748,0.175772,"yfs_retro"
"279",1968,4,139.155,12.5742,803.736,17.9078,3.89245,0.228124,"yfs_retro"
"280",1969,4,143.969,14.1444,838.578,19.7108,3.98456,0.235905,"yfs_retro"
"281",1970,4,113.134,9.29356,811.896,21.3468,5.25379,0.274496,"yfs_retro"
"282",1971,4,97.6957,7.05274,876.63,24.6442,5.8402,0.287899,"yfs_retro"
"283",1972,4,80.0979,6.66613,948.363,28.8037,4.59227,0.2477,"yfs_retro"
"284",1973,4,81.6196,7.21945,1203.68,34.7577,3.1814,0.197379,"yfs_retro"
"285",1974,4,90.6866,7.79174,1455.07,41.2423,4.27908,0.224891,"yfs_retro"
"286",1975,4,143.051,10.3837,1816.73,49.4961,5.02676,0.240132,"yfs_retro"
"287",1976,4,203.863,12.5575,2129.02,56.8596,3.30642,0.188317,"yfs_retro"
"288",1977,4,296.593,15.5959,2445.17,63.9194,4.16333,0.213705,"yfs_retro"
"289",1978,4,413.333,18.7956,2746.13,70.5373,2.72694,0.167584,"yfs_retro"
"290",1979,4,531.772,22.1104,2911.62,76.0391,1.74233,0.131091,"yfs_retro"
"291",1980,4,663.688,25.5796,3099.08,81.0066,3.37191,0.185276,"yfs_retro"
"292",1981,4,785.482,28.8775,3270.07,85.2298,2.51542,0.157599,"yfs_retro"
"293",1982,4,853.817,30.3351,3387.39,87.2945,7.2899,0.294529,"yfs_retro"
"294",1983,4,956.448,32.7034,3366.06,87.9943,1.34937,0.11289,"yfs_retro"
"295",1984,4,1037.19,34.4489,3597.53,93.7199,6.03681,0.260114,"yfs_retro"
"296",1985,4,1085.28,36.3109,3610.28,96.7305,2.08803,0.139733,"yfs_retro"
"297",1986,4,1072.29,37.061,3322.84,93.812,1.6038,0.119642,"yfs_retro"
"298",1987,4,1066.03,38.2882,3286.43,96.2225,2.19146,0.139631,"yfs_retro"
"299",1988,4,1008.21,37.8333,3191.39,96.2265,3.00491,0.166514,"yfs_retro"
"300",1989,4,981.091,38.46,3253.77,101.018,3.00665,0.166024,"yfs_retro"
"301",1990,4,992.275,38.9956,3118.97,99.3842,1.50318,0.112241,"yfs_retro"
"302",1991,4,1073.95,40.8247,3241.29,102.608,1.69057,0.1206,"yfs_retro"
"303",1992,4,1157.28,42.8702,3454.78,108.171,3.75504,0.194219,"yfs_retro"
"304",1993,4,1193.07,44.4143,3492.62,111.039,2.24147,0.143787,"yfs_retro"
"305",1994,4,1196.39,44.6169,3538.37,112.606,1.89179,0.131108,"yfs_retro"
"306",1995,4,1195.78,45.1612,3308.44,108.756,1.90407,0.131874,"yfs_retro"
"307",1996,4,1129.02,43.5523,3225.53,107.199,4.69665,0.226388,"yfs_retro"
"308",1997,4,1092.73,43.0576,3244.38,108.72,2.02933,0.136452,"yfs_retro"
"309",1998,4,1028.33,41.7323,2966.15,103.367,1.68411,0.121792,"yfs_retro"
"310",1999,4,1020.41,41.6128,2777.97,99.0144,2.06347,0.134772,"yfs_retro"
"311",2000,4,1007.34,41.294,2828.02,99.2569,2.89069,0.163908,"yfs_retro"
"312",2001,4,1003.53,40.9992,2751.65,97.331,1.87124,0.128846,"yfs_retro"
"313",2002,4,1002.12,40.7879,2793.39,97.5853,2.53639,0.156729,"yfs_retro"
"314",2003,4,1011.58,40.6868,3010.24,103.154,2.44556,0.156505,"yfs_retro"
"315",2004,4,1043.25,41.311,3222.04,108.976,3.81271,0.211775,"yfs_retro"
"316",2005,4,1059.98,41.6203,3326.66,111.979,1.68788,0.132496,"yfs_retro"
"317",2006,4,1081.37,42.4579,3299.88,112.236,1.92906,0.1516,"yfs_retro"
"318",2007,4,1087.17,43.0604,3295.22,113.786,2.3986,0.18453,"yfs_retro"
"319",2008,4,1062.84,43.0597,3144.84,111.689,2.2239,0.186737,"yfs_retro"
"320",2009,4,1027.08,42.6227,2961.96,108.8,2.59427,0.221578,"yfs_retro"
"321",2010,4,1002.26,42.3084,2991.29,111.189,3.69835,0.315401,"yfs_retro"
"322",2011,4,978.89,41.974,2997.54,113.581,1.26049,0.174601,"yfs_retro"
"323",2012,4,959.962,42.1801,2946.94,115.458,0.671084,0.137092,"yfs_retro"
"324",2013,4,947.229,42.875,2862.24,116.365,1.75547,0.292791,"yfs_retro"
"325",2014,4,901.37,42.9264,2637.93,112.885,2.64331,0.518386,"yfs_retro"
"326",2015,4,888.472,44.1982,2630.7,118.165,3.92014,1.03275,"yfs_retro"
"327",2016,4,884.057,45.6318,2754.15,129.367,3.02667,1.50122,"yfs_retro"
"328",2017,4,859.657,46.3463,2672.27,133.529,2.13396,1.41784,"yfs_retro"
"329",2018,4,855.966,48.0858,2748.76,150.23,2.33455,1.65124,"yfs_retro"
"330",2019,4,867.221,50.7065,2786.33,170.424,2.35635,1.68038,"yfs_retro"
"331",1954,5,965.158,125.231,2484.65,150.51,1.94993,0.302026,"yfs_retro"
"332",1955,5,974.459,118.628,2451.51,135.354,1.38866,0.358587,"yfs_retro"
"333",1956,5,965.754,110.28,2408.74,118.694,0.951048,0.21466,"yfs_retro"
"334",1957,5,941.927,101.091,2356.3,101.17,3.22487,0.360685,"yfs_retro"
"335",1958,5,906.162,91.643,2315.22,83.508,2.35051,0.189741,"yfs_retro"
"336",1959,5,832.051,80.3595,2268.91,66.9271,1.81088,0.132573,"yfs_retro"
"337",1960,5,652.714,63.4862,2090.6,52.5558,1.71342,0.122191,"yfs_retro"
"338",1961,5,361.924,44.4858,1649.19,38.3599,0.991699,0.0923027,"yfs_retro"
"339",1962,5,45.7095,21.9719,1140.42,24.7439,1.88664,0.125469,"yfs_retro"
"340",1963,5,11.8603,6.3099,801.564,16.2311,0.993851,0.0947979,"yfs_retro"
"341",1964,5,24.6204,8.90595,843.483,16.4884,0.920333,0.0889508,"yfs_retro"
"342",1965,5,48.3918,11.417,838.642,16.4293,1.19106,0.104112,"yfs_retro"
"343",1966,5,86.0209,13.4654,887.269,17.3219,1.21421,0.111661,"yfs_retro"
"344",1967,5,118.571,13.0219,876.553,17.9159,2.54748,0.175772,"yfs_retro"
"345",1968,5,139.155,12.5742,803.736,17.9078,3.89245,0.228124,"yfs_retro"
"346",1969,5,143.969,14.1444,838.578,19.7108,3.98456,0.235905,"yfs_retro"
"347",1970,5,113.134,9.29356,811.896,21.3468,5.25379,0.274496,"yfs_retro"
"348",1971,5,97.6957,7.05274,876.63,24.6442,5.8402,0.287899,"yfs_retro"
"349",1972,5,80.0979,6.66613,948.363,28.8037,4.59227,0.2477,"yfs_retro"
"350",1973,5,81.6196,7.21945,1203.68,34.7577,3.1814,0.197379,"yfs_retro"
"351",1974,5,90.6866,7.79174,1455.07,41.2423,4.27908,0.224891,"yfs_retro"
"352",1975,5,143.051,10.3837,1816.73,49.4961,5.02676,0.240132,"yfs_retro"
"353",1976,5,203.863,12.5575,2129.02,56.8596,3.30642,0.188317,"yfs_retro"
"354",1977,5,296.593,15.5959,2445.17,63.9194,4.16333,0.213705,"yfs_retro"
"355",1978,5,413.333,18.7956,2746.13,70.5373,2.72694,0.167584,"yfs_retro"
"356",1979,5,531.772,22.1104,2911.62,76.0391,1.74233,0.131091,"yfs_retro"
"357",1980,5,663.688,25.5796,3099.08,81.0066,3.37191,0.185276,"yfs_retro"
"358",1981,5,785.482,28.8775,3270.07,85.2298,2.51542,0.157599,"yfs_retro"
"359",1982,5,853.817,30.3351,3387.39,87.2945,7.2899,0.294529,"yfs_retro"
"360",1983,5,956.448,32.7034,3366.06,87.9943,1.34937,0.11289,"yfs_retro"
"361",1984,5,1037.19,34.4489,3597.53,93.7199,6.03681,0.260114,"yfs_retro"
"362",1985,5,1085.28,36.3109,3610.28,96.7305,2.08803,0.139733,"yfs_retro"
"363",1986,5,1072.29,37.061,3322.84,93.812,1.6038,0.119642,"yfs_retro"
"364",1987,5,1066.03,38.2882,3286.43,96.2225,2.19146,0.139631,"yfs_retro"
"365",1988,5,1008.21,37.8333,3191.39,96.2265,3.00491,0.166514,"yfs_retro"
"366",1989,5,981.091,38.46,3253.77,101.018,3.00665,0.166024,"yfs_retro"
"367",1990,5,992.275,38.9956,3118.97,99.3842,1.50318,0.112241,"yfs_retro"
"368",1991,5,1073.95,40.8247,3241.29,102.608,1.69057,0.1206,"yfs_retro"
"369",1992,5,1157.28,42.8702,3454.78,108.171,3.75504,0.194219,"yfs_retro"
"370",1993,5,1193.07,44.4143,3492.62,111.039,2.24147,0.143787,"yfs_retro"
"371",1994,5,1196.39,44.6169,3538.37,112.606,1.89179,0.131108,"yfs_retro"
"372",1995,5,1195.78,45.1612,3308.44,108.756,1.90407,0.131874,"yfs_retro"
"373",1996,5,1129.02,43.5523,3225.53,107.199,4.69665,0.226388,"yfs_retro"
"374",1997,5,1092.73,43.0576,3244.38,108.72,2.02933,0.136452,"yfs_retro"
"375",1998,5,1028.33,41.7323,2966.15,103.367,1.68411,0.121792,"yfs_retro"
"376",1999,5,1020.41,41.6128,2777.97,99.0144,2.06347,0.134772,"yfs_retro"
"377",2000,5,1007.34,41.294,2828.02,99.2569,2.89069,0.163908,"yfs_retro"
"378",2001,5,1003.53,40.9992,2751.65,97.331,1.87124,0.128846,"yfs_retro"
"379",2002,5,1002.12,40.7879,2793.39,97.5853,2.53639,0.156729,"yfs_retro"
"380",2003,5,1011.58,40.6868,3010.24,103.154,2.44556,0.156505,"yfs_retro"
"381",2004,5,1043.25,41.311,3222.04,108.976,3.81271,0.211775,"yfs_retro"
"382",2005,5,1059.98,41.6203,3326.66,111.979,1.68788,0.132496,"yfs_retro"
"383",2006,5,1081.37,42.4579,3299.88,112.236,1.92906,0.1516,"yfs_retro"
"384",2007,5,1087.17,43.0604,3295.22,113.786,2.3986,0.18453,"yfs_retro"
"385",2008,5,1062.84,43.0597,3144.84,111.689,2.2239,0.186737,"yfs_retro"
"386",2009,5,1027.08,42.6227,2961.96,108.8,2.59427,0.221578,"yfs_retro"
"387",2010,5,1002.26,42.3084,2991.29,111.189,3.69835,0.315401,"yfs_retro"
"388",2011,5,978.89,41.974,2997.54,113.581,1.26049,0.174601,"yfs_retro"
"389",2012,5,959.962,42.1801,2946.94,115.458,0.671084,0.137092,"yfs_retro"
"390",2013,5,947.229,42.875,2862.24,116.365,1.75547,0.292791,"yfs_retro"
"391",2014,5,901.37,42.9264,2637.93,112.885,2.64331,0.518386,"yfs_retro"
"392",2015,5,888.472,44.1982,2630.7,118.165,3.92014,1.03275,"yfs_retro"
"393",2016,5,884.057,45.6318,2754.15,129.367,3.02667,1.50122,"yfs_retro"
"394",2017,5,859.657,46.3463,2672.27,133.529,2.13396,1.41784,"yfs_retro"
"395",2018,5,855.966,48.0858,2748.76,150.23,2.33455,1.65124,"yfs_retro"
"396",2019,5,867.221,50.7065,2786.33,170.424,2.35635,1.68038,"yfs_retro"
"397",1954,6,965.158,125.231,2484.65,150.51,1.94993,0.302026,"yfs_retro"
"398",1955,6,974.459,118.628,2451.51,135.354,1.38866,0.358587,"yfs_retro"
"399",1956,6,965.754,110.28,2408.74,118.694,0.951048,0.21466,"yfs_retro"
"400",1957,6,941.927,101.091,2356.3,101.17,3.22487,0.360685,"yfs_retro"
"401",1958,6,906.162,91.643,2315.22,83.508,2.35051,0.189741,"yfs_retro"
"402",1959,6,832.051,80.3595,2268.91,66.9271,1.81088,0.132573,"yfs_retro"
"403",1960,6,652.714,63.4862,2090.6,52.5558,1.71342,0.122191,"yfs_retro"
"404",1961,6,361.924,44.4858,1649.19,38.3599,0.991699,0.0923027,"yfs_retro"
"405",1962,6,45.7095,21.9719,1140.42,24.7439,1.88664,0.125469,"yfs_retro"
"406",1963,6,11.8603,6.3099,801.564,16.2311,0.993851,0.0947979,"yfs_retro"
"407",1964,6,24.6204,8.90595,843.483,16.4884,0.920333,0.0889508,"yfs_retro"
"408",1965,6,48.3918,11.417,838.642,16.4293,1.19106,0.104112,"yfs_retro"
"409",1966,6,86.0209,13.4654,887.269,17.3219,1.21421,0.111661,"yfs_retro"
"410",1967,6,118.571,13.0219,876.553,17.9159,2.54748,0.175772,"yfs_retro"
"411",1968,6,139.155,12.5742,803.736,17.9078,3.89245,0.228124,"yfs_retro"
"412",1969,6,143.969,14.1444,838.578,19.7108,3.98456,0.235905,"yfs_retro"
"413",1970,6,113.134,9.29356,811.896,21.3468,5.25379,0.274496,"yfs_retro"
"414",1971,6,97.6957,7.05274,876.63,24.6442,5.8402,0.287899,"yfs_retro"
"415",1972,6,80.0979,6.66613,948.363,28.8037,4.59227,0.2477,"yfs_retro"
"416",1973,6,81.6196,7.21945,1203.68,34.7577,3.1814,0.197379,"yfs_retro"
"417",1974,6,90.6866,7.79174,1455.07,41.2423,4.27908,0.224891,"yfs_retro"
"418",1975,6,143.051,10.3837,1816.73,49.4961,5.02676,0.240132,"yfs_retro"
"419",1976,6,203.863,12.5575,2129.02,56.8596,3.30642,0.188317,"yfs_retro"
"420",1977,6,296.593,15.5959,2445.17,63.9194,4.16333,0.213705,"yfs_retro"
"421",1978,6,413.333,18.7956,2746.13,70.5373,2.72694,0.167584,"yfs_retro"
"422",1979,6,531.772,22.1104,2911.62,76.0391,1.74233,0.131091,"yfs_retro"
"423",1980,6,663.688,25.5796,3099.08,81.0066,3.37191,0.185276,"yfs_retro"
"424",1981,6,785.482,28.8775,3270.07,85.2298,2.51542,0.157599,"yfs_retro"
"425",1982,6,853.817,30.3351,3387.39,87.2945,7.2899,0.294529,"yfs_retro"
"426",1983,6,956.448,32.7034,3366.06,87.9943,1.34937,0.11289,"yfs_retro"
"427",1984,6,1037.19,34.4489,3597.53,93.7199,6.03681,0.260114,"yfs_retro"
"428",1985,6,1085.28,36.3109,3610.28,96.7305,2.08803,0.139733,"yfs_retro"
"429",1986,6,1072.29,37.061,3322.84,93.812,1.6038,0.119642,"yfs_retro"
"430",1987,6,1066.03,38.2882,3286.43,96.2225,2.19146,0.139631,"yfs_retro"
"431",1988,6,1008.21,37.8333,3191.39,96.2265,3.00491,0.166514,"yfs_retro"
"432",1989,6,981.091,38.46,3253.77,101.018,3.00665,0.166024,"yfs_retro"
"433",1990,6,992.275,38.9956,3118.97,99.3842,1.50318,0.112241,"yfs_retro"
"434",1991,6,1073.95,40.8247,3241.29,102.608,1.69057,0.1206,"yfs_retro"
"435",1992,6,1157.28,42.8702,3454.78,108.171,3.75504,0.194219,"yfs_retro"
"436",1993,6,1193.07,44.4143,3492.62,111.039,2.24147,0.143787,"yfs_retro"
"437",1994,6,1196.39,44.6169,3538.37,112.606,1.89179,0.131108,"yfs_retro"
"438",1995,6,1195.78,45.1612,3308.44,108.756,1.90407,0.131874,"yfs_retro"
"439",1996,6,1129.02,43.5523,3225.53,107.199,4.69665,0.226388,"yfs_retro"
"440",1997,6,1092.73,43.0576,3244.38,108.72,2.02933,0.136452,"yfs_retro"
"441",1998,6,1028.33,41.7323,2966.15,103.367,1.68411,0.121792,"yfs_retro"
"442",1999,6,1020.41,41.6128,2777.97,99.0144,2.06347,0.134772,"yfs_retro"
"443",2000,6,1007.34,41.294,2828.02,99.2569,2.89069,0.163908,"yfs_retro"
"444",2001,6,1003.53,40.9992,2751.65,97.331,1.87124,0.128846,"yfs_retro"
"445",2002,6,1002.12,40.7879,2793.39,97.5853,2.53639,0.156729,"yfs_retro"
"446",2003,6,1011.58,40.6868,3010.24,103.154,2.44556,0.156505,"yfs_retro"
"447",2004,6,1043.25,41.311,3222.04,108.976,3.81271,0.211775,"yfs_retro"
"448",2005,6,1059.98,41.6203,3326.66,111.979,1.68788,0.132496,"yfs_retro"
"449",2006,6,1081.37,42.4579,3299.88,112.236,1.92906,0.1516,"yfs_retro"
"450",2007,6,1087.17,43.0604,3295.22,113.786,2.3986,0.18453,"yfs_retro"
"451",2008,6,1062.84,43.0597,3144.84,111.689,2.2239,0.186737,"yfs_retro"
"452",2009,6,1027.08,42.6227,2961.96,108.8,2.59427,0.221578,"yfs_retro"
"453",2010,6,1002.26,42.3084,2991.29,111.189,3.69835,0.315401,"yfs_retro"
"454",2011,6,978.89,41.974,2997.54,113.581,1.26049,0.174601,"yfs_retro"
"455",2012,6,959.962,42.1801,2946.94,115.458,0.671084,0.137092,"yfs_retro"
"456",2013,6,947.229,42.875,2862.24,116.365,1.75547,0.292791,"yfs_retro"
"457",2014,6,901.37,42.9264,2637.93,112.885,2.64331,0.518386,"yfs_retro"
"458",2015,6,888.472,44.1982,2630.7,118.165,3.92014,1.03275,"yfs_retro"
"459",2016,6,884.057,45.6318,2754.15,129.367,3.02667,1.50122,"yfs_retro"
"460",2017,6,859.657,46.3463,2672.27,133.529,2.13396,1.41784,"yfs_retro"
"461",2018,6,855.966,48.0858,2748.76,150.23,2.33455,1.65124,"yfs_retro"
"462",2019,6,867.221,50.7065,2786.33,170.424,2.35635,1.68038,"yfs_retro"
"463",1954,7,965.158,125.231,2484.65,150.51,1.94993,0.302026,"yfs_retro"
"464",1955,7,974.459,118.628,2451.51,135.354,1.38866,0.358587,"yfs_retro"
"465",1956,7,965.754,110.28,2408.74,118.694,0.951048,0.21466,"yfs_retro"
"466",1957,7,941.927,101.091,2356.3,101.17,3.22487,0.360685,"yfs_retro"
"467",1958,7,906.162,91.643,2315.22,83.508,2.35051,0.189741,"yfs_retro"
"468",1959,7,832.051,80.3595,2268.91,66.9271,1.81088,0.132573,"yfs_retro"
"469",1960,7,652.714,63.4862,2090.6,52.5558,1.71342,0.122191,"yfs_retro"
"470",1961,7,361.924,44.4858,1649.19,38.3599,0.991699,0.0923027,"yfs_retro"
"471",1962,7,45.7095,21.9719,1140.42,24.7439,1.88664,0.125469,"yfs_retro"
"472",1963,7,11.8603,6.3099,801.564,16.2311,0.993851,0.0947979,"yfs_retro"
"473",1964,7,24.6204,8.90595,843.483,16.4884,0.920333,0.0889508,"yfs_retro"
"474",1965,7,48.3918,11.417,838.642,16.4293,1.19106,0.104112,"yfs_retro"
"475",1966,7,86.0209,13.4654,887.269,17.3219,1.21421,0.111661,"yfs_retro"
"476",1967,7,118.571,13.0219,876.553,17.9159,2.54748,0.175772,"yfs_retro"
"477",1968,7,139.155,12.5742,803.736,17.9078,3.89245,0.228124,"yfs_retro"
"478",1969,7,143.969,14.1444,838.578,19.7108,3.98456,0.235905,"yfs_retro"
"479",1970,7,113.134,9.29356,811.896,21.3468,5.25379,0.274496,"yfs_retro"
"480",1971,7,97.6957,7.05274,876.63,24.6442,5.8402,0.287899,"yfs_retro"
"481",1972,7,80.0979,6.66613,948.363,28.8037,4.59227,0.2477,"yfs_retro"
"482",1973,7,81.6196,7.21945,1203.68,34.7577,3.1814,0.197379,"yfs_retro"
"483",1974,7,90.6866,7.79174,1455.07,41.2423,4.27908,0.224891,"yfs_retro"
"484",1975,7,143.051,10.3837,1816.73,49.4961,5.02676,0.240132,"yfs_retro"
"485",1976,7,203.863,12.5575,2129.02,56.8596,3.30642,0.188317,"yfs_retro"
"486",1977,7,296.593,15.5959,2445.17,63.9194,4.16333,0.213705,"yfs_retro"
"487",1978,7,413.333,18.7956,2746.13,70.5373,2.72694,0.167584,"yfs_retro"
"488",1979,7,531.772,22.1104,2911.62,76.0391,1.74233,0.131091,"yfs_retro"
"489",1980,7,663.688,25.5796,3099.08,81.0066,3.37191,0.185276,"yfs_retro"
"490",1981,7,785.482,28.8775,3270.07,85.2298,2.51542,0.157599,"yfs_retro"
"491",1982,7,853.817,30.3351,3387.39,87.2945,7.2899,0.294529,"yfs_retro"
"492",1983,7,956.448,32.7034,3366.06,87.9943,1.34937,0.11289,"yfs_retro"
"493",1984,7,1037.19,34.4489,3597.53,93.7199,6.03681,0.260114,"yfs_retro"
"494",1985,7,1085.28,36.3109,3610.28,96.7305,2.08803,0.139733,"yfs_retro"
"495",1986,7,1072.29,37.061,3322.84,93.812,1.6038,0.119642,"yfs_retro"
"496",1987,7,1066.03,38.2882,3286.43,96.2225,2.19146,0.139631,"yfs_retro"
"497",1988,7,1008.21,37.8333,3191.39,96.2265,3.00491,0.166514,"yfs_retro"
"498",1989,7,981.091,38.46,3253.77,101.018,3.00665,0.166024,"yfs_retro"
"499",1990,7,992.275,38.9956,3118.97,99.3842,1.50318,0.112241,"yfs_retro"
"500",1991,7,1073.95,40.8247,3241.29,102.608,1.69057,0.1206,"yfs_retro"
"501",1992,7,1157.28,42.8702,3454.78,108.171,3.75504,0.194219,"yfs_retro"
"502",1993,7,1193.07,44.4143,3492.62,111.039,2.24147,0.143787,"yfs_retro"
"503",1994,7,1196.39,44.6169,3538.37,112.606,1.89179,0.131108,"yfs_retro"
"504",1995,7,1195.78,45.1612,3308.44,108.756,1.90407,0.131874,"yfs_retro"
"505",1996,7,1129.02,43.5523,3225.53,107.199,4.69665,0.226388,"yfs_retro"
"506",1997,7,1092.73,43.0576,3244.38,108.72,2.02933,0.136452,"yfs_retro"
"507",1998,7,1028.33,41.7323,2966.15,103.367,1.68411,0.121792,"yfs_retro"
"508",1999,7,1020.41,41.6128,2777.97,99.0144,2.06347,0.134772,"yfs_retro"
"509",2000,7,1007.34,41.294,2828.02,99.2569,2.89069,0.163908,"yfs_retro"
"510",2001,7,1003.53,40.9992,2751.65,97.331,1.87124,0.128846,"yfs_retro"
"511",2002,7,1002.12,40.7879,2793.39,97.5853,2.53639,0.156729,"yfs_retro"
"512",2003,7,1011.58,40.6868,3010.24,103.154,2.44556,0.156505,"yfs_retro"
"513",2004,7,1043.25,41.311,3222.04,108.976,3.81271,0.211775,"yfs_retro"
"514",2005,7,1059.98,41.6203,3326.66,111.979,1.68788,0.132496,"yfs_retro"
"515",2006,7,1081.37,42.4579,3299.88,112.236,1.92906,0.1516,"yfs_retro"
"516",2007,7,1087.17,43.0604,3295.22,113.786,2.3986,0.18453,"yfs_retro"
"517",2008,7,1062.84,43.0597,3144.84,111.689,2.2239,0.186737,"yfs_retro"
"518",2009,7,1027.08,42.6227,2961.96,108.8,2.59427,0.221578,"yfs_retro"
"519",2010,7,1002.26,42.3084,2991.29,111.189,3.69835,0.315401,"yfs_retro"
"520",2011,7,978.89,41.974,2997.54,113.581,1.26049,0.174601,"yfs_retro"
"521",2012,7,959.962,42.1801,2946.94,115.458,0.671084,0.137092,"yfs_retro"
"522",2013,7,947.229,42.875,2862.24,116.365,1.75547,0.292791,"yfs_retro"
"523",2014,7,901.37,42.9264,2637.93,112.885,2.64331,0.518386,"yfs_retro"
"524",2015,7,888.472,44.1982,2630.7,118.165,3.92014,1.03275,"yfs_retro"
"525",2016,7,884.057,45.6318,2754.15,129.367,3.02667,1.50122,"yfs_retro"
"526",2017,7,859.657,46.3463,2672.27,133.529,2.13396,1.41784,"yfs_retro"
"527",2018,7,855.966,48.0858,2748.76,150.23,2.33455,1.65124,"yfs_retro"
"528",2019,7,867.221,50.7065,2786.33,170.424,2.35635,1.68038,"yfs_retro"
"529",1954,8,965.158,125.231,2484.65,150.51,1.94993,0.302026,"yfs_retro"
"530",1955,8,974.459,118.628,2451.51,135.354,1.38866,0.358587,"yfs_retro"
"531",1956,8,965.754,110.28,2408.74,118.694,0.951048,0.21466,"yfs_retro"
"532",1957,8,941.927,101.091,2356.3,101.17,3.22487,0.360685,"yfs_retro"
"533",1958,8,906.162,91.643,2315.22,83.508,2.35051,0.189741,"yfs_retro"
"534",1959,8,832.051,80.3595,2268.91,66.9271,1.81088,0.132573,"yfs_retro"
"535",1960,8,652.714,63.4862,2090.6,52.5558,1.71342,0.122191,"yfs_retro"
"536",1961,8,361.924,44.4858,1649.19,38.3599,0.991699,0.0923027,"yfs_retro"
"537",1962,8,45.7095,21.9719,1140.42,24.7439,1.88664,0.125469,"yfs_retro"
"538",1963,8,11.8603,6.3099,801.564,16.2311,0.993851,0.0947979,"yfs_retro"
"539",1964,8,24.6204,8.90595,843.483,16.4884,0.920333,0.0889508,"yfs_retro"
"540",1965,8,48.3918,11.417,838.642,16.4293,1.19106,0.104112,"yfs_retro"
"541",1966,8,86.0209,13.4654,887.269,17.3219,1.21421,0.111661,"yfs_retro"
"542",1967,8,118.571,13.0219,876.553,17.9159,2.54748,0.175772,"yfs_retro"
"543",1968,8,139.155,12.5742,803.736,17.9078,3.89245,0.228124,"yfs_retro"
"544",1969,8,143.969,14.1444,838.578,19.7108,3.98456,0.235905,"yfs_retro"
"545",1970,8,113.134,9.29356,811.896,21.3468,5.25379,0.274496,"yfs_retro"
"546",1971,8,97.6957,7.05274,876.63,24.6442,5.8402,0.287899,"yfs_retro"
"547",1972,8,80.0979,6.66613,948.363,28.8037,4.59227,0.2477,"yfs_retro"
"548",1973,8,81.6196,7.21945,1203.68,34.7577,3.1814,0.197379,"yfs_retro"
"549",1974,8,90.6866,7.79174,1455.07,41.2423,4.27908,0.224891,"yfs_retro"
"550",1975,8,143.051,10.3837,1816.73,49.4961,5.02676,0.240132,"yfs_retro"
"551",1976,8,203.863,12.5575,2129.02,56.8596,3.30642,0.188317,"yfs_retro"
"552",1977,8,296.593,15.5959,2445.17,63.9194,4.16333,0.213705,"yfs_retro"
"553",1978,8,413.333,18.7956,2746.13,70.5373,2.72694,0.167584,"yfs_retro"
"554",1979,8,531.772,22.1104,2911.62,76.0391,1.74233,0.131091,"yfs_retro"
"555",1980,8,663.688,25.5796,3099.08,81.0066,3.37191,0.185276,"yfs_retro"
"556",1981,8,785.482,28.8775,3270.07,85.2298,2.51542,0.157599,"yfs_retro"
"557",1982,8,853.817,30.3351,3387.39,87.2945,7.2899,0.294529,"yfs_retro"
"558",1983,8,956.448,32.7034,3366.06,87.9943,1.34937,0.11289,"yfs_retro"
"559",1984,8,1037.19,34.4489,3597.53,93.7199,6.03681,0.260114,"yfs_retro"
"560",1985,8,1085.28,36.3109,3610.28,96.7305,2.08803,0.139733,"yfs_retro"
"561",1986,8,1072.29,37.061,3322.84,93.812,1.6038,0.119642,"yfs_retro"
"562",1987,8,1066.03,38.2882,3286.43,96.2225,2.19146,0.139631,"yfs_retro"
"563",1988,8,1008.21,37.8333,3191.39,96.2265,3.00491,0.166514,"yfs_retro"
"564",1989,8,981.091,38.46,3253.77,101.018,3.00665,0.166024,"yfs_retro"
"565",1990,8,992.275,38.9956,3118.97,99.3842,1.50318,0.112241,"yfs_retro"
"566",1991,8,1073.95,40.8247,3241.29,102.608,1.69057,0.1206,"yfs_retro"
"567",1992,8,1157.28,42.8702,3454.78,108.171,3.75504,0.194219,"yfs_retro"
"568",1993,8,1193.07,44.4143,3492.62,111.039,2.24147,0.143787,"yfs_retro"
"569",1994,8,1196.39,44.6169,3538.37,112.606,1.89179,0.131108,"yfs_retro"
"570",1995,8,1195.78,45.1612,3308.44,108.756,1.90407,0.131874,"yfs_retro"
"571",1996,8,1129.02,43.5523,3225.53,107.199,4.69665,0.226388,"yfs_retro"
"572",1997,8,1092.73,43.0576,3244.38,108.72,2.02933,0.136452,"yfs_retro"
"573",1998,8,1028.33,41.7323,2966.15,103.367,1.68411,0.121792,"yfs_retro"
"574",1999,8,1020.41,41.6128,2777.97,99.0144,2.06347,0.134772,"yfs_retro"
"575",2000,8,1007.34,41.294,2828.02,99.2569,2.89069,0.163908,"yfs_retro"
"576",2001,8,1003.53,40.9992,2751.65,97.331,1.87124,0.128846,"yfs_retro"
"577",2002,8,1002.12,40.7879,2793.39,97.5853,2.53639,0.156729,"yfs_retro"
"578",2003,8,1011.58,40.6868,3010.24,103.154,2.44556,0.156505,"yfs_retro"
"579",2004,8,1043.25,41.311,3222.04,108.976,3.81271,0.211775,"yfs_retro"
"580",2005,8,1059.98,41.6203,3326.66,111.979,1.68788,0.132496,"yfs_retro"
"581",2006,8,1081.37,42.4579,3299.88,112.236,1.92906,0.1516,"yfs_retro"
"582",2007,8,1087.17,43.0604,3295.22,113.786,2.3986,0.18453,"yfs_retro"
"583",2008,8,1062.84,43.0597,3144.84,111.689,2.2239,0.186737,"yfs_retro"
"584",2009,8,1027.08,42.6227,2961.96,108.8,2.59427,0.221578,"yfs_retro"
"585",2010,8,1002.26,42.3084,2991.29,111.189,3.69835,0.315401,"yfs_retro"
"586",2011,8,978.89,41.974,2997.54,113.581,1.26049,0.174601,"yfs_retro"
"587",2012,8,959.962,42.1801,2946.94,115.458,0.671084,0.137092,"yfs_retro"
"588",2013,8,947.229,42.875,2862.24,116.365,1.75547,0.292791,"yfs_retro"
"589",2014,8,901.37,42.9264,2637.93,112.885,2.64331,0.518386,"yfs_retro"
"590",2015,8,888.472,44.1982,2630.7,118.165,3.92014,1.03275,"yfs_retro"
"591",2016,8,884.057,45.6318,2754.15,129.367,3.02667,1.50122,"yfs_retro"
"592",2017,8,859.657,46.3463,2672.27,133.529,2.13396,1.41784,"yfs_retro"
"593",2018,8,855.966,48.0858,2748.76,150.23,2.33455,1.65124,"yfs_retro"
"594",2019,8,867.221,50.7065,2786.33,170.424,2.35635,1.68038,"yfs_retro"
"595",1954,9,965.158,125.231,2484.65,150.51,1.94993,0.302026,"yfs_retro"
"596",1955,9,974.459,118.628,2451.51,135.354,1.38866,0.358587,"yfs_retro"
"597",1956,9,965.754,110.28,2408.74,118.694,0.951048,0.21466,"yfs_retro"
"598",1957,9,941.927,101.091,2356.3,101.17,3.22487,0.360685,"yfs_retro"
"599",1958,9,906.162,91.643,2315.22,83.508,2.35051,0.189741,"yfs_retro"
"600",1959,9,832.051,80.3595,2268.91,66.9271,1.81088,0.132573,"yfs_retro"
"601",1960,9,652.714,63.4862,2090.6,52.5558,1.71342,0.122191,"yfs_retro"
"602",1961,9,361.924,44.4858,1649.19,38.3599,0.991699,0.0923027,"yfs_retro"
"603",1962,9,45.7095,21.9719,1140.42,24.7439,1.88664,0.125469,"yfs_retro"
"604",1963,9,11.8603,6.3099,801.564,16.2311,0.993851,0.0947979,"yfs_retro"
"605",1964,9,24.6204,8.90595,843.483,16.4884,0.920333,0.0889508,"yfs_retro"
"606",1965,9,48.3918,11.417,838.642,16.4293,1.19106,0.104112,"yfs_retro"
"607",1966,9,86.0209,13.4654,887.269,17.3219,1.21421,0.111661,"yfs_retro"
"608",1967,9,118.571,13.0219,876.553,17.9159,2.54748,0.175772,"yfs_retro"
"609",1968,9,139.155,12.5742,803.736,17.9078,3.89245,0.228124,"yfs_retro"
"610",1969,9,143.969,14.1444,838.578,19.7108,3.98456,0.235905,"yfs_retro"
"611",1970,9,113.134,9.29356,811.896,21.3468,5.25379,0.274496,"yfs_retro"
"612",1971,9,97.6957,7.05274,876.63,24.6442,5.8402,0.287899,"yfs_retro"
"613",1972,9,80.0979,6.66613,948.363,28.8037,4.59227,0.2477,"yfs_retro"
"614",1973,9,81.6196,7.21945,1203.68,34.7577,3.1814,0.197379,"yfs_retro"
"615",1974,9,90.6866,7.79174,1455.07,41.2423,4.27908,0.224891,"yfs_retro"
"616",1975,9,143.051,10.3837,1816.73,49.4961,5.02676,0.240132,"yfs_retro"
"617",1976,9,203.863,12.5575,2129.02,56.8596,3.30642,0.188317,"yfs_retro"
"618",1977,9,296.593,15.5959,2445.17,63.9194,4.16333,0.213705,"yfs_retro"
"619",1978,9,413.333,18.7956,2746.13,70.5373,2.72694,0.167584,"yfs_retro"
"620",1979,9,531.772,22.1104,2911.62,76.0391,1.74233,0.131091,"yfs_retro"
"621",1980,9,663.688,25.5796,3099.08,81.0066,3.37191,0.185276,"yfs_retro"
"622",1981,9,785.482,28.8775,3270.07,85.2298,2.51542,0.157599,"yfs_retro"
"623",1982,9,853.817,30.3351,3387.39,87.2945,7.2899,0.294529,"yfs_retro"
"624",1983,9,956.448,32.7034,3366.06,87.9943,1.34937,0.11289,"yfs_retro"
"625",1984,9,1037.19,34.4489,3597.53,93.7199,6.03681,0.260114,"yfs_retro"
"626",1985,9,1085.28,36.3109,3610.28,96.7305,2.08803,0.139733,"yfs_retro"
"627",1986,9,1072.29,37.061,3322.84,93.812,1.6038,0.119642,"yfs_retro"
"628",1987,9,1066.03,38.2882,3286.43,96.2225,2.19146,0.139631,"yfs_retro"
"629",1988,9,1008.21,37.8333,3191.39,96.2265,3.00491,0.166514,"yfs_retro"
"630",1989,9,981.091,38.46,3253.77,101.018,3.00665,0.166024,"yfs_retro"
"631",1990,9,992.275,38.9956,3118.97,99.3842,1.50318,0.112241,"yfs_retro"
"632",1991,9,1073.95,40.8247,3241.29,102.608,1.69057,0.1206,"yfs_retro"
"633",1992,9,1157.28,42.8702,3454.78,108.171,3.75504,0.194219,"yfs_retro"
"634",1993,9,1193.07,44.4143,3492.62,111.039,2.24147,0.143787,"yfs_retro"
"635",1994,9,1196.39,44.6169,3538.37,112.606,1.89179,0.131108,"yfs_retro"
"636",1995,9,1195.78,45.1612,3308.44,108.756,1.90407,0.131874,"yfs_retro"
"637",1996,9,1129.02,43.5523,3225.53,107.199,4.69665,0.226388,"yfs_retro"
"638",1997,9,1092.73,43.0576,3244.38,108.72,2.02933,0.136452,"yfs_retro"
"639",1998,9,1028.33,41.7323,2966.15,103.367,1.68411,0.121792,"yfs_retro"
"640",1999,9,1020.41,41.6128,2777.97,99.0144,2.06347,0.134772,"yfs_retro"
"641",2000,9,1007.34,41.294,2828.02,99.2569,2.89069,0.163908,"yfs_retro"
"642",2001,9,1003.53,40.9992,2751.65,97.331,1.87124,0.128846,"yfs_retro"
"643",2002,9,1002.12,40.7879,2793.39,97.5853,2.53639,0.156729,"yfs_retro"
"644",2003,9,1011.58,40.6868,3010.24,103.154,2.44556,0.156505,"yfs_retro"
"645",2004,9,1043.25,41.311,3222.04,108.976,3.81271,0.211775,"yfs_retro"
"646",2005,9,1059.98,41.6203,3326.66,111.979,1.68788,0.132496,"yfs_retro"
"647",2006,9,1081.37,42.4579,3299.88,112.236,1.92906,0.1516,"yfs_retro"
"648",2007,9,1087.17,43.0604,3295.22,113.786,2.3986,0.18453,"yfs_retro"
"649",2008,9,1062.84,43.0597,3144.84,111.689,2.2239,0.186737,"yfs_retro"
"650",2009,9,1027.08,42.6227,2961.96,108.8,2.59427,0.221578,"yfs_retro"
"651",2010,9,1002.26,42.3084,2991.29,111.189,3.69835,0.315401,"yfs_retro"
"652",2011,9,978.89,41.974,2997.54,113.581,1.26049,0.174601,"yfs_retro"
"653",2012,9,959.962,42.1801,2946.94,115.458,0.671084,0.137092,"yfs_retro"
"654",2013,9,947.229,42.875,2862.24,116.365,1.75547,0.292791,"yfs_retro"
"655",2014,9,901.37,42.9264,2637.93,112.885,2.64331,0.518386,"yfs_retro"
"656",2015,9,888.472,44.1982,2630.7,118.165,3.92014,1.03275,"yfs_retro"
"657",2016,9,884.057,45.6318,2754.15,129.367,3.02667,1.50122,"yfs_retro"
"658",2017,9,859.657,46.3463,2672.27,133.529,2.13396,1.41784,"yfs_retro"
"659",2018,9,855.966,48.0858,2748.76,150.23,2.33455,1.65124,"yfs_retro"
"660",2019,9,867.221,50.7065,2786.33,170.424,2.35635,1.68038,"yfs_retro"
"661",1954,10,965.158,125.231,2484.65,150.51,1.94993,0.302026,"yfs_retro"
"662",1955,10,974.459,118.628,2451.51,135.354,1.38866,0.358587,"yfs_retro"
"663",1956,10,965.754,110.28,2408.74,118.694,0.951048,0.21466,"yfs_retro"
"664",1957,10,941.927,101.091,2356.3,101.17,3.22487,0.360685,"yfs_retro"
"665",1958,10,906.162,91.643,2315.22,83.508,2.35051,0.189741,"yfs_retro"
"666",1959,10,832.051,80.3595,2268.91,66.9271,1.81088,0.132573,"yfs_retro"
"667",1960,10,652.714,63.4862,2090.6,52.5558,1.71342,0.122191,"yfs_retro"
"668",1961,10,361.924,44.4858,1649.19,38.3599,0.991699,0.0923027,"yfs_retro"
"669",1962,10,45.7095,21.9719,1140.42,24.7439,1.88664,0.125469,"yfs_retro"
"670",1963,10,11.8603,6.3099,801.564,16.2311,0.993851,0.0947979,"yfs_retro"
"671",1964,10,24.6204,8.90595,843.483,16.4884,0.920333,0.0889508,"yfs_retro"
"672",1965,10,48.3918,11.417,838.642,16.4293,1.19106,0.104112,"yfs_retro"
"673",1966,10,86.0209,13.4654,887.269,17.3219,1.21421,0.111661,"yfs_retro"
"674",1967,10,118.571,13.0219,876.553,17.9159,2.54748,0.175772,"yfs_retro"
"675",1968,10,139.155,12.5742,803.736,17.9078,3.89245,0.228124,"yfs_retro"
"676",1969,10,143.969,14.1444,838.578,19.7108,3.98456,0.235905,"yfs_retro"
"677",1970,10,113.134,9.29356,811.896,21.3468,5.25379,0.274496,"yfs_retro"
"678",1971,10,97.6957,7.05274,876.63,24.6442,5.8402,0.287899,"yfs_retro"
"679",1972,10,80.0979,6.66613,948.363,28.8037,4.59227,0.2477,"yfs_retro"
"680",1973,10,81.6196,7.21945,1203.68,34.7577,3.1814,0.197379,"yfs_retro"
"681",1974,10,90.6866,7.79174,1455.07,41.2423,4.27908,0.224891,"yfs_retro"
"682",1975,10,143.051,10.3837,1816.73,49.4961,5.02676,0.240132,"yfs_retro"
"683",1976,10,203.863,12.5575,2129.02,56.8596,3.30642,0.188317,"yfs_retro"
"684",1977,10,296.593,15.5959,2445.17,63.9194,4.16333,0.213705,"yfs_retro"
"685",1978,10,413.333,18.7956,2746.13,70.5373,2.72694,0.167584,"yfs_retro"
"686",1979,10,531.772,22.1104,2911.62,76.0391,1.74233,0.131091,"yfs_retro"
"687",1980,10,663.688,25.5796,3099.08,81.0066,3.37191,0.185276,"yfs_retro"
"688",1981,10,785.482,28.8775,3270.07,85.2298,2.51542,0.157599,"yfs_retro"
"689",1982,10,853.817,30.3351,3387.39,87.2945,7.2899,0.294529,"yfs_retro"
"690",1983,10,956.448,32.7034,3366.06,87.9943,1.34937,0.11289,"yfs_retro"
"691",1984,10,1037.19,34.4489,3597.53,93.7199,6.03681,0.260114,"yfs_retro"
"692",1985,10,1085.28,36.3109,3610.28,96.7305,2.08803,0.139733,"yfs_retro"
"693",1986,10,1072.29,37.061,3322.84,93.812,1.6038,0.119642,"yfs_retro"
"694",1987,10,1066.03,38.2882,3286.43,96.2225,2.19146,0.139631,"yfs_retro"
"695",1988,10,1008.21,37.8333,3191.39,96.2265,3.00491,0.166514,"yfs_retro"
"696",1989,10,981.091,38.46,3253.77,101.018,3.00665,0.166024,"yfs_retro"
"697",1990,10,992.275,38.9956,3118.97,99.3842,1.50318,0.112241,"yfs_retro"
"698",1991,10,1073.95,40.8247,3241.29,102.608,1.69057,0.1206,"yfs_retro"
"699",1992,10,1157.28,42.8702,3454.78,108.171,3.75504,0.194219,"yfs_retro"
"700",1993,10,1193.07,44.4143,3492.62,111.039,2.24147,0.143787,"yfs_retro"
"701",1994,10,1196.39,44.6169,3538.37,112.606,1.89179,0.131108,"yfs_retro"
"702",1995,10,1195.78,45.1612,3308.44,108.756,1.90407,0.131874,"yfs_retro"
"703",1996,10,1129.02,43.5523,3225.53,107.199,4.69665,0.226388,"yfs_retro"
"704",1997,10,1092.73,43.0576,3244.38,108.72,2.02933,0.136452,"yfs_retro"
"705",1998,10,1028.33,41.7323,2966.15,103.367,1.68411,0.121792,"yfs_retro"
"706",1999,10,1020.41,41.6128,2777.97,99.0144,2.06347,0.134772,"yfs_retro"
"707",2000,10,1007.34,41.294,2828.02,99.2569,2.89069,0.163908,"yfs_retro"
"708",2001,10,1003.53,40.9992,2751.65,97.331,1.87124,0.128846,"yfs_retro"
"709",2002,10,1002.12,40.7879,2793.39,97.5853,2.53639,0.156729,"yfs_retro"
"710",2003,10,1011.58,40.6868,3010.24,103.154,2.44556,0.156505,"yfs_retro"
"711",2004,10,1043.25,41.311,3222.04,108.976,3.81271,0.211775,"yfs_retro"
"712",2005,10,1059.98,41.6203,3326.66,111.979,1.68788,0.132496,"yfs_retro"
"713",2006,10,1081.37,42.4579,3299.88,112.236,1.92906,0.1516,"yfs_retro"
"714",2007,10,1087.17,43.0604,3295.22,113.786,2.3986,0.18453,"yfs_retro"
"715",2008,10,1062.84,43.0597,3144.84,111.689,2.2239,0.186737,"yfs_retro"
"716",2009,10,1027.08,42.6227,2961.96,108.8,2.59427,0.221578,"yfs_retro"
"717",2010,10,1002.26,42.3084,2991.29,111.189,3.69835,0.315401,"yfs_retro"
"718",2011,10,978.89,41.974,2997.54,113.581,1.26049,0.174601,"yfs_retro"
"719",2012,10,959.962,42.1801,2946.94,115.458,0.671084,0.137092,"yfs_retro"
"720",2013,10,947.229,42.875,2862.24,116.365,1.75547,0.292791,"yfs_retro"
"721",2014,10,901.37,42.9264,2637.93,112.885,2.64331,0.518386,"yfs_retro"
"722",2015,10,888.472,44.1982,2630.7,118.165,3.92014,1.03275,"yfs_retro"
"723",2016,10,884.057,45.6318,2754.15,129.367,3.02667,1.50122,"yfs_retro"
"724",2017,10,859.657,46.3463,2672.27,133.529,2.13396,1.41784,"yfs_retro"
"725",2018,10,855.966,48.0858,2748.76,150.23,2.33455,1.65124,"yfs_retro"
"726",2019,10,867.221,50.7065,2786.33,170.424,2.35635,1.68038,"yfs_retro"
